{
  "dataset_revision": "fd7df84ac089bbec763b1c6bb1b56e985df5cc5c",
  "task_name": "AutoRAGRetrieval",
  "mteb_version": "1.15.4",
  "scores": {
    "test": [
      {
        "ndcg_at_1": 0.82456,
        "ndcg_at_3": 0.90622,
        "ndcg_at_5": 0.91,
        "ndcg_at_10": 0.91902,
        "ndcg_at_20": 0.91902,
        "ndcg_at_100": 0.91902,
        "ndcg_at_1000": 0.91902,
        "map_at_1": 0.82456,
        "map_at_3": 0.88596,
        "map_at_5": 0.88816,
        "map_at_10": 0.89218,
        "map_at_20": 0.89218,
        "map_at_100": 0.89218,
        "map_at_1000": 0.89218,
        "recall_at_1": 0.82456,
        "recall_at_3": 0.96491,
        "recall_at_5": 0.97368,
        "recall_at_10": 1.0,
        "recall_at_20": 1.0,
        "recall_at_100": 1.0,
        "recall_at_1000": 1.0,
        "precision_at_1": 0.82456,
        "precision_at_3": 0.32164,
        "precision_at_5": 0.19474,
        "precision_at_10": 0.1,
        "precision_at_20": 0.05,
        "precision_at_100": 0.01,
        "precision_at_1000": 0.001,
        "mrr_at_1": 0.824561,
        "mrr_at_3": 0.885965,
        "mrr_at_5": 0.888158,
        "mrr_at_10": 0.892178,
        "mrr_at_20": 0.892178,
        "mrr_at_100": 0.892178,
        "mrr_at_1000": 0.892178,
        "nauc_ndcg_at_1_max": 0.337208,
        "nauc_ndcg_at_1_std": 0.011643,
        "nauc_ndcg_at_1_diff1": 0.867116,
        "nauc_ndcg_at_3_max": 0.410701,
        "nauc_ndcg_at_3_std": 0.053101,
        "nauc_ndcg_at_3_diff1": 0.846687,
        "nauc_ndcg_at_5_max": 0.404388,
        "nauc_ndcg_at_5_std": 0.062849,
        "nauc_ndcg_at_5_diff1": 0.839968,
        "nauc_ndcg_at_10_max": 0.381141,
        "nauc_ndcg_at_10_std": 0.04342,
        "nauc_ndcg_at_10_diff1": 0.85526,
        "nauc_ndcg_at_20_max": 0.381141,
        "nauc_ndcg_at_20_std": 0.04342,
        "nauc_ndcg_at_20_diff1": 0.85526,
        "nauc_ndcg_at_100_max": 0.381141,
        "nauc_ndcg_at_100_std": 0.04342,
        "nauc_ndcg_at_100_diff1": 0.85526,
        "nauc_ndcg_at_1000_max": 0.381141,
        "nauc_ndcg_at_1000_std": 0.04342,
        "nauc_ndcg_at_1000_diff1": 0.85526,
        "nauc_map_at_1_max": 0.337208,
        "nauc_map_at_1_std": 0.011643,
        "nauc_map_at_1_diff1": 0.867116,
        "nauc_map_at_3_max": 0.390388,
        "nauc_map_at_3_std": 0.044034,
        "nauc_map_at_3_diff1": 0.854392,
        "nauc_map_at_5_max": 0.387009,
        "nauc_map_at_5_std": 0.048419,
        "nauc_map_at_5_diff1": 0.851399,
        "nauc_map_at_10_max": 0.378062,
        "nauc_map_at_10_std": 0.041135,
        "nauc_map_at_10_diff1": 0.856675,
        "nauc_map_at_20_max": 0.378062,
        "nauc_map_at_20_std": 0.041135,
        "nauc_map_at_20_diff1": 0.856675,
        "nauc_map_at_100_max": 0.378062,
        "nauc_map_at_100_std": 0.041135,
        "nauc_map_at_100_diff1": 0.856675,
        "nauc_map_at_1000_max": 0.378062,
        "nauc_map_at_1000_std": 0.041135,
        "nauc_map_at_1000_diff1": 0.856675,
        "nauc_recall_at_1_max": 0.337208,
        "nauc_recall_at_1_std": 0.011643,
        "nauc_recall_at_1_diff1": 0.867116,
        "nauc_recall_at_3_max": 0.584209,
        "nauc_recall_at_3_std": 0.126497,
        "nauc_recall_at_3_diff1": 0.77738,
        "nauc_recall_at_5_max": 0.594025,
        "nauc_recall_at_5_std": 0.225105,
        "nauc_recall_at_5_diff1": 0.703173,
        "nauc_recall_at_10_max": NaN,
        "nauc_recall_at_10_std": NaN,
        "nauc_recall_at_10_diff1": NaN,
        "nauc_recall_at_20_max": NaN,
        "nauc_recall_at_20_std": NaN,
        "nauc_recall_at_20_diff1": NaN,
        "nauc_recall_at_100_max": NaN,
        "nauc_recall_at_100_std": NaN,
        "nauc_recall_at_100_diff1": NaN,
        "nauc_recall_at_1000_max": NaN,
        "nauc_recall_at_1000_std": NaN,
        "nauc_recall_at_1000_diff1": NaN,
        "nauc_precision_at_1_max": 0.337208,
        "nauc_precision_at_1_std": 0.011643,
        "nauc_precision_at_1_diff1": 0.867116,
        "nauc_precision_at_3_max": 0.584209,
        "nauc_precision_at_3_std": 0.126497,
        "nauc_precision_at_3_diff1": 0.77738,
        "nauc_precision_at_5_max": 0.594025,
        "nauc_precision_at_5_std": 0.225105,
        "nauc_precision_at_5_diff1": 0.703173,
        "nauc_precision_at_10_max": 1.0,
        "nauc_precision_at_10_std": 1.0,
        "nauc_precision_at_10_diff1": 1.0,
        "nauc_precision_at_20_max": 1.0,
        "nauc_precision_at_20_std": 1.0,
        "nauc_precision_at_20_diff1": 1.0,
        "nauc_precision_at_100_max": 1.0,
        "nauc_precision_at_100_std": 1.0,
        "nauc_precision_at_100_diff1": 1.0,
        "nauc_precision_at_1000_max": 1.0,
        "nauc_precision_at_1000_std": 1.0,
        "nauc_precision_at_1000_diff1": 1.0,
        "nauc_mrr_at_1_max": 0.337208,
        "nauc_mrr_at_1_std": 0.011643,
        "nauc_mrr_at_1_diff1": 0.867116,
        "nauc_mrr_at_3_max": 0.390388,
        "nauc_mrr_at_3_std": 0.044034,
        "nauc_mrr_at_3_diff1": 0.854392,
        "nauc_mrr_at_5_max": 0.387009,
        "nauc_mrr_at_5_std": 0.048419,
        "nauc_mrr_at_5_diff1": 0.851399,
        "nauc_mrr_at_10_max": 0.378062,
        "nauc_mrr_at_10_std": 0.041135,
        "nauc_mrr_at_10_diff1": 0.856675,
        "nauc_mrr_at_20_max": 0.378062,
        "nauc_mrr_at_20_std": 0.041135,
        "nauc_mrr_at_20_diff1": 0.856675,
        "nauc_mrr_at_100_max": 0.378062,
        "nauc_mrr_at_100_std": 0.041135,
        "nauc_mrr_at_100_diff1": 0.856675,
        "nauc_mrr_at_1000_max": 0.378062,
        "nauc_mrr_at_1000_std": 0.041135,
        "nauc_mrr_at_1000_diff1": 0.856675,
        "main_score": 0.91902,
        "hf_subset": "default",
        "languages": [
          "kor-Hang"
        ]
      }
    ]
  },
  "evaluation_time": 22.114775896072388,
  "kg_co2_emissions": null
}