{
  "dataset_revision": "75b399394a9803252cfec289d103de462763db7c",
  "task_name": "BelebeleRetrieval",
  "mteb_version": "1.15.4",
  "scores": {
    "test": [
      {
        "ndcg_at_1": 0.78222,
        "ndcg_at_3": 0.84405,
        "ndcg_at_5": 0.85293,
        "ndcg_at_10": 0.8637,
        "ndcg_at_20": 0.86968,
        "ndcg_at_100": 0.87383,
        "ndcg_at_1000": 0.87564,
        "map_at_1": 0.78222,
        "map_at_3": 0.82926,
        "map_at_5": 0.83404,
        "map_at_10": 0.83869,
        "map_at_20": 0.84037,
        "map_at_100": 0.84103,
        "map_at_1000": 0.84109,
        "recall_at_1": 0.78222,
        "recall_at_3": 0.88667,
        "recall_at_5": 0.90889,
        "recall_at_10": 0.94111,
        "recall_at_20": 0.96444,
        "recall_at_100": 0.98556,
        "recall_at_1000": 1.0,
        "precision_at_1": 0.78222,
        "precision_at_3": 0.29556,
        "precision_at_5": 0.18178,
        "precision_at_10": 0.09411,
        "precision_at_20": 0.04822,
        "precision_at_100": 0.00986,
        "precision_at_1000": 0.001,
        "mrr_at_1": 0.782222,
        "mrr_at_3": 0.829259,
        "mrr_at_5": 0.834037,
        "mrr_at_10": 0.838688,
        "mrr_at_20": 0.84037,
        "mrr_at_100": 0.841029,
        "mrr_at_1000": 0.841089,
        "nauc_ndcg_at_1_max": 0.838901,
        "nauc_ndcg_at_1_std": 0.344341,
        "nauc_ndcg_at_1_diff1": 0.896074,
        "nauc_ndcg_at_3_max": 0.853703,
        "nauc_ndcg_at_3_std": 0.381311,
        "nauc_ndcg_at_3_diff1": 0.869634,
        "nauc_ndcg_at_5_max": 0.849949,
        "nauc_ndcg_at_5_std": 0.372425,
        "nauc_ndcg_at_5_diff1": 0.869588,
        "nauc_ndcg_at_10_max": 0.848982,
        "nauc_ndcg_at_10_std": 0.375781,
        "nauc_ndcg_at_10_diff1": 0.86968,
        "nauc_ndcg_at_20_max": 0.848929,
        "nauc_ndcg_at_20_std": 0.371281,
        "nauc_ndcg_at_20_diff1": 0.872812,
        "nauc_ndcg_at_100_max": 0.848726,
        "nauc_ndcg_at_100_std": 0.372437,
        "nauc_ndcg_at_100_diff1": 0.873097,
        "nauc_ndcg_at_1000_max": 0.848379,
        "nauc_ndcg_at_1000_std": 0.370307,
        "nauc_ndcg_at_1000_diff1": 0.874908,
        "nauc_map_at_1_max": 0.838901,
        "nauc_map_at_1_std": 0.344341,
        "nauc_map_at_1_diff1": 0.896074,
        "nauc_map_at_3_max": 0.849574,
        "nauc_map_at_3_std": 0.371121,
        "nauc_map_at_3_diff1": 0.876483,
        "nauc_map_at_5_max": 0.847585,
        "nauc_map_at_5_std": 0.366327,
        "nauc_map_at_5_diff1": 0.876696,
        "nauc_map_at_10_max": 0.847112,
        "nauc_map_at_10_std": 0.367123,
        "nauc_map_at_10_diff1": 0.876842,
        "nauc_map_at_20_max": 0.84717,
        "nauc_map_at_20_std": 0.36627,
        "nauc_map_at_20_diff1": 0.877728,
        "nauc_map_at_100_max": 0.847171,
        "nauc_map_at_100_std": 0.366376,
        "nauc_map_at_100_diff1": 0.877864,
        "nauc_map_at_1000_max": 0.847168,
        "nauc_map_at_1000_std": 0.366353,
        "nauc_map_at_1000_diff1": 0.877911,
        "nauc_recall_at_1_max": 0.838901,
        "nauc_recall_at_1_std": 0.344341,
        "nauc_recall_at_1_diff1": 0.896074,
        "nauc_recall_at_3_max": 0.870619,
        "nauc_recall_at_3_std": 0.422975,
        "nauc_recall_at_3_diff1": 0.841914,
        "nauc_recall_at_5_max": 0.860519,
        "nauc_recall_at_5_std": 0.399957,
        "nauc_recall_at_5_diff1": 0.835206,
        "nauc_recall_at_10_max": 0.860649,
        "nauc_recall_at_10_std": 0.440683,
        "nauc_recall_at_10_diff1": 0.818456,
        "nauc_recall_at_20_max": 0.864758,
        "nauc_recall_at_20_std": 0.413793,
        "nauc_recall_at_20_diff1": 0.824492,
        "nauc_recall_at_100_max": 0.874309,
        "nauc_recall_at_100_std": 0.528406,
        "nauc_recall_at_100_diff1": 0.755082,
        "nauc_recall_at_1000_max": NaN,
        "nauc_recall_at_1000_std": NaN,
        "nauc_recall_at_1000_diff1": NaN,
        "nauc_precision_at_1_max": 0.838901,
        "nauc_precision_at_1_std": 0.344341,
        "nauc_precision_at_1_diff1": 0.896074,
        "nauc_precision_at_3_max": 0.870619,
        "nauc_precision_at_3_std": 0.422975,
        "nauc_precision_at_3_diff1": 0.841914,
        "nauc_precision_at_5_max": 0.860519,
        "nauc_precision_at_5_std": 0.399957,
        "nauc_precision_at_5_diff1": 0.835206,
        "nauc_precision_at_10_max": 0.860649,
        "nauc_precision_at_10_std": 0.440683,
        "nauc_precision_at_10_diff1": 0.818456,
        "nauc_precision_at_20_max": 0.864758,
        "nauc_precision_at_20_std": 0.413793,
        "nauc_precision_at_20_diff1": 0.824492,
        "nauc_precision_at_100_max": 0.874309,
        "nauc_precision_at_100_std": 0.528406,
        "nauc_precision_at_100_diff1": 0.755082,
        "nauc_precision_at_1000_max": NaN,
        "nauc_precision_at_1000_std": NaN,
        "nauc_precision_at_1000_diff1": NaN,
        "nauc_mrr_at_1_max": 0.838901,
        "nauc_mrr_at_1_std": 0.344341,
        "nauc_mrr_at_1_diff1": 0.896074,
        "nauc_mrr_at_3_max": 0.849574,
        "nauc_mrr_at_3_std": 0.371121,
        "nauc_mrr_at_3_diff1": 0.876483,
        "nauc_mrr_at_5_max": 0.847585,
        "nauc_mrr_at_5_std": 0.366327,
        "nauc_mrr_at_5_diff1": 0.876696,
        "nauc_mrr_at_10_max": 0.847112,
        "nauc_mrr_at_10_std": 0.367123,
        "nauc_mrr_at_10_diff1": 0.876842,
        "nauc_mrr_at_20_max": 0.84717,
        "nauc_mrr_at_20_std": 0.36627,
        "nauc_mrr_at_20_diff1": 0.877728,
        "nauc_mrr_at_100_max": 0.847171,
        "nauc_mrr_at_100_std": 0.366376,
        "nauc_mrr_at_100_diff1": 0.877864,
        "nauc_mrr_at_1000_max": 0.847168,
        "nauc_mrr_at_1000_std": 0.366353,
        "nauc_mrr_at_1000_diff1": 0.877911,
        "main_score": 0.8637,
        "hf_subset": "kor_Hang-kor_Hang",
        "languages": [
          "kor-Hang",
          "kor-Hang"
        ]
      },
      {
        "ndcg_at_1": 0.07556,
        "ndcg_at_3": 0.09593,
        "ndcg_at_5": 0.10415,
        "ndcg_at_10": 0.1135,
        "ndcg_at_20": 0.11942,
        "ndcg_at_100": 0.1449,
        "ndcg_at_1000": 0.22763,
        "map_at_1": 0.07556,
        "map_at_3": 0.09037,
        "map_at_5": 0.09493,
        "map_at_10": 0.09879,
        "map_at_20": 0.10043,
        "map_at_100": 0.10325,
        "map_at_1000": 0.1059,
        "recall_at_1": 0.07556,
        "recall_at_3": 0.11222,
        "recall_at_5": 0.13222,
        "recall_at_10": 0.16111,
        "recall_at_20": 0.18444,
        "recall_at_100": 0.33222,
        "recall_at_1000": 1.0,
        "precision_at_1": 0.07556,
        "precision_at_3": 0.03741,
        "precision_at_5": 0.02644,
        "precision_at_10": 0.01611,
        "precision_at_20": 0.00922,
        "precision_at_100": 0.00332,
        "precision_at_1000": 0.001,
        "mrr_at_1": 0.075556,
        "mrr_at_3": 0.09037,
        "mrr_at_5": 0.094926,
        "mrr_at_10": 0.099036,
        "mrr_at_20": 0.100588,
        "mrr_at_100": 0.103601,
        "mrr_at_1000": 0.106379,
        "nauc_ndcg_at_1_max": 0.506136,
        "nauc_ndcg_at_1_std": 0.20608,
        "nauc_ndcg_at_1_diff1": 0.656288,
        "nauc_ndcg_at_3_max": 0.386614,
        "nauc_ndcg_at_3_std": 0.160721,
        "nauc_ndcg_at_3_diff1": 0.480044,
        "nauc_ndcg_at_5_max": 0.36399,
        "nauc_ndcg_at_5_std": 0.151629,
        "nauc_ndcg_at_5_diff1": 0.448531,
        "nauc_ndcg_at_10_max": 0.350586,
        "nauc_ndcg_at_10_std": 0.163002,
        "nauc_ndcg_at_10_diff1": 0.429413,
        "nauc_ndcg_at_20_max": 0.336105,
        "nauc_ndcg_at_20_std": 0.168412,
        "nauc_ndcg_at_20_diff1": 0.411772,
        "nauc_ndcg_at_100_max": 0.31684,
        "nauc_ndcg_at_100_std": 0.170246,
        "nauc_ndcg_at_100_diff1": 0.376399,
        "nauc_ndcg_at_1000_max": 0.348497,
        "nauc_ndcg_at_1000_std": 0.169265,
        "nauc_ndcg_at_1000_diff1": 0.425368,
        "nauc_map_at_1_max": 0.506136,
        "nauc_map_at_1_std": 0.20608,