{
  "dataset_revision": "d243889a3eb6654029dbd7e7f9319ae31d58f97c",
  "task_name": "Ko-StrategyQA",
  "mteb_version": "1.15.4",
  "scores": {
    "dev": [
      {
        "ndcg_at_1": 0.46453,
        "ndcg_at_3": 0.49558,
        "ndcg_at_5": 0.53325,
        "ndcg_at_10": 0.57108,
        "ndcg_at_20": 0.58578,
        "ndcg_at_100": 0.6045,
        "ndcg_at_1000": 0.61231,
        "map_at_1": 0.30168,
        "map_at_3": 0.44589,
        "map_at_5": 0.47254,
        "map_at_10": 0.49351,
        "map_at_20": 0.4996,
        "map_at_100": 0.50329,
        "map_at_1000": 0.50374,
        "recall_at_1": 0.30168,
        "recall_at_3": 0.52566,
        "recall_at_5": 0.60565,
        "recall_at_10": 0.70283,
        "recall_at_20": 0.7483,
        "recall_at_100": 0.8282,
        "recall_at_1000": 0.87534,
        "precision_at_1": 0.46453,
        "precision_at_3": 0.29786,
        "precision_at_5": 0.21047,
        "precision_at_10": 0.12449,
        "precision_at_20": 0.06748,
        "precision_at_100": 0.01532,
        "precision_at_1000": 0.00165,
        "mrr_at_1": 0.464527,
        "mrr_at_3": 0.553491,
        "mrr_at_5": 0.570805,
        "mrr_at_10": 0.580672,
        "mrr_at_20": 0.582542,
        "mrr_at_100": 0.583892,
        "mrr_at_1000": 0.584024,
        "nauc_ndcg_at_1_max": 0.496402,
        "nauc_ndcg_at_1_std": 0.209854,
        "nauc_ndcg_at_1_diff1": 0.496736,
        "nauc_ndcg_at_3_max": 0.449887,
        "nauc_ndcg_at_3_std": 0.198407,
        "nauc_ndcg_at_3_diff1": 0.370894,
        "nauc_ndcg_at_5_max": 0.47148,
        "nauc_ndcg_at_5_std": 0.222667,
        "nauc_ndcg_at_5_diff1": 0.373238,
        "nauc_ndcg_at_10_max": 0.49862,
        "nauc_ndcg_at_10_std": 0.257343,
        "nauc_ndcg_at_10_diff1": 0.373171,
        "nauc_ndcg_at_20_max": 0.505314,
        "nauc_ndcg_at_20_std": 0.269802,
        "nauc_ndcg_at_20_diff1": 0.371584,
        "nauc_ndcg_at_100_max": 0.505952,
        "nauc_ndcg_at_100_std": 0.288483,
        "nauc_ndcg_at_100_diff1": 0.369688,
        "nauc_ndcg_at_1000_max": 0.506977,
        "nauc_ndcg_at_1000_std": 0.287145,
        "nauc_ndcg_at_1000_diff1": 0.3744,
        "nauc_map_at_1_max": 0.324002,
        "nauc_map_at_1_std": 0.111287,
        "nauc_map_at_1_diff1": 0.438238,
        "nauc_map_at_3_max": 0.425132,
        "nauc_map_at_3_std": 0.17494,
        "nauc_map_at_3_diff1": 0.376546,
        "nauc_map_at_5_max": 0.444784,
        "nauc_map_at_5_std": 0.194874,
        "nauc_map_at_5_diff1": 0.380083,
        "nauc_map_at_10_max": 0.461232,
        "nauc_map_at_10_std": 0.214224,
        "nauc_map_at_10_diff1": 0.380298,
        "nauc_map_at_20_max": 0.464817,
        "nauc_map_at_20_std": 0.21959,
        "nauc_map_at_20_diff1": 0.380302,
        "nauc_map_at_100_max": 0.465669,
        "nauc_map_at_100_std": 0.223143,
        "nauc_map_at_100_diff1": 0.380276,
        "nauc_map_at_1000_max": 0.46589,
        "nauc_map_at_1000_std": 0.223139,
        "nauc_map_at_1000_diff1": 0.380674,
        "nauc_recall_at_1_max": 0.324002,
        "nauc_recall_at_1_std": 0.111287,
        "nauc_recall_at_1_diff1": 0.438238,
        "nauc_recall_at_3_max": 0.402494,
        "nauc_recall_at_3_std": 0.180973,
        "nauc_recall_at_3_diff1": 0.284236,
        "nauc_recall_at_5_max": 0.429449,
        "nauc_recall_at_5_std": 0.227292,
        "nauc_recall_at_5_diff1": 0.26864,
        "nauc_recall_at_10_max": 0.488868,
        "nauc_recall_at_10_std": 0.321941,
        "nauc_recall_at_10_diff1": 0.244533,
        "nauc_recall_at_20_max": 0.517982,
        "nauc_recall_at_20_std": 0.37917,
        "nauc_recall_at_20_diff1": 0.226225,
        "nauc_recall_at_100_max": 0.5272,
        "nauc_recall_at_100_std": 0.553589,
        "nauc_recall_at_100_diff1": 0.166611,
        "nauc_recall_at_1000_max": 0.568003,
        "nauc_recall_at_1000_std": 0.638644,
        "nauc_recall_at_1000_diff1": 0.174579,
        "nauc_precision_at_1_max": 0.496402,
        "nauc_precision_at_1_std": 0.209854,
        "nauc_precision_at_1_diff1": 0.496736,
        "nauc_precision_at_3_max": 0.463593,
        "nauc_precision_at_3_std": 0.253439,
        "nauc_precision_at_3_diff1": 0.217487,
        "nauc_precision_at_5_max": 0.46393,
        "nauc_precision_at_5_std": 0.292622,
        "nauc_precision_at_5_diff1": 0.186219,
        "nauc_precision_at_10_max": 0.448269,
        "nauc_precision_at_10_std": 0.335029,
        "nauc_precision_at_10_diff1": 0.125354,
        "nauc_precision_at_20_max": 0.413527,
        "nauc_precision_at_20_std": 0.337893,
        "nauc_precision_at_20_diff1": 0.090298,
        "nauc_precision_at_100_max": 0.336157,
        "nauc_precision_at_100_std": 0.35567,
        "nauc_precision_at_100_diff1": 0.027036,
        "nauc_precision_at_1000_max": 0.274048,
        "nauc_precision_at_1000_std": 0.309799,
        "nauc_precision_at_1000_diff1": 0.00342,
        "nauc_mrr_at_1_max": 0.496402,
        "nauc_mrr_at_1_std": 0.209854,
        "nauc_mrr_at_1_diff1": 0.496736,
        "nauc_mrr_at_3_max": 0.516911,
        "nauc_mrr_at_3_std": 0.23762,
        "nauc_mrr_at_3_diff1": 0.438231,
        "nauc_mrr_at_5_max": 0.519587,
        "nauc_mrr_at_5_std": 0.246964,
        "nauc_mrr_at_5_diff1": 0.438758,
        "nauc_mrr_at_10_max": 0.525616,
        "nauc_mrr_at_10_std": 0.25554,
        "nauc_mrr_at_10_diff1": 0.439923,
        "nauc_mrr_at_20_max": 0.525531,
        "nauc_mrr_at_20_std": 0.255723,
        "nauc_mrr_at_20_diff1": 0.439888,
        "nauc_mrr_at_100_max": 0.524519,
        "nauc_mrr_at_100_std": 0.256221,
        "nauc_mrr_at_100_diff1": 0.439522,
        "nauc_mrr_at_1000_max": 0.524455,
        "nauc_mrr_at_1000_std": 0.256041,
        "nauc_mrr_at_1000_diff1": 0.439638,
        "main_score": 0.57108,
        "hf_subset": "default",
        "languages": [
          "kor-Hang"
        ]
      }
    ]
  },
  "evaluation_time": 121.8786940574646,
  "kg_co2_emissions": null
}