{
  "dataset_revision": "main",
  "task_name": "PublicHealthQA",
  "mteb_version": "1.15.4",
  "scores": {
    "test": [
      {
        "ndcg_at_1": 0.48052,
        "ndcg_at_3": 0.56555,
        "ndcg_at_5": 0.60688,
        "ndcg_at_10": 0.63593,
        "ndcg_at_20": 0.6681,
        "ndcg_at_100": 0.67798,
        "ndcg_at_1000": 0.67798,
        "map_at_1": 0.48052,
        "map_at_3": 0.54545,
        "map_at_5": 0.56753,
        "map_at_10": 0.57928,
        "map_at_20": 0.58776,
        "map_at_100": 0.58923,
        "map_at_1000": 0.58923,
        "recall_at_1": 0.48052,
        "recall_at_3": 0.62338,
        "recall_at_5": 0.72727,
        "recall_at_10": 0.81818,
        "recall_at_20": 0.94805,
        "recall_at_100": 1.0,
        "recall_at_1000": 1.0,
        "precision_at_1": 0.48052,
        "precision_at_3": 0.20779,
        "precision_at_5": 0.14545,
        "precision_at_10": 0.08182,
        "precision_at_20": 0.0474,
        "precision_at_100": 0.01,
        "precision_at_1000": 0.001,
        "mrr_at_1": 0.480519,
        "mrr_at_3": 0.545455,
        "mrr_at_5": 0.567532,
        "mrr_at_10": 0.579283,
        "mrr_at_20": 0.58776,
        "mrr_at_100": 0.589235,
        "mrr_at_1000": 0.589235,
        "nauc_ndcg_at_1_max": 0.408061,
        "nauc_ndcg_at_1_std": 0.134089,
        "nauc_ndcg_at_1_diff1": 0.67038,
        "nauc_ndcg_at_3_max": 0.440116,
        "nauc_ndcg_at_3_std": 0.178317,
        "nauc_ndcg_at_3_diff1": 0.602499,
        "nauc_ndcg_at_5_max": 0.420605,
        "nauc_ndcg_at_5_std": 0.172148,
        "nauc_ndcg_at_5_diff1": 0.579612,
        "nauc_ndcg_at_10_max": 0.42541,
        "nauc_ndcg_at_10_std": 0.168969,
        "nauc_ndcg_at_10_diff1": 0.634967,
        "nauc_ndcg_at_20_max": 0.440362,
        "nauc_ndcg_at_20_std": 0.188105,
        "nauc_ndcg_at_20_diff1": 0.62105,
        "nauc_ndcg_at_100_max": 0.427561,
        "nauc_ndcg_at_100_std": 0.17037,
        "nauc_ndcg_at_100_diff1": 0.620271,
        "nauc_ndcg_at_1000_max": 0.427561,
        "nauc_ndcg_at_1000_std": 0.17037,
        "nauc_ndcg_at_1000_diff1": 0.620271,
        "nauc_map_at_1_max": 0.408061,
        "nauc_map_at_1_std": 0.134089,
        "nauc_map_at_1_diff1": 0.67038,
        "nauc_map_at_3_max": 0.435837,
        "nauc_map_at_3_std": 0.171412,
        "nauc_map_at_3_diff1": 0.61897,
        "nauc_map_at_5_max": 0.424973,
        "nauc_map_at_5_std": 0.166602,
        "nauc_map_at_5_diff1": 0.608509,
        "nauc_map_at_10_max": 0.42597,
        "nauc_map_at_10_std": 0.164408,
        "nauc_map_at_10_diff1": 0.628714,
        "nauc_map_at_20_max": 0.428118,
        "nauc_map_at_20_std": 0.16779,
        "nauc_map_at_20_diff1": 0.625343,
        "nauc_map_at_100_max": 0.426647,
        "nauc_map_at_100_std": 0.166002,
        "nauc_map_at_100_diff1": 0.624817,
        "nauc_map_at_1000_max": 0.426647,
        "nauc_map_at_1000_std": 0.166002,
        "nauc_map_at_1000_diff1": 0.624817,
        "nauc_recall_at_1_max": 0.408061,
        "nauc_recall_at_1_std": 0.134089,
        "nauc_recall_at_1_diff1": 0.67038,
        "nauc_recall_at_3_max": 0.451832,
        "nauc_recall_at_3_std": 0.198095,
        "nauc_recall_at_3_diff1": 0.550951,
        "nauc_recall_at_5_max": 0.398677,
        "nauc_recall_at_5_std": 0.191728,
        "nauc_recall_at_5_diff1": 0.464048,
        "nauc_recall_at_10_max": 0.422687,
        "nauc_recall_at_10_std": 0.192014,
        "nauc_recall_at_10_diff1": 0.704097,
        "nauc_recall_at_20_max": 0.753719,
        "nauc_recall_at_20_std": 0.642711,
        "nauc_recall_at_20_diff1": 0.606183,
        "nauc_recall_at_100_max": NaN,
        "nauc_recall_at_100_std": NaN,
        "nauc_recall_at_100_diff1": NaN,
        "nauc_recall_at_1000_max": NaN,
        "nauc_recall_at_1000_std": NaN,
        "nauc_recall_at_1000_diff1": NaN,
        "nauc_precision_at_1_max": 0.408061,
        "nauc_precision_at_1_std": 0.134089,
        "nauc_precision_at_1_diff1": 0.67038,
        "nauc_precision_at_3_max": 0.451832,
        "nauc_precision_at_3_std": 0.198095,
        "nauc_precision_at_3_diff1": 0.550951,
        "nauc_precision_at_5_max": 0.398677,
        "nauc_precision_at_5_std": 0.191728,
        "nauc_precision_at_5_diff1": 0.464048,
        "nauc_precision_at_10_max": 0.422687,
        "nauc_precision_at_10_std": 0.192014,
        "nauc_precision_at_10_diff1": 0.704097,
        "nauc_precision_at_20_max": 0.753719,
        "nauc_precision_at_20_std": 0.642711,
        "nauc_precision_at_20_diff1": 0.606183,
        "nauc_precision_at_100_max": 1.0,
        "nauc_precision_at_100_std": 1.0,
        "nauc_precision_at_100_diff1": 1.0,
        "nauc_precision_at_1000_max": NaN,
        "nauc_precision_at_1000_std": NaN,
        "nauc_precision_at_1000_diff1": NaN,
        "nauc_mrr_at_1_max": 0.408061,
        "nauc_mrr_at_1_std": 0.134089,
        "nauc_mrr_at_1_diff1": 0.67038,
        "nauc_mrr_at_3_max": 0.435837,
        "nauc_mrr_at_3_std": 0.171412,
        "nauc_mrr_at_3_diff1": 0.61897,
        "nauc_mrr_at_5_max": 0.424973,
        "nauc_mrr_at_5_std": 0.166602,
        "nauc_mrr_at_5_diff1": 0.608509,
        "nauc_mrr_at_10_max": 0.42597,
        "nauc_mrr_at_10_std": 0.164408,
        "nauc_mrr_at_10_diff1": 0.628714,
        "nauc_mrr_at_20_max": 0.428118,
        "nauc_mrr_at_20_std": 0.16779,
        "nauc_mrr_at_20_diff1": 0.625343,
        "nauc_mrr_at_100_max": 0.426647,
        "nauc_mrr_at_100_std": 0.166002,
        "nauc_mrr_at_100_diff1": 0.624817,
        "nauc_mrr_at_1000_max": 0.426647,
        "nauc_mrr_at_1000_std": 0.166002,
        "nauc_mrr_at_1000_diff1": 0.624817,
        "main_score": 0.63593,
        "hf_subset": "korean",
        "languages": [
          "kor-Hang"
        ]
      }
    ]
  },
  "evaluation_time": 1.4123692512512207,
  "kg_co2_emissions": null
}