{
  "dataset_revision": "fd7df84ac089bbec763b1c6bb1b56e985df5cc5c",
  "task_name": "AutoRAGRetrieval",
  "mteb_version": "1.38.57",
  "scores": {
    "test": [
      {
        "ndcg_at_1": 0.83333,
        "ndcg_at_3": 0.91708,
        "ndcg_at_5": 0.92048,
        "ndcg_at_10": 0.92301,
        "ndcg_at_20": 0.92301,
        "ndcg_at_100": 0.92301,
        "ndcg_at_1000": 0.92301,
        "map_at_1": 0.83333,
        "map_at_3": 0.89474,
        "map_at_5": 0.89649,
        "map_at_10": 0.89737,
        "map_at_20": 0.89737,
        "map_at_100": 0.89737,
        "map_at_1000": 0.89737,
        "recall_at_1": 0.83333,
        "recall_at_3": 0.98246,
        "recall_at_5": 0.99123,
        "recall_at_10": 1.0,
        "recall_at_20": 1.0,
        "recall_at_100": 1.0,
        "recall_at_1000": 1.0,
        "precision_at_1": 0.83333,
        "precision_at_3": 0.32749,
        "precision_at_5": 0.19825,
        "precision_at_10": 0.1,
        "precision_at_20": 0.05,
        "precision_at_100": 0.01,
        "precision_at_1000": 0.001,
        "mrr_at_1": 0.947368,
        "mrr_at_3": 0.969298,
        "mrr_at_5": 0.969298,
        "mrr_at_10": 0.969298,
        "mrr_at_20": 0.969298,
        "mrr_at_100": 0.969298,
        "mrr_at_1000": 0.969298,
        "nauc_ndcg_at_1_max": -0.012324,
        "nauc_ndcg_at_1_std": -1.022088,
        "nauc_ndcg_at_1_diff1": 0.882076,
        "nauc_ndcg_at_3_max": 0.042447,
        "nauc_ndcg_at_3_std": -1.150459,
        "nauc_ndcg_at_3_diff1": 0.885825,
        "nauc_ndcg_at_5_max": 0.012147,
        "nauc_ndcg_at_5_std": -1.123452,
        "nauc_ndcg_at_5_diff1": 0.880737,
        "nauc_ndcg_at_10_max": 0.018398,
        "nauc_ndcg_at_10_std": -1.101645,
        "nauc_ndcg_at_10_diff1": 0.881114,
        "nauc_ndcg_at_20_max": 0.018398,
        "nauc_ndcg_at_20_std": -1.101645,
        "nauc_ndcg_at_20_diff1": 0.881114,
        "nauc_ndcg_at_100_max": 0.018398,
        "nauc_ndcg_at_100_std": -1.101645,
        "nauc_ndcg_at_100_diff1": 0.881114,
        "nauc_ndcg_at_1000_max": 0.018398,
        "nauc_ndcg_at_1000_std": -1.101645,
        "nauc_ndcg_at_1000_diff1": 0.881114,
        "nauc_map_at_1_max": -0.012324,
        "nauc_map_at_1_std": -1.022088,
        "nauc_map_at_1_diff1": 0.882076,
        "nauc_map_at_3_max": 0.027496,
        "nauc_map_at_3_std": -1.112385,
        "nauc_map_at_3_diff1": 0.883056,
        "nauc_map_at_5_max": 0.015174,
        "nauc_map_at_5_std": -1.100964,
        "nauc_map_at_5_diff1": 0.880982,
        "nauc_map_at_10_max": 0.016825,
        "nauc_map_at_10_std": -1.095099,
        "nauc_map_at_10_diff1": 0.881083,
        "nauc_map_at_20_max": 0.016825,
        "nauc_map_at_20_std": -1.095099,
        "nauc_map_at_20_diff1": 0.881083,
        "nauc_map_at_100_max": 0.016825,
        "nauc_map_at_100_std": -1.095099,
        "nauc_map_at_100_diff1": 0.881083,
        "nauc_map_at_1000_max": 0.016825,
        "nauc_map_at_1000_std": -1.095099,
        "nauc_map_at_1000_diff1": 0.881083,
        "nauc_recall_at_1_max": -0.012324,
        "nauc_recall_at_1_std": -1.022088,
        "nauc_recall_at_1_diff1": 0.882076,
        "nauc_recall_at_3_max": 0.27654,
        "nauc_recall_at_3_std": -1.756536,
        "nauc_recall_at_3_diff1": 0.934894,
        "nauc_recall_at_5_max": -0.169326,
        "nauc_recall_at_5_std": -1.756536,
        "nauc_recall_at_5_diff1": 0.869789,
        "nauc_recall_at_10_max": NaN,
        "nauc_recall_at_10_std": NaN,
        "nauc_recall_at_10_diff1": NaN,
        "nauc_recall_at_20_max": NaN,
        "nauc_recall_at_20_std": NaN,
        "nauc_recall_at_20_diff1": NaN,
        "nauc_recall_at_100_max": NaN,
        "nauc_recall_at_100_std": NaN,
        "nauc_recall_at_100_diff1": NaN,
        "nauc_recall_at_1000_max": NaN,
        "nauc_recall_at_1000_std": NaN,
        "nauc_recall_at_1000_diff1": NaN,
        "nauc_precision_at_1_max": -0.012324,
        "nauc_precision_at_1_std": -1.022088,
        "nauc_precision_at_1_diff1": 0.882076,
        "nauc_precision_at_3_max": 0.27654,
        "nauc_precision_at_3_std": -1.756536,
        "nauc_precision_at_3_diff1": 0.934894,
        "nauc_precision_at_5_max": -0.169326,
        "nauc_precision_at_5_std": -1.756536,
        "nauc_precision_at_5_diff1": 0.869789,
        "nauc_precision_at_10_max": 1.0,
        "nauc_precision_at_10_std": 1.0,
        "nauc_precision_at_10_diff1": 1.0,
        "nauc_precision_at_20_max": 1.0,
        "nauc_precision_at_20_std": 1.0,
        "nauc_precision_at_20_diff1": 1.0,
        "nauc_precision_at_100_max": 1.0,
        "nauc_precision_at_100_std": 1.0,
        "nauc_precision_at_100_diff1": 1.0,
        "nauc_precision_at_1000_max": 1.0,
        "nauc_precision_at_1000_std": 1.0,
        "nauc_precision_at_1000_diff1": 1.0,
        "nauc_mrr_at_1_max": 0.661888,
        "nauc_mrr_at_1_std": -0.334601,
        "nauc_mrr_at_1_diff1": 0.647046,
        "nauc_mrr_at_3_max": 0.640989,
        "nauc_mrr_at_3_std": -0.367342,
        "nauc_mrr_at_3_diff1": 0.653655,
        "nauc_mrr_at_5_max": 0.640989,
        "nauc_mrr_at_5_std": -0.367342,
        "nauc_mrr_at_5_diff1": 0.653655,
        "nauc_mrr_at_10_max": 0.640989,
        "nauc_mrr_at_10_std": -0.367342,
        "nauc_mrr_at_10_diff1": 0.653655,
        "nauc_mrr_at_20_max": 0.640989,
        "nauc_mrr_at_20_std": -0.367342,
        "nauc_mrr_at_20_diff1": 0.653655,
        "nauc_mrr_at_100_max": 0.640989,
        "nauc_mrr_at_100_std": -0.367342,
        "nauc_mrr_at_100_diff1": 0.653655,
        "nauc_mrr_at_1000_max": 0.640989,
        "nauc_mrr_at_1000_std": -0.367342,
        "nauc_mrr_at_1000_diff1": 0.653655,
        "main_score": 0.92301,
        "hf_subset": "default",
        "languages": [
          "kor-Hang"
        ]
      }
    ]
  },
  "evaluation_time": 34.51146197319031,
  "kg_co2_emissions": null
}