{
  "dataset_revision": "75b399394a9803252cfec289d103de462763db7c",
  "task_name": "BelebeleRetrieval",
  "mteb_version": "1.38.57",
  "scores": {
    "test": [
      {
        "ndcg_at_1": 0.94111,
        "ndcg_at_3": 0.95876,
        "ndcg_at_5": 0.96009,
        "ndcg_at_10": 0.9611,
        "ndcg_at_20": 0.96167,
        "ndcg_at_100": 0.96565,
        "ndcg_at_1000": 0.96565,
        "map_at_1": 0.94111,
        "map_at_3": 0.95481,
        "map_at_5": 0.95554,
        "map_at_10": 0.95591,
        "map_at_20": 0.95607,
        "map_at_100": 0.95663,
        "map_at_1000": 0.95663,
        "recall_at_1": 0.94111,
        "recall_at_3": 0.97,
        "recall_at_5": 0.97333,
        "recall_at_10": 0.97667,
        "recall_at_20": 0.97889,
        "recall_at_100": 1.0,
        "recall_at_1000": 1.0,
        "precision_at_1": 0.94111,
        "precision_at_3": 0.32333,
        "precision_at_5": 0.19467,
        "precision_at_10": 0.09767,
        "precision_at_20": 0.04894,
        "precision_at_100": 0.01,
        "precision_at_1000": 0.001,
        "mrr_at_1": 0.941111,
        "mrr_at_3": 0.955185,
        "mrr_at_5": 0.955852,
        "mrr_at_10": 0.956102,
        "mrr_at_20": 0.956379,
        "mrr_at_100": 0.956885,
        "mrr_at_1000": 0.956885,
        "nauc_ndcg_at_1_max": 0.843357,
        "nauc_ndcg_at_1_std": 0.689454,
        "nauc_ndcg_at_1_diff1": 0.892139,
        "nauc_ndcg_at_3_max": 0.879493,
        "nauc_ndcg_at_3_std": 0.76673,
        "nauc_ndcg_at_3_diff1": 0.915388,
        "nauc_ndcg_at_5_max": 0.881436,
        "nauc_ndcg_at_5_std": 0.764891,
        "nauc_ndcg_at_5_diff1": 0.91695,
        "nauc_ndcg_at_10_max": 0.879448,
        "nauc_ndcg_at_10_std": 0.759889,
        "nauc_ndcg_at_10_diff1": 0.915882,
        "nauc_ndcg_at_20_max": 0.879599,
        "nauc_ndcg_at_20_std": 0.758271,
        "nauc_ndcg_at_20_diff1": 0.917557,
        "nauc_ndcg_at_100_max": 0.873387,
        "nauc_ndcg_at_100_std": 0.748973,
        "nauc_ndcg_at_100_diff1": 0.912213,
        "nauc_ndcg_at_1000_max": 0.873387,
        "nauc_ndcg_at_1000_std": 0.748973,
        "nauc_ndcg_at_1000_diff1": 0.912213,
        "nauc_map_at_1_max": 0.843357,
        "nauc_map_at_1_std": 0.689454,
        "nauc_map_at_1_diff1": 0.892139,
        "nauc_map_at_3_max": 0.870465,
        "nauc_map_at_3_std": 0.747273,
        "nauc_map_at_3_diff1": 0.909624,
        "nauc_map_at_5_max": 0.871138,
        "nauc_map_at_5_std": 0.745945,
        "nauc_map_at_5_diff1": 0.910197,
        "nauc_map_at_10_max": 0.870376,
        "nauc_map_at_10_std": 0.744123,
        "nauc_map_at_10_diff1": 0.909766,
        "nauc_map_at_20_max": 0.87038,
        "nauc_map_at_20_std": 0.743668,
        "nauc_map_at_20_diff1": 0.910109,
        "nauc_map_at_100_max": 0.869534,
        "nauc_map_at_100_std": 0.742281,
        "nauc_map_at_100_diff1": 0.909424,
        "nauc_map_at_1000_max": 0.869534,
        "nauc_map_at_1000_std": 0.742281,
        "nauc_map_at_1000_diff1": 0.909424,
        "nauc_recall_at_1_max": 0.843357,
        "nauc_recall_at_1_std": 0.689454,
        "nauc_recall_at_1_diff1": 0.892139,
        "nauc_recall_at_3_max": 0.91728,
        "nauc_recall_at_3_std": 0.84829,
        "nauc_recall_at_3_diff1": 0.939482,
        "nauc_recall_at_5_max": 0.930089,
        "nauc_recall_at_5_std": 0.852474,
        "nauc_recall_at_5_diff1": 0.948938,
        "nauc_recall_at_10_max": 0.926326,
        "nauc_recall_at_10_std": 0.837624,
        "nauc_recall_at_10_diff1": 0.947868,
        "nauc_recall_at_20_max": 0.932331,
        "nauc_recall_at_20_std": 0.834292,
        "nauc_recall_at_20_diff1": 0.96388,
        "nauc_recall_at_100_max": NaN,
        "nauc_recall_at_100_std": NaN,
        "nauc_recall_at_100_diff1": NaN,
        "nauc_recall_at_1000_max": NaN,
        "nauc_recall_at_1000_std": NaN,
        "nauc_recall_at_1000_diff1": NaN,
        "nauc_precision_at_1_max": 0.843357,
        "nauc_precision_at_1_std": 0.689454,
        "nauc_precision_at_1_diff1": 0.892139,
        "nauc_precision_at_3_max": 0.91728,
        "nauc_precision_at_3_std": 0.84829,
        "nauc_precision_at_3_diff1": 0.939482,
        "nauc_precision_at_5_max": 0.930089,
        "nauc_precision_at_5_std": 0.852474,
        "nauc_precision_at_5_diff1": 0.948938,
        "nauc_precision_at_10_max": 0.926326,
        "nauc_precision_at_10_std": 0.837624,
        "nauc_precision_at_10_diff1": 0.947868,
        "nauc_precision_at_20_max": 0.932331,
        "nauc_precision_at_20_std": 0.834292,
        "nauc_precision_at_20_diff1": 0.96388,
        "nauc_precision_at_100_max": 1.0,
        "nauc_precision_at_100_std": 1.0,
        "nauc_precision_at_100_diff1": 1.0,
        "nauc_precision_at_1000_max": NaN,
        "nauc_precision_at_1000_std": NaN,
        "nauc_precision_at_1000_diff1": NaN,
        "nauc_mrr_at_1_max": 0.843357,
        "nauc_mrr_at_1_std": 0.689454,
        "nauc_mrr_at_1_diff1": 0.892139,
        "nauc_mrr_at_3_max": 0.869395,
        "nauc_mrr_at_3_std": 0.745185,
        "nauc_mrr_at_3_diff1": 0.908877,
        "nauc_mrr_at_5_max": 0.870219,
        "nauc_mrr_at_5_std": 0.744133,
        "nauc_mrr_at_5_diff1": 0.909557,
        "nauc_mrr_at_10_max": 0.869811,
        "nauc_mrr_at_10_std": 0.743007,
        "nauc_mrr_at_10_diff1": 0.909373,
        "nauc_mrr_at_20_max": 0.869481,
        "nauc_mrr_at_20_std": 0.741871,
        "nauc_mrr_at_20_diff1": 0.909515,
        "nauc_mrr_at_100_max": 0.868826,
        "nauc_mrr_at_100_std": 0.740862,
        "nauc_mrr_at_100_diff1": 0.908961,
        "nauc_mrr_at_1000_max": 0.868826,
        "nauc_mrr_at_1000_std": 0.740862,
        "nauc_mrr_at_1000_diff1": 0.908961,
        "main_score": 0.9611,
        "hf_subset": "kor_Hang-kor_Hang",
        "languages": [
          "kor-Hang",
          "kor-Hang"
        ]
      },
      {
        "ndcg_at_1": 0.09778,
        "ndcg_at_3": 0.09918,
        "ndcg_at_5": 0.09918,
        "ndcg_at_10": 0.09918,
        "ndcg_at_20": 0.09918,
        "ndcg_at_100": 0.09978,
        "ndcg_at_1000": 0.09978,
        "map_at_1": 0.09778,
        "map_at_3": 0.09889,
        "map_at_5": 0.09889,
        "map_at_10": 0.09889,
        "map_at_20": 0.09889,
        "map_at_100": 0.09896,
        "map_at_1000": 0.09896,
        "recall_at_1": 0.09778,
        "recall_at_3": 0.1,
        "recall_at_5": 0.1,
        "recall_at_10": 0.1,
        "recall_at_20": 0.1,
        "recall_at_100": 0.10333,
        "recall_at_1000": 0.10333,
        "precision_at_1": 0.09778,
        "precision_at_3": 0.03333,
        "precision_at_5": 0.02,
        "precision_at_10": 0.01,
        "precision_at_20": 0.005,
        "precision_at_100": 0.00103,
        "precision_at_1000": 0.0001,
        "mrr_at_1": 0.097778,
        "mrr_at_3": 0.098889,
        "mrr_at_5": 0.098889,
        "mrr_at_10": 0.098889,
        "mrr_at_20": 0.098889,
        "mrr_at_100": 0.098962,
        "mrr_at_1000": 0.098962,
        "nauc_ndcg_at_1_max": 0.915482,
        "nauc_ndcg_at_1_std": 0.906518,
        "nauc_ndcg_at_1_diff1": 0.927007,
        "nauc_ndcg_at_3_max": 0.911897,
        "nauc_ndcg_at_3_std": 0.90306,
        "nauc_ndcg_at_3_diff1": 0.921666,
        "nauc_ndcg_at_5_max": 0.911897,
        "nauc_ndcg_at_5_std": 0.90306,
        "nauc_ndcg_at_5_diff1": 0.921666,
        "nauc_ndcg_at_10_max": 0.911897,
        "nauc_ndcg_at_10_std": 0.90306,
        "nauc_ndcg_at_10_diff1": 0.921666,
        "nauc_ndcg_at_20_max": 0.911897,
        "nauc_ndcg_at_20_std": 0.90306,
        "nauc_ndcg_at_20_diff1": 0.921666,
        "nauc_ndcg_at_100_max": 0.906184,
        "nauc_ndcg_at_100_std": 0.897159,
        "nauc_ndcg_at_100_diff1": 0.916317,
        "nauc_ndcg_at_1000_max": 0.906184,
        "nauc_ndcg_at_1000_std": 0.897159,
        "nauc_ndcg_at_1000_diff1": 0.916317,
        "nauc_map_at_1_max": 0.915482,
        "nauc_map_at_1_std": 0.906518,
        "nauc_map_at_1_diff1": 0.927007,
        "nauc_map_at_3_max": 0.912633,