{
  "dataset_revision": "d243889a3eb6654029dbd7e7f9319ae31d58f97c",
  "task_name": "Ko-StrategyQA",
  "mteb_version": "1.38.57",
  "scores": {
    "dev": [
      {
        "ndcg_at_1": 0.76351,
        "ndcg_at_3": 0.76684,
        "ndcg_at_5": 0.79854,
        "ndcg_at_10": 0.81428,
        "ndcg_at_20": 0.82358,
        "ndcg_at_100": 0.84654,
        "ndcg_at_1000": 0.84654,
        "map_at_1": 0.49146,
        "map_at_3": 0.72647,
        "map_at_5": 0.75806,
        "map_at_10": 0.76826,
        "map_at_20": 0.77193,
        "map_at_100": 0.77737,
        "map_at_1000": 0.77737,
        "recall_at_1": 0.49146,
        "recall_at_3": 0.77584,
        "recall_at_5": 0.84118,
        "recall_at_10": 0.87799,
        "recall_at_20": 0.90524,
        "recall_at_100": 1.0,
        "recall_at_1000": 1.0,
        "precision_at_1": 0.76351,
        "precision_at_3": 0.46115,
        "precision_at_5": 0.30912,
        "precision_at_10": 0.16453,
        "precision_at_20": 0.08606,
        "precision_at_100": 0.01934,
        "precision_at_1000": 0.00193,
        "mrr_at_1": 0.815878,
        "mrr_at_3": 0.848536,
        "mrr_at_5": 0.854026,
        "mrr_at_10": 0.856912,
        "mrr_at_20": 0.858591,
        "mrr_at_100": 0.860016,
        "mrr_at_1000": 0.860016,
        "nauc_ndcg_at_1_max": 0.455725,
        "nauc_ndcg_at_1_std": 0.1324,
        "nauc_ndcg_at_1_diff1": 0.55338,
        "nauc_ndcg_at_3_max": 0.581537,
        "nauc_ndcg_at_3_std": 0.29911,
        "nauc_ndcg_at_3_diff1": 0.449606,
        "nauc_ndcg_at_5_max": 0.640814,
        "nauc_ndcg_at_5_std": 0.40398,
        "nauc_ndcg_at_5_diff1": 0.465927,
        "nauc_ndcg_at_10_max": 0.640751,
        "nauc_ndcg_at_10_std": 0.418769,
        "nauc_ndcg_at_10_diff1": 0.47542,
        "nauc_ndcg_at_20_max": 0.628065,
        "nauc_ndcg_at_20_std": 0.405868,
        "nauc_ndcg_at_20_diff1": 0.472293,
        "nauc_ndcg_at_100_max": 0.586075,
        "nauc_ndcg_at_100_std": 0.332894,
        "nauc_ndcg_at_100_diff1": 0.47879,
        "nauc_ndcg_at_1000_max": 0.586075,
        "nauc_ndcg_at_1000_std": 0.332894,
        "nauc_ndcg_at_1000_diff1": 0.47879,
        "nauc_map_at_1_max": 0.235393,
        "nauc_map_at_1_std": -0.123841,
        "nauc_map_at_1_diff1": 0.606757,
        "nauc_map_at_3_max": 0.548342,
        "nauc_map_at_3_std": 0.222189,
        "nauc_map_at_3_diff1": 0.436819,
        "nauc_map_at_5_max": 0.589297,
        "nauc_map_at_5_std": 0.307935,
        "nauc_map_at_5_diff1": 0.447976,
        "nauc_map_at_10_max": 0.590227,
        "nauc_map_at_10_std": 0.318211,
        "nauc_map_at_10_diff1": 0.455459,
        "nauc_map_at_20_max": 0.586546,
        "nauc_map_at_20_std": 0.315401,
        "nauc_map_at_20_diff1": 0.454304,
        "nauc_map_at_100_max": 0.578133,
        "nauc_map_at_100_std": 0.301396,
        "nauc_map_at_100_diff1": 0.455476,
        "nauc_map_at_1000_max": 0.578133,
        "nauc_map_at_1000_std": 0.301396,
        "nauc_map_at_1000_diff1": 0.455476,
        "nauc_recall_at_1_max": 0.235393,
        "nauc_recall_at_1_std": -0.123841,
        "nauc_recall_at_1_diff1": 0.606757,
        "nauc_recall_at_3_max": 0.653821,
        "nauc_recall_at_3_std": 0.410499,
        "nauc_recall_at_3_diff1": 0.381106,
        "nauc_recall_at_5_max": 0.806511,
        "nauc_recall_at_5_std": 0.683019,
        "nauc_recall_at_5_diff1": 0.404254,
        "nauc_recall_at_10_max": 0.851664,
        "nauc_recall_at_10_std": 0.799081,
        "nauc_recall_at_10_diff1": 0.431904,
        "nauc_recall_at_20_max": 0.849893,
        "nauc_recall_at_20_std": 0.835779,
        "nauc_recall_at_20_diff1": 0.41286,
        "nauc_recall_at_100_max": NaN,
        "nauc_recall_at_100_std": NaN,
        "nauc_recall_at_100_diff1": NaN,
        "nauc_recall_at_1000_max": NaN,
        "nauc_recall_at_1000_std": NaN,
        "nauc_recall_at_1000_diff1": NaN,
        "nauc_precision_at_1_max": 0.455725,
        "nauc_precision_at_1_std": 0.1324,
        "nauc_precision_at_1_diff1": 0.55338,
        "nauc_precision_at_3_max": 0.343244,
        "nauc_precision_at_3_std": 0.423685,
        "nauc_precision_at_3_diff1": -0.126367,
        "nauc_precision_at_5_max": 0.270782,
        "nauc_precision_at_5_std": 0.46533,
        "nauc_precision_at_5_diff1": -0.172366,
        "nauc_precision_at_10_max": 0.184787,
        "nauc_precision_at_10_std": 0.429012,
        "nauc_precision_at_10_diff1": -0.20956,
        "nauc_precision_at_20_max": 0.094712,
        "nauc_precision_at_20_std": 0.357854,
        "nauc_precision_at_20_diff1": -0.262033,
        "nauc_precision_at_100_max": -0.166498,
        "nauc_precision_at_100_std": 0.103199,
        "nauc_precision_at_100_diff1": -0.378917,
        "nauc_precision_at_1000_max": -0.166498,
        "nauc_precision_at_1000_std": 0.103199,
        "nauc_precision_at_1000_diff1": -0.378917,
        "nauc_mrr_at_1_max": 0.678255,
        "nauc_mrr_at_1_std": 0.500413,
        "nauc_mrr_at_1_diff1": 0.399489,
        "nauc_mrr_at_3_max": 0.731254,
        "nauc_mrr_at_3_std": 0.59635,
        "nauc_mrr_at_3_diff1": 0.43602,
        "nauc_mrr_at_5_max": 0.735543,
        "nauc_mrr_at_5_std": 0.601158,
        "nauc_mrr_at_5_diff1": 0.443664,
        "nauc_mrr_at_10_max": 0.732932,
        "nauc_mrr_at_10_std": 0.599552,
        "nauc_mrr_at_10_diff1": 0.439618,
        "nauc_mrr_at_20_max": 0.730122,
        "nauc_mrr_at_20_std": 0.594944,
        "nauc_mrr_at_20_diff1": 0.43815,
        "nauc_mrr_at_100_max": 0.728848,
        "nauc_mrr_at_100_std": 0.591731,
        "nauc_mrr_at_100_diff1": 0.437274,
        "nauc_mrr_at_1000_max": 0.728848,
        "nauc_mrr_at_1000_std": 0.591731,
        "nauc_mrr_at_1000_diff1": 0.437274,
        "main_score": 0.81428,
        "hf_subset": "default",
        "languages": [
          "kor-Hang"
        ]
      }
    ]
  },
  "evaluation_time": 106.86379075050354,
  "kg_co2_emissions": null
}