{
  "dataset_revision": "main",
  "task_name": "MIRACLRetrieval",
  "mteb_version": "1.38.57",
  "scores": {
    "dev": [
      {
        "ndcg_at_1": 0.6385,
        "ndcg_at_3": 0.74351,
        "ndcg_at_5": 0.77874,
        "ndcg_at_10": 0.81186,
        "ndcg_at_20": 0.82498,
        "ndcg_at_100": 0.82789,
        "ndcg_at_1000": 0.82789,
        "map_at_1": 0.38432,
        "map_at_3": 0.60984,
        "map_at_5": 0.68472,
        "map_at_10": 0.73078,
        "map_at_20": 0.74316,
        "map_at_100": 0.74447,
        "map_at_1000": 0.74447,
        "recall_at_1": 0.38432,
        "recall_at_3": 0.73488,
        "recall_at_5": 0.86459,
        "recall_at_10": 0.96183,
        "recall_at_20": 0.99147,
        "recall_at_100": 1.0,
        "recall_at_1000": 1.0,
        "precision_at_1": 0.6385,
        "precision_at_3": 0.48513,
        "precision_at_5": 0.38216,
        "precision_at_10": 0.23427,
        "precision_at_20": 0.12629,
        "precision_at_100": 0.02568,
        "precision_at_1000": 0.00257,
        "mrr_at_1": 0.877934,
        "mrr_at_3": 0.917058,
        "mrr_at_5": 0.92011,
        "mrr_at_10": 0.922554,
        "mrr_at_20": 0.922554,
        "mrr_at_100": 0.922554,
        "mrr_at_1000": 0.922554,
        "nauc_ndcg_at_1_max": -0.04026,
        "nauc_ndcg_at_1_std": -0.220852,
        "nauc_ndcg_at_1_diff1": 0.326205,
        "nauc_ndcg_at_3_max": -0.067157,
        "nauc_ndcg_at_3_std": -0.489352,
        "nauc_ndcg_at_3_diff1": 0.389128,
        "nauc_ndcg_at_5_max": -0.026992,
        "nauc_ndcg_at_5_std": -0.486372,
        "nauc_ndcg_at_5_diff1": 0.420155,
        "nauc_ndcg_at_10_max": -0.018178,
        "nauc_ndcg_at_10_std": -0.426921,
        "nauc_ndcg_at_10_diff1": 0.383592,
        "nauc_ndcg_at_20_max": -0.015727,
        "nauc_ndcg_at_20_std": -0.338834,
        "nauc_ndcg_at_20_diff1": 0.350515,
        "nauc_ndcg_at_100_max": -0.017321,
        "nauc_ndcg_at_100_std": -0.324259,
        "nauc_ndcg_at_100_diff1": 0.340228,
        "nauc_ndcg_at_1000_max": -0.017321,
        "nauc_ndcg_at_1000_std": -0.324259,
        "nauc_ndcg_at_1000_diff1": 0.340228,
        "nauc_map_at_1_max": -0.063381,
        "nauc_map_at_1_std": -0.483753,
        "nauc_map_at_1_diff1": 0.564813,
        "nauc_map_at_3_max": -0.060963,
        "nauc_map_at_3_std": -0.636141,
        "nauc_map_at_3_diff1": 0.526031,
        "nauc_map_at_5_max": -0.034261,
        "nauc_map_at_5_std": -0.592653,
        "nauc_map_at_5_diff1": 0.472434,
        "nauc_map_at_10_max": -0.032696,
        "nauc_map_at_10_std": -0.475717,
        "nauc_map_at_10_diff1": 0.405756,
        "nauc_map_at_20_max": -0.02997,
        "nauc_map_at_20_std": -0.413505,
        "nauc_map_at_20_diff1": 0.383202,
        "nauc_map_at_100_max": -0.030323,
        "nauc_map_at_100_std": -0.409342,
        "nauc_map_at_100_diff1": 0.38017,
        "nauc_map_at_1000_max": -0.030323,
        "nauc_map_at_1000_std": -0.409342,
        "nauc_map_at_1000_diff1": 0.38017,
        "nauc_recall_at_1_max": -0.063381,
        "nauc_recall_at_1_std": -0.483753,
        "nauc_recall_at_1_diff1": 0.564813,
        "nauc_recall_at_3_max": -0.058694,
        "nauc_recall_at_3_std": -0.816864,
        "nauc_recall_at_3_diff1": 0.562522,
        "nauc_recall_at_5_max": 0.016849,
        "nauc_recall_at_5_std": -0.881355,
        "nauc_recall_at_5_diff1": 0.583158,
        "nauc_recall_at_10_max": 0.004214,
        "nauc_recall_at_10_std": -1.052295,
        "nauc_recall_at_10_diff1": 0.600624,
        "nauc_recall_at_20_max": 0.052699,
        "nauc_recall_at_20_std": -0.880279,
        "nauc_recall_at_20_diff1": 0.743202,
        "nauc_recall_at_100_max": NaN,
        "nauc_recall_at_100_std": NaN,
        "nauc_recall_at_100_diff1": NaN,
        "nauc_recall_at_1000_max": NaN,
        "nauc_recall_at_1000_std": NaN,
        "nauc_recall_at_1000_diff1": NaN,
        "nauc_precision_at_1_max": -0.04026,
        "nauc_precision_at_1_std": -0.220852,
        "nauc_precision_at_1_diff1": 0.326205,
        "nauc_precision_at_3_max": 0.008394,
        "nauc_precision_at_3_std": 0.145639,
        "nauc_precision_at_3_diff1": -0.271038,
        "nauc_precision_at_5_max": 0.069813,
        "nauc_precision_at_5_std": 0.368537,
        "nauc_precision_at_5_diff1": -0.384214,
        "nauc_precision_at_10_max": 0.046371,
        "nauc_precision_at_10_std": 0.527168,
        "nauc_precision_at_10_diff1": -0.438973,
        "nauc_precision_at_20_max": 0.044539,
        "nauc_precision_at_20_std": 0.591035,
        "nauc_precision_at_20_diff1": -0.441795,
        "nauc_precision_at_100_max": 0.040762,
        "nauc_precision_at_100_std": 0.60267,
        "nauc_precision_at_100_diff1": -0.450556,
        "nauc_precision_at_1000_max": 0.040762,
        "nauc_precision_at_1000_std": 0.60267,
        "nauc_precision_at_1000_diff1": -0.450556,
        "nauc_mrr_at_1_max": 0.440198,
        "nauc_mrr_at_1_std": 0.537432,
        "nauc_mrr_at_1_diff1": -0.449802,
        "nauc_mrr_at_3_max": 0.426665,
        "nauc_mrr_at_3_std": 0.44223,
        "nauc_mrr_at_3_diff1": -0.354605,
        "nauc_mrr_at_5_max": 0.419023,
        "nauc_mrr_at_5_std": 0.454408,
        "nauc_mrr_at_5_diff1": -0.361484,
        "nauc_mrr_at_10_max": 0.434682,
        "nauc_mrr_at_10_std": 0.473357,
        "nauc_mrr_at_10_diff1": -0.385101,
        "nauc_mrr_at_20_max": 0.434682,
        "nauc_mrr_at_20_std": 0.473357,
        "nauc_mrr_at_20_diff1": -0.385101,
        "nauc_mrr_at_100_max": 0.434682,
        "nauc_mrr_at_100_std": 0.473357,
        "nauc_mrr_at_100_diff1": -0.385101,
        "nauc_mrr_at_1000_max": 0.434682,
        "nauc_mrr_at_1000_std": 0.473357,
        "nauc_mrr_at_1000_diff1": -0.385101,
        "main_score": 0.81186,
        "hf_subset": "ko",
        "languages": [
          "kor-Kore"
        ]
      }
    ]
  },
  "evaluation_time": 32.33129405975342,
  "kg_co2_emissions": null
}