{
  "dataset_revision": "fc24a3ce8f09746410daee3d5cd823ff7a0675b7",
  "task_name": "MrTidyRetrieval",
  "mteb_version": "1.38.57",
  "scores": {
    "test": [
      {
        "ndcg_at_1": 0.46318,
        "ndcg_at_3": 0.62919,
        "ndcg_at_5": 0.6692,
        "ndcg_at_10": 0.69883,
        "ndcg_at_20": 0.70639,
        "ndcg_at_100": 0.71561,
        "ndcg_at_1000": 0.71561,
        "map_at_1": 0.41726,
        "map_at_3": 0.58149,
        "map_at_5": 0.6066,
        "map_at_10": 0.62006,
        "map_at_20": 0.62233,
        "map_at_100": 0.62389,
        "map_at_1000": 0.62389,
        "recall_at_1": 0.41726,
        "recall_at_3": 0.74584,
        "recall_at_5": 0.83808,
        "recall_at_10": 0.92557,
        "recall_at_20": 0.95408,
        "recall_at_100": 1.0,
        "recall_at_1000": 1.0,
        "precision_at_1": 0.46318,
        "precision_at_3": 0.28662,
        "precision_at_5": 0.19477,
        "precision_at_10": 0.10784,
        "precision_at_20": 0.0557,
        "precision_at_100": 0.01169,
        "precision_at_1000": 0.00117,
        "mrr_at_1": 0.729216,
        "mrr_at_3": 0.77593,
        "mrr_at_5": 0.784363,
        "mrr_at_10": 0.792265,
        "mrr_at_20": 0.793837,
        "mrr_at_100": 0.79502,
        "mrr_at_1000": 0.79502,
        "nauc_ndcg_at_1_max": 0.025865,
        "nauc_ndcg_at_1_std": -0.459401,
        "nauc_ndcg_at_1_diff1": 0.491489,
        "nauc_ndcg_at_3_max": -0.005297,
        "nauc_ndcg_at_3_std": -0.504697,
        "nauc_ndcg_at_3_diff1": 0.393424,
        "nauc_ndcg_at_5_max": 0.042135,
        "nauc_ndcg_at_5_std": -0.443594,
        "nauc_ndcg_at_5_diff1": 0.368294,
        "nauc_ndcg_at_10_max": 0.074625,
        "nauc_ndcg_at_10_std": -0.410327,
        "nauc_ndcg_at_10_diff1": 0.373149,
        "nauc_ndcg_at_20_max": 0.066943,
        "nauc_ndcg_at_20_std": -0.41395,
        "nauc_ndcg_at_20_diff1": 0.379798,
        "nauc_ndcg_at_100_max": 0.045628,
        "nauc_ndcg_at_100_std": -0.439806,
        "nauc_ndcg_at_100_diff1": 0.396272,
        "nauc_ndcg_at_1000_max": 0.045628,
        "nauc_ndcg_at_1000_std": -0.439806,
        "nauc_ndcg_at_1000_diff1": 0.396272,
        "nauc_map_at_1_max": 0.029355,
        "nauc_map_at_1_std": -0.443788,
        "nauc_map_at_1_diff1": 0.490386,
        "nauc_map_at_3_max": -0.00094,
        "nauc_map_at_3_std": -0.497885,
        "nauc_map_at_3_diff1": 0.414238,
        "nauc_map_at_5_max": 0.027534,
        "nauc_map_at_5_std": -0.466018,
        "nauc_map_at_5_diff1": 0.403046,
        "nauc_map_at_10_max": 0.03862,
        "nauc_map_at_10_std": -0.451483,
        "nauc_map_at_10_diff1": 0.405017,
        "nauc_map_at_20_max": 0.037644,
        "nauc_map_at_20_std": -0.452302,
        "nauc_map_at_20_diff1": 0.406727,
        "nauc_map_at_100_max": 0.035002,
        "nauc_map_at_100_std": -0.455281,
        "nauc_map_at_100_diff1": 0.408431,
        "nauc_map_at_1000_max": 0.035002,
        "nauc_map_at_1000_std": -0.455281,
        "nauc_map_at_1000_diff1": 0.408431,
        "nauc_recall_at_1_max": 0.029355,
        "nauc_recall_at_1_std": -0.443788,
        "nauc_recall_at_1_diff1": 0.490386,
        "nauc_recall_at_3_max": -0.037066,
        "nauc_recall_at_3_std": -0.536622,
        "nauc_recall_at_3_diff1": 0.307896,
        "nauc_recall_at_5_max": 0.121873,
        "nauc_recall_at_5_std": -0.324918,
        "nauc_recall_at_5_diff1": 0.173216,
        "nauc_recall_at_10_max": 0.468324,
        "nauc_recall_at_10_std": 0.039218,
        "nauc_recall_at_10_diff1": 0.032887,
        "nauc_recall_at_20_max": 0.555822,
        "nauc_recall_at_20_std": 0.219213,
        "nauc_recall_at_20_diff1": -0.04467,
        "nauc_recall_at_100_max": NaN,
        "nauc_recall_at_100_std": NaN,
        "nauc_recall_at_100_diff1": NaN,
        "nauc_recall_at_1000_max": NaN,
        "nauc_recall_at_1000_std": NaN,
        "nauc_recall_at_1000_diff1": NaN,
        "nauc_precision_at_1_max": 0.025865,
        "nauc_precision_at_1_std": -0.459401,
        "nauc_precision_at_1_diff1": 0.491489,
        "nauc_precision_at_3_max": 0.007036,
        "nauc_precision_at_3_std": -0.346552,
        "nauc_precision_at_3_diff1": 0.163861,
        "nauc_precision_at_5_max": 0.097321,
        "nauc_precision_at_5_std": -0.12291,
        "nauc_precision_at_5_diff1": 0.027595,
        "nauc_precision_at_10_max": 0.187785,
        "nauc_precision_at_10_std": 0.10224,
        "nauc_precision_at_10_diff1": -0.076525,
        "nauc_precision_at_20_max": 0.173746,
        "nauc_precision_at_20_std": 0.149844,
        "nauc_precision_at_20_diff1": -0.099538,
        "nauc_precision_at_100_max": 0.074917,
        "nauc_precision_at_100_std": 0.139821,
        "nauc_precision_at_100_diff1": -0.115007,
        "nauc_precision_at_1000_max": 0.074917,
        "nauc_precision_at_1000_std": 0.139821,
        "nauc_precision_at_1000_diff1": -0.115007,
        "nauc_mrr_at_1_max": 0.351915,
        "nauc_mrr_at_1_std": 0.163122,
        "nauc_mrr_at_1_diff1": -0.118147,
        "nauc_mrr_at_3_max": 0.293711,
        "nauc_mrr_at_3_std": 0.088393,
        "nauc_mrr_at_3_diff1": -0.047016,
        "nauc_mrr_at_5_max": 0.311884,
        "nauc_mrr_at_5_std": 0.1023,
        "nauc_mrr_at_5_diff1": -0.058757,
        "nauc_mrr_at_10_max": 0.32403,
        "nauc_mrr_at_10_std": 0.107805,
        "nauc_mrr_at_10_diff1": -0.064969,
        "nauc_mrr_at_20_max": 0.322628,
        "nauc_mrr_at_20_std": 0.111892,
        "nauc_mrr_at_20_diff1": -0.066618,
        "nauc_mrr_at_100_max": 0.32142,
        "nauc_mrr_at_100_std": 0.11077,
        "nauc_mrr_at_100_diff1": -0.066728,
        "nauc_mrr_at_1000_max": 0.32142,
        "nauc_mrr_at_1000_std": 0.11077,
        "nauc_mrr_at_1000_diff1": -0.066728,
        "main_score": 0.69883,
        "hf_subset": "korean",
        "languages": [
          "kor-Kore"
        ]
      }
    ]
  },
  "evaluation_time": 65.52707004547119,
  "kg_co2_emissions": null
}