{
  "dataset_revision": "d67138e705d963e346253a80e59676ddb418810a",
  "task_name": "MultiLongDocRetrieval",
  "mteb_version": "1.38.57",
  "scores": {
    "test": [
      {
        "ndcg_at_1": 0.455,
        "ndcg_at_3": 0.53678,
        "ndcg_at_5": 0.56153,
        "ndcg_at_10": 0.59742,
        "ndcg_at_20": 0.62411,
        "ndcg_at_100": 0.64966,
        "ndcg_at_1000": 0.64966,
        "map_at_1": 0.455,
        "map_at_3": 0.51667,
        "map_at_5": 0.53042,
        "map_at_10": 0.54543,
        "map_at_20": 0.55283,
        "map_at_100": 0.55682,
        "map_at_1000": 0.55682,
        "recall_at_1": 0.455,
        "recall_at_3": 0.595,
        "recall_at_5": 0.655,
        "recall_at_10": 0.765,
        "recall_at_20": 0.87,
        "recall_at_100": 1.0,
        "recall_at_1000": 1.0,
        "precision_at_1": 0.455,
        "precision_at_3": 0.19833,
        "precision_at_5": 0.131,
        "precision_at_10": 0.0765,
        "precision_at_20": 0.0435,
        "precision_at_100": 0.01,
        "precision_at_1000": 0.001,
        "mrr_at_1": 0.48,
        "mrr_at_3": 0.535,
        "mrr_at_5": 0.54875,
        "mrr_at_10": 0.562599,
        "mrr_at_20": 0.569607,
        "mrr_at_100": 0.573607,
        "mrr_at_1000": 0.573607,
        "nauc_ndcg_at_1_max": 0.306722,
        "nauc_ndcg_at_1_std": -0.095358,
        "nauc_ndcg_at_1_diff1": 0.471394,
        "nauc_ndcg_at_3_max": 0.306952,
        "nauc_ndcg_at_3_std": -0.079733,
        "nauc_ndcg_at_3_diff1": 0.465089,
        "nauc_ndcg_at_5_max": 0.300839,
        "nauc_ndcg_at_5_std": -0.089957,
        "nauc_ndcg_at_5_diff1": 0.468959,
        "nauc_ndcg_at_10_max": 0.294025,
        "nauc_ndcg_at_10_std": -0.101538,
        "nauc_ndcg_at_10_diff1": 0.465691,
        "nauc_ndcg_at_20_max": 0.29447,
        "nauc_ndcg_at_20_std": -0.115044,
        "nauc_ndcg_at_20_diff1": 0.472124,
        "nauc_ndcg_at_100_max": 0.298345,
        "nauc_ndcg_at_100_std": -0.097956,
        "nauc_ndcg_at_100_diff1": 0.466949,
        "nauc_ndcg_at_1000_max": 0.298345,
        "nauc_ndcg_at_1000_std": -0.097956,
        "nauc_ndcg_at_1000_diff1": 0.466949,
        "nauc_map_at_1_max": 0.306722,
        "nauc_map_at_1_std": -0.095358,
        "nauc_map_at_1_diff1": 0.471394,
        "nauc_map_at_3_max": 0.304032,
        "nauc_map_at_3_std": -0.086601,
        "nauc_map_at_3_diff1": 0.465969,
        "nauc_map_at_5_max": 0.300407,
        "nauc_map_at_5_std": -0.091989,
        "nauc_map_at_5_diff1": 0.467659,
        "nauc_map_at_10_max": 0.29938,
        "nauc_map_at_10_std": -0.094347,
        "nauc_map_at_10_diff1": 0.465486,
        "nauc_map_at_20_max": 0.29889,
        "nauc_map_at_20_std": -0.097671,
        "nauc_map_at_20_diff1": 0.467096,
        "nauc_map_at_100_max": 0.299511,
        "nauc_map_at_100_std": -0.09543,
        "nauc_map_at_100_diff1": 0.466463,
        "nauc_map_at_1000_max": 0.299511,
        "nauc_map_at_1000_std": -0.09543,
        "nauc_map_at_1000_diff1": 0.466463,
        "nauc_recall_at_1_max": 0.306722,
        "nauc_recall_at_1_std": -0.095358,
        "nauc_recall_at_1_diff1": 0.471394,
        "nauc_recall_at_3_max": 0.31725,
        "nauc_recall_at_3_std": -0.057199,
        "nauc_recall_at_3_diff1": 0.462683,
        "nauc_recall_at_5_max": 0.303099,
        "nauc_recall_at_5_std": -0.083745,
        "nauc_recall_at_5_diff1": 0.474935,
        "nauc_recall_at_10_max": 0.261833,
        "nauc_recall_at_10_std": -0.148566,
        "nauc_recall_at_10_diff1": 0.469722,
        "nauc_recall_at_20_max": 0.257035,
        "nauc_recall_at_20_std": -0.29162,
        "nauc_recall_at_20_diff1": 0.526235,
        "nauc_recall_at_100_max": NaN,
        "nauc_recall_at_100_std": NaN,
        "nauc_recall_at_100_diff1": NaN,
        "nauc_recall_at_1000_max": NaN,
        "nauc_recall_at_1000_std": NaN,
        "nauc_recall_at_1000_diff1": NaN,
        "nauc_precision_at_1_max": 0.306722,
        "nauc_precision_at_1_std": -0.095358,
        "nauc_precision_at_1_diff1": 0.471394,
        "nauc_precision_at_3_max": 0.31725,
        "nauc_precision_at_3_std": -0.057199,
        "nauc_precision_at_3_diff1": 0.462683,
        "nauc_precision_at_5_max": 0.303099,
        "nauc_precision_at_5_std": -0.083745,
        "nauc_precision_at_5_diff1": 0.474935,
        "nauc_precision_at_10_max": 0.261833,
        "nauc_precision_at_10_std": -0.148566,
        "nauc_precision_at_10_diff1": 0.469722,
        "nauc_precision_at_20_max": 0.257035,
        "nauc_precision_at_20_std": -0.29162,
        "nauc_precision_at_20_diff1": 0.526235,
        "nauc_precision_at_100_max": 1.0,
        "nauc_precision_at_100_std": 1.0,
        "nauc_precision_at_100_diff1": 1.0,
        "nauc_precision_at_1000_max": 1.0,
        "nauc_precision_at_1000_std": 1.0,
        "nauc_precision_at_1000_diff1": 1.0,
        "nauc_mrr_at_1_max": 0.354875,
        "nauc_mrr_at_1_std": 0.018763,
        "nauc_mrr_at_1_diff1": 0.404639,
        "nauc_mrr_at_3_max": 0.344776,
        "nauc_mrr_at_3_std": -0.001221,
        "nauc_mrr_at_3_diff1": 0.416761,
        "nauc_mrr_at_5_max": 0.34228,
        "nauc_mrr_at_5_std": -0.004757,
        "nauc_mrr_at_5_diff1": 0.417677,
        "nauc_mrr_at_10_max": 0.335842,
        "nauc_mrr_at_10_std": -0.013433,
        "nauc_mrr_at_10_diff1": 0.417597,
        "nauc_mrr_at_20_max": 0.337164,
        "nauc_mrr_at_20_std": -0.014082,
        "nauc_mrr_at_20_diff1": 0.418714,
        "nauc_mrr_at_100_max": 0.338251,
        "nauc_mrr_at_100_std": -0.010804,
        "nauc_mrr_at_100_diff1": 0.417481,
        "nauc_mrr_at_1000_max": 0.338251,
        "nauc_mrr_at_1000_std": -0.010804,
        "nauc_mrr_at_1000_diff1": 0.417481,
        "main_score": 0.59742,
        "hf_subset": "ko",
        "languages": [
          "kor-Hang"
        ]
      }
    ]
  },
  "evaluation_time": 1550.4818539619446,
  "kg_co2_emissions": null
}