{
  "dataset_revision": "main",
  "task_name": "PublicHealthQA",
  "mteb_version": "1.38.57",
  "scores": {
    "test": [
      {
        "ndcg_at_1": 0.45455,
        "ndcg_at_3": 0.5068,
        "ndcg_at_5": 0.51799,
        "ndcg_at_10": 0.53509,
        "ndcg_at_20": 0.54192,
        "ndcg_at_100": 0.54192,
        "ndcg_at_1000": 0.54192,
        "map_at_1": 0.45455,
        "map_at_3": 0.49351,
        "map_at_5": 0.5,
        "map_at_10": 0.50725,
        "map_at_20": 0.50926,
        "map_at_100": 0.50926,
        "map_at_1000": 0.50926,
        "recall_at_1": 0.45455,
        "recall_at_3": 0.54545,
        "recall_at_5": 0.57143,
        "recall_at_10": 0.62338,
        "recall_at_20": 0.64935,
        "recall_at_100": 0.64935,
        "recall_at_1000": 0.64935,
        "precision_at_1": 0.45455,
        "precision_at_3": 0.18182,
        "precision_at_5": 0.11429,
        "precision_at_10": 0.06234,
        "precision_at_20": 0.03247,
        "precision_at_100": 0.00649,
        "precision_at_1000": 0.00065,
        "mrr_at_1": 0.454545,
        "mrr_at_3": 0.5,
        "mrr_at_5": 0.503247,
        "mrr_at_10": 0.509199,
        "mrr_at_20": 0.512208,
        "mrr_at_100": 0.512208,
        "mrr_at_1000": 0.512208,
        "nauc_ndcg_at_1_max": 0.371018,
        "nauc_ndcg_at_1_std": 0.092451,
        "nauc_ndcg_at_1_diff1": 0.348412,
        "nauc_ndcg_at_3_max": 0.392516,
        "nauc_ndcg_at_3_std": 0.194556,
        "nauc_ndcg_at_3_diff1": 0.32057,
        "nauc_ndcg_at_5_max": 0.404421,
        "nauc_ndcg_at_5_std": 0.213452,
        "nauc_ndcg_at_5_diff1": 0.310622,
        "nauc_ndcg_at_10_max": 0.432789,
        "nauc_ndcg_at_10_std": 0.248471,
        "nauc_ndcg_at_10_diff1": 0.283158,
        "nauc_ndcg_at_20_max": 0.424535,
        "nauc_ndcg_at_20_std": 0.238086,
        "nauc_ndcg_at_20_diff1": 0.298103,
        "nauc_ndcg_at_100_max": 0.424535,
        "nauc_ndcg_at_100_std": 0.238086,
        "nauc_ndcg_at_100_diff1": 0.298103,
        "nauc_ndcg_at_1000_max": 0.424535,
        "nauc_ndcg_at_1000_std": 0.238086,
        "nauc_ndcg_at_1000_diff1": 0.298103,
        "nauc_map_at_1_max": 0.371018,
        "nauc_map_at_1_std": 0.092451,
        "nauc_map_at_1_diff1": 0.348412,
        "nauc_map_at_3_max": 0.387707,
        "nauc_map_at_3_std": 0.169171,
        "nauc_map_at_3_diff1": 0.324612,
        "nauc_map_at_5_max": 0.394488,
        "nauc_map_at_5_std": 0.179814,
        "nauc_map_at_5_diff1": 0.318946,
        "nauc_map_at_10_max": 0.406974,
        "nauc_map_at_10_std": 0.194853,
        "nauc_map_at_10_diff1": 0.307247,
        "nauc_map_at_20_max": 0.404573,
        "nauc_map_at_20_std": 0.191756,
        "nauc_map_at_20_diff1": 0.311566,
        "nauc_map_at_100_max": 0.404573,
        "nauc_map_at_100_std": 0.191756,
        "nauc_map_at_100_diff1": 0.311566,
        "nauc_map_at_1000_max": 0.404573,
        "nauc_map_at_1000_std": 0.191756,
        "nauc_map_at_1000_diff1": 0.311566,
        "nauc_recall_at_1_max": 0.371018,
        "nauc_recall_at_1_std": 0.092451,
        "nauc_recall_at_1_diff1": 0.348412,
        "nauc_recall_at_3_max": 0.406705,
        "nauc_recall_at_3_std": 0.27065,
        "nauc_recall_at_3_diff1": 0.309679,
        "nauc_recall_at_5_max": 0.436002,
        "nauc_recall_at_5_std": 0.318685,
        "nauc_recall_at_5_diff1": 0.285226,
        "nauc_recall_at_10_max": 0.527862,
        "nauc_recall_at_10_std": 0.438325,
        "nauc_recall_at_10_diff1": 0.19404,
        "nauc_recall_at_20_max": 0.496537,
        "nauc_recall_at_20_std": 0.4025,
        "nauc_recall_at_20_diff1": 0.254554,
        "nauc_recall_at_100_max": 0.496537,
        "nauc_recall_at_100_std": 0.4025,
        "nauc_recall_at_100_diff1": 0.254554,
        "nauc_recall_at_1000_max": 0.496537,
        "nauc_recall_at_1000_std": 0.4025,
        "nauc_recall_at_1000_diff1": 0.254554,
        "nauc_precision_at_1_max": 0.371018,
        "nauc_precision_at_1_std": 0.092451,
        "nauc_precision_at_1_diff1": 0.348412,
        "nauc_precision_at_3_max": 0.406705,
        "nauc_precision_at_3_std": 0.27065,
        "nauc_precision_at_3_diff1": 0.309679,
        "nauc_precision_at_5_max": 0.436002,
        "nauc_precision_at_5_std": 0.318685,
        "nauc_precision_at_5_diff1": 0.285226,
        "nauc_precision_at_10_max": 0.527862,
        "nauc_precision_at_10_std": 0.438325,
        "nauc_precision_at_10_diff1": 0.19404,
        "nauc_precision_at_20_max": 0.496537,
        "nauc_precision_at_20_std": 0.4025,
        "nauc_precision_at_20_diff1": 0.254554,
        "nauc_precision_at_100_max": 0.496537,
        "nauc_precision_at_100_std": 0.4025,
        "nauc_precision_at_100_diff1": 0.254554,
        "nauc_precision_at_1000_max": 0.496537,
        "nauc_precision_at_1000_std": 0.4025,
        "nauc_precision_at_1000_diff1": 0.254554,
        "nauc_mrr_at_1_max": 0.465494,
        "nauc_mrr_at_1_std": 0.156031,
        "nauc_mrr_at_1_diff1": 0.348412,
        "nauc_mrr_at_3_max": 0.460917,
        "nauc_mrr_at_3_std": 0.235674,
        "nauc_mrr_at_3_diff1": 0.307949,
        "nauc_mrr_at_5_max": 0.455643,
        "nauc_mrr_at_5_std": 0.229637,
        "nauc_mrr_at_5_diff1": 0.310567,
        "nauc_mrr_at_10_max": 0.471062,
        "nauc_mrr_at_10_std": 0.247984,
        "nauc_mrr_at_10_diff1": 0.299483,
        "nauc_mrr_at_20_max": 0.467075,
        "nauc_mrr_at_20_std": 0.242898,
        "nauc_mrr_at_20_diff1": 0.303224,
        "nauc_mrr_at_100_max": 0.467075,
        "nauc_mrr_at_100_std": 0.242898,
        "nauc_mrr_at_100_diff1": 0.303224,
        "nauc_mrr_at_1000_max": 0.467075,
        "nauc_mrr_at_1000_std": 0.242898,
        "nauc_mrr_at_1000_diff1": 0.303224,
        "main_score": 0.53509,
        "hf_subset": "korean",
        "languages": [
          "kor-Hang"
        ]
      }
    ]
  },
  "evaluation_time": 14.115601778030396,
  "kg_co2_emissions": null
}