{
  "dataset_revision": "c99d599f0a6ab9b85b065da6f9d94f9cf731679f",
  "task_name": "XPQARetrieval",
  "mteb_version": "1.38.57",
  "scores": {
    "test": [
      {
        "ndcg_at_1": 0.35321,
        "ndcg_at_3": 0.4003,
        "ndcg_at_5": 0.43344,
        "ndcg_at_10": 0.47165,
        "ndcg_at_20": 0.50507,
        "ndcg_at_100": 0.56245,
        "ndcg_at_1000": 0.56245,
        "map_at_1": 0.25456,
        "map_at_3": 0.36535,
        "map_at_5": 0.39213,
        "map_at_10": 0.41079,
        "map_at_20": 0.42157,
        "map_at_100": 0.43247,
        "map_at_1000": 0.43247,
        "recall_at_1": 0.25456,
        "recall_at_3": 0.43201,
        "recall_at_5": 0.51325,
        "recall_at_10": 0.61789,
        "recall_at_20": 0.73581,
        "recall_at_100": 1.0,
        "recall_at_1000": 1.0,
        "precision_at_1": 0.35321,
        "precision_at_3": 0.22528,
        "precision_at_5": 0.16208,
        "precision_at_10": 0.09755,
        "precision_at_20": 0.05826,
        "precision_at_100": 0.01564,
        "precision_at_1000": 0.00156,
        "mrr_at_1": 0.385321,
        "mrr_at_3": 0.438328,
        "mrr_at_5": 0.453313,
        "mrr_at_10": 0.466653,
        "mrr_at_20": 0.474677,
        "mrr_at_100": 0.481343,
        "mrr_at_1000": 0.481343,
        "nauc_ndcg_at_1_max": 0.11132,
        "nauc_ndcg_at_1_std": -0.162466,
        "nauc_ndcg_at_1_diff1": 0.417215,
        "nauc_ndcg_at_3_max": 0.0855,
        "nauc_ndcg_at_3_std": -0.198786,
        "nauc_ndcg_at_3_diff1": 0.400324,
        "nauc_ndcg_at_5_max": 0.073664,
        "nauc_ndcg_at_5_std": -0.212767,
        "nauc_ndcg_at_5_diff1": 0.395214,
        "nauc_ndcg_at_10_max": 0.068407,
        "nauc_ndcg_at_10_std": -0.208731,
        "nauc_ndcg_at_10_diff1": 0.408456,
        "nauc_ndcg_at_20_max": 0.09294,
        "nauc_ndcg_at_20_std": -0.173131,
        "nauc_ndcg_at_20_diff1": 0.396002,
        "nauc_ndcg_at_100_max": 0.092617,
        "nauc_ndcg_at_100_std": -0.17807,
        "nauc_ndcg_at_100_diff1": 0.389325,
        "nauc_ndcg_at_1000_max": 0.092617,
        "nauc_ndcg_at_1000_std": -0.17807,
        "nauc_ndcg_at_1000_diff1": 0.389325,
        "nauc_map_at_1_max": 0.049499,
        "nauc_map_at_1_std": -0.201871,
        "nauc_map_at_1_diff1": 0.45495,
        "nauc_map_at_3_max": 0.087735,
        "nauc_map_at_3_std": -0.189671,
        "nauc_map_at_3_diff1": 0.399855,
        "nauc_map_at_5_max": 0.079131,
        "nauc_map_at_5_std": -0.198349,
        "nauc_map_at_5_diff1": 0.392069,
        "nauc_map_at_10_max": 0.077591,
        "nauc_map_at_10_std": -0.195833,
        "nauc_map_at_10_diff1": 0.398351,
        "nauc_map_at_20_max": 0.085891,
        "nauc_map_at_20_std": -0.184669,
        "nauc_map_at_20_diff1": 0.394171,
        "nauc_map_at_100_max": 0.086644,
        "nauc_map_at_100_std": -0.183767,
        "nauc_map_at_100_diff1": 0.39146,
        "nauc_map_at_1000_max": 0.086644,
        "nauc_map_at_1000_std": -0.183767,
        "nauc_map_at_1000_diff1": 0.39146,
        "nauc_recall_at_1_max": 0.049499,
        "nauc_recall_at_1_std": -0.201871,
        "nauc_recall_at_1_diff1": 0.45495,
        "nauc_recall_at_3_max": 0.069338,
        "nauc_recall_at_3_std": -0.217375,
        "nauc_recall_at_3_diff1": 0.390387,
        "nauc_recall_at_5_max": 0.049645,
        "nauc_recall_at_5_std": -0.243908,
        "nauc_recall_at_5_diff1": 0.384064,
        "nauc_recall_at_10_max": 0.025807,
        "nauc_recall_at_10_std": -0.243381,
        "nauc_recall_at_10_diff1": 0.428322,
        "nauc_recall_at_20_max": 0.112042,
        "nauc_recall_at_20_std": -0.104653,
        "nauc_recall_at_20_diff1": 0.385493,
        "nauc_recall_at_100_max": NaN,
        "nauc_recall_at_100_std": NaN,
        "nauc_recall_at_100_diff1": NaN,
        "nauc_recall_at_1000_max": NaN,
        "nauc_recall_at_1000_std": NaN,
        "nauc_recall_at_1000_diff1": NaN,
        "nauc_precision_at_1_max": 0.11132,
        "nauc_precision_at_1_std": -0.162466,
        "nauc_precision_at_1_diff1": 0.417215,
        "nauc_precision_at_3_max": 0.117906,
        "nauc_precision_at_3_std": -0.100357,
        "nauc_precision_at_3_diff1": 0.226945,
        "nauc_precision_at_5_max": 0.087032,
        "nauc_precision_at_5_std": -0.10261,
        "nauc_precision_at_5_diff1": 0.178015,
        "nauc_precision_at_10_max": 0.070808,
        "nauc_precision_at_10_std": -0.070044,
        "nauc_precision_at_10_diff1": 0.16671,
        "nauc_precision_at_20_max": 0.141732,
        "nauc_precision_at_20_std": 0.069734,
        "nauc_precision_at_20_diff1": 0.070262,
        "nauc_precision_at_100_max": 0.140109,
        "nauc_precision_at_100_std": 0.169147,
        "nauc_precision_at_100_diff1": -0.129153,
        "nauc_precision_at_1000_max": 0.140109,
        "nauc_precision_at_1000_std": 0.169147,
        "nauc_precision_at_1000_diff1": -0.129153,
        "nauc_mrr_at_1_max": 0.2027,
        "nauc_mrr_at_1_std": -0.058809,
        "nauc_mrr_at_1_diff1": 0.333729,
        "nauc_mrr_at_3_max": 0.161968,
        "nauc_mrr_at_3_std": -0.112406,
        "nauc_mrr_at_3_diff1": 0.347029,
        "nauc_mrr_at_5_max": 0.159423,
        "nauc_mrr_at_5_std": -0.119044,
        "nauc_mrr_at_5_diff1": 0.350002,
        "nauc_mrr_at_10_max": 0.156461,
        "nauc_mrr_at_10_std": -0.116579,
        "nauc_mrr_at_10_diff1": 0.352504,
        "nauc_mrr_at_20_max": 0.161001,
        "nauc_mrr_at_20_std": -0.110599,
        "nauc_mrr_at_20_diff1": 0.348537,
        "nauc_mrr_at_100_max": 0.161685,
        "nauc_mrr_at_100_std": -0.110528,
        "nauc_mrr_at_100_diff1": 0.34776,
        "nauc_mrr_at_1000_max": 0.161685,
        "nauc_mrr_at_1000_std": -0.110528,
        "nauc_mrr_at_1000_diff1": 0.34776,
        "main_score": 0.47165,
        "hf_subset": "kor-kor",
        "languages": [
          "kor-Hang",
          "kor-Hang"
        ]
      },
      {
        "ndcg_at_1": 0.05352,
        "ndcg_at_3": 0.03946,
        "ndcg_at_5": 0.03827,
        "ndcg_at_10": 0.03937,
        "ndcg_at_20": 0.03976,
        "ndcg_at_100": 0.04232,
        "ndcg_at_1000": 0.04232,
        "map_at_1": 0.02638,
        "map_at_3": 0.03078,
        "map_at_5": 0.03116,
        "map_at_10": 0.0316,
        "map_at_20": 0.03171,
        "map_at_100": 0.03204,
        "map_at_1000": 0.03204,
        "recall_at_1": 0.02638,
        "recall_at_3": 0.03509,
        "recall_at_5": 0.03662,
        "recall_at_10": 0.03891,
        "recall_at_20": 0.04044,
        "recall_at_100": 0.05306,
        "recall_at_1000": 0.05306,
        "precision_at_1": 0.05352,
        "precision_at_3": 0.02294,
        "precision_at_5": 0.01407,
        "precision_at_10": 0.00765,
        "precision_at_20": 0.0039,
        "precision_at_100": 0.00096,
        "precision_at_1000": 0.0001,
        "mrr_at_1": 0.053517,
        "mrr_at_3": 0.058614,
        "mrr_at_5": 0.058919,
        "mrr_at_10": 0.059684,
        "mrr_at_20": 0.059786,
        "mrr_at_100": 0.060197,
        "mrr_at_1000": 0.060197,
        "nauc_ndcg_at_1_max": 0.438523,
        "nauc_ndcg_at_1_std": 0.443338,
        "nauc_ndcg_at_1_diff1": 0.489026,
        "nauc_ndcg_at_3_max": 0.434401,
        "nauc_ndcg_at_3_std": 0.438292,
        "nauc_ndcg_at_3_diff1": 0.461943,
        "nauc_ndcg_at_5_max": 0.420142,
        "nauc_ndcg_at_5_std": 0.421449,
        "nauc_ndcg_at_5_diff1": 0.450124,
        "nauc_ndcg_at_10_max": 0.423878,
        "nauc_ndcg_at_10_std": 0.425149,
        "nauc_ndcg_at_10_diff1": 0.446361,
        "nauc_ndcg_at_20_max": 0.415625,
        "nauc_ndcg_at_20_std": 0.416884,
        "nauc_ndcg_at_20_diff1": 0.437888,
        "nauc_ndcg_at_100_max": 0.401762,
        "nauc_ndcg_at_100_std": 0.402629,
        "nauc_ndcg_at_100_diff1": 0.410269,
        "nauc_ndcg_at_1000_max": 0.401762,
        "nauc_ndcg_at_1000_std": 0.402629,
        "nauc_ndcg_at_1000_diff1": 0.410269,
        "nauc_map_at_1_max": 0.438007,
        "nauc_map_at_1_std": 0.447776,