{
  "dataset_revision": "fd7df84ac089bbec763b1c6bb1b56e985df5cc5c",
  "task_name": "AutoRAGRetrieval",
  "mteb_version": "1.15.4",
  "scores": {
    "test": [
      {
        "ndcg_at_1": 0.79825,
        "ndcg_at_3": 0.89766,
        "ndcg_at_5": 0.90105,
        "ndcg_at_10": 0.90418,
        "ndcg_at_20": 0.90655,
        "ndcg_at_100": 0.90849,
        "ndcg_at_1000": 0.90849,
        "map_at_1": 0.79825,
        "map_at_3": 0.87427,
        "map_at_5": 0.87602,
        "map_at_10": 0.87749,
        "map_at_20": 0.87822,
        "map_at_100": 0.87862,
        "map_at_1000": 0.87862,
        "recall_at_1": 0.79825,
        "recall_at_3": 0.96491,
        "recall_at_5": 0.97368,
        "recall_at_10": 0.98246,
        "recall_at_20": 0.99123,
        "recall_at_100": 1.0,
        "recall_at_1000": 1.0,
        "precision_at_1": 0.79825,
        "precision_at_3": 0.32164,
        "precision_at_5": 0.19474,
        "precision_at_10": 0.09825,
        "precision_at_20": 0.04956,
        "precision_at_100": 0.01,
        "precision_at_1000": 0.001,
        "mrr_at_1": 0.798246,
        "mrr_at_3": 0.874269,
        "mrr_at_5": 0.876023,
        "mrr_at_10": 0.877485,
        "mrr_at_20": 0.878216,
        "mrr_at_100": 0.878615,
        "mrr_at_1000": 0.878615,
        "nauc_ndcg_at_1_max": 0.553495,
        "nauc_ndcg_at_1_std": 0.259779,
        "nauc_ndcg_at_1_diff1": 0.871022,
        "nauc_ndcg_at_3_max": 0.56861,
        "nauc_ndcg_at_3_std": 0.256945,
        "nauc_ndcg_at_3_diff1": 0.821219,
        "nauc_ndcg_at_5_max": 0.56911,
        "nauc_ndcg_at_5_std": 0.246181,
        "nauc_ndcg_at_5_diff1": 0.837979,
        "nauc_ndcg_at_10_max": 0.563833,
        "nauc_ndcg_at_10_std": 0.250448,
        "nauc_ndcg_at_10_diff1": 0.836884,
        "nauc_ndcg_at_20_max": 0.569366,
        "nauc_ndcg_at_20_std": 0.253886,
        "nauc_ndcg_at_20_diff1": 0.844449,
        "nauc_ndcg_at_100_max": 0.559707,
        "nauc_ndcg_at_100_std": 0.247138,
        "nauc_ndcg_at_100_diff1": 0.843881,
        "nauc_ndcg_at_1000_max": 0.559707,
        "nauc_ndcg_at_1000_std": 0.247138,
        "nauc_ndcg_at_1000_diff1": 0.843881,
        "nauc_map_at_1_max": 0.553495,
        "nauc_map_at_1_std": 0.259779,
        "nauc_map_at_1_diff1": 0.871022,
        "nauc_map_at_3_max": 0.55983,
        "nauc_map_at_3_std": 0.249783,
        "nauc_map_at_3_diff1": 0.837758,
        "nauc_map_at_5_max": 0.559906,
        "nauc_map_at_5_std": 0.245215,
        "nauc_map_at_5_diff1": 0.844951,
        "nauc_map_at_10_max": 0.557851,
        "nauc_map_at_10_std": 0.24677,
        "nauc_map_at_10_diff1": 0.844637,
        "nauc_map_at_20_max": 0.559126,
        "nauc_map_at_20_std": 0.247562,
        "nauc_map_at_20_diff1": 0.846481,
        "nauc_map_at_100_max": 0.557591,
        "nauc_map_at_100_std": 0.246492,
        "nauc_map_at_100_diff1": 0.8464,
        "nauc_map_at_1000_max": 0.557591,
        "nauc_map_at_1000_std": 0.246492,
        "nauc_map_at_1000_diff1": 0.8464,
        "nauc_recall_at_1_max": 0.553495,
        "nauc_recall_at_1_std": 0.259779,
        "nauc_recall_at_1_diff1": 0.871022,
        "nauc_recall_at_3_max": 0.658674,
        "nauc_recall_at_3_std": 0.338497,
        "nauc_recall_at_3_diff1": 0.662966,
        "nauc_recall_at_5_max": 0.693311,
        "nauc_recall_at_5_std": 0.266409,
        "nauc_recall_at_5_diff1": 0.764779,
        "nauc_recall_at_10_max": 0.678764,
        "nauc_recall_at_10_std": 0.338497,
        "nauc_recall_at_10_diff1": 0.712274,
        "nauc_recall_at_20_max": 1.0,
        "nauc_recall_at_20_std": 0.55476,
        "nauc_recall_at_20_diff1": 0.869789,
        "nauc_recall_at_100_max": NaN,
        "nauc_recall_at_100_std": NaN,
        "nauc_recall_at_100_diff1": NaN,
        "nauc_recall_at_1000_max": NaN,
        "nauc_recall_at_1000_std": NaN,
        "nauc_recall_at_1000_diff1": NaN,
        "nauc_precision_at_1_max": 0.553495,
        "nauc_precision_at_1_std": 0.259779,
        "nauc_precision_at_1_diff1": 0.871022,
        "nauc_precision_at_3_max": 0.658674,
        "nauc_precision_at_3_std": 0.338497,
        "nauc_precision_at_3_diff1": 0.662966,
        "nauc_precision_at_5_max": 0.693311,
        "nauc_precision_at_5_std": 0.266409,
        "nauc_precision_at_5_diff1": 0.764779,
        "nauc_precision_at_10_max": 0.678764,
        "nauc_precision_at_10_std": 0.338497,
        "nauc_precision_at_10_diff1": 0.712274,
        "nauc_precision_at_20_max": 1.0,
        "nauc_precision_at_20_std": 0.55476,
        "nauc_precision_at_20_diff1": 0.869789,
        "nauc_precision_at_100_max": 1.0,
        "nauc_precision_at_100_std": 1.0,
        "nauc_precision_at_100_diff1": 1.0,
        "nauc_precision_at_1000_max": 1.0,
        "nauc_precision_at_1000_std": 1.0,
        "nauc_precision_at_1000_diff1": 1.0,
        "nauc_mrr_at_1_max": 0.553495,
        "nauc_mrr_at_1_std": 0.259779,
        "nauc_mrr_at_1_diff1": 0.871022,
        "nauc_mrr_at_3_max": 0.55983,
        "nauc_mrr_at_3_std": 0.249783,
        "nauc_mrr_at_3_diff1": 0.837758,
        "nauc_mrr_at_5_max": 0.559906,
        "nauc_mrr_at_5_std": 0.245215,
        "nauc_mrr_at_5_diff1": 0.844951,
        "nauc_mrr_at_10_max": 0.557851,
        "nauc_mrr_at_10_std": 0.24677,
        "nauc_mrr_at_10_diff1": 0.844637,
        "nauc_mrr_at_20_max": 0.559126,
        "nauc_mrr_at_20_std": 0.247562,
        "nauc_mrr_at_20_diff1": 0.846481,
        "nauc_mrr_at_100_max": 0.557591,
        "nauc_mrr_at_100_std": 0.246492,
        "nauc_mrr_at_100_diff1": 0.8464,
        "nauc_mrr_at_1000_max": 0.557591,
        "nauc_mrr_at_1000_std": 0.246492,
        "nauc_mrr_at_1000_diff1": 0.8464,
        "main_score": 0.90418,
        "hf_subset": "default",
        "languages": [
          "kor-Hang"
        ]
      }
    ]
  },
  "evaluation_time": 148.623113155365,
  "kg_co2_emissions": null
}