{
  "dataset_revision": "75b399394a9803252cfec289d103de462763db7c",
  "task_name": "BelebeleRetrieval",
  "mteb_version": "1.15.4",
  "scores": {
    "test": [
      {
        "ndcg_at_1": 0.77778,
        "ndcg_at_3": 0.84729,
        "ndcg_at_5": 0.85776,
        "ndcg_at_10": 0.86665,
        "ndcg_at_20": 0.87098,
        "ndcg_at_100": 0.87283,
        "ndcg_at_1000": 0.87585,
        "map_at_1": 0.77778,
        "map_at_3": 0.83056,
        "map_at_5": 0.83633,
        "map_at_10": 0.83995,
        "map_at_20": 0.84119,
        "map_at_100": 0.84144,
        "map_at_1000": 0.84154,
        "recall_at_1": 0.77778,
        "recall_at_3": 0.89556,
        "recall_at_5": 0.92111,
        "recall_at_10": 0.94889,
        "recall_at_20": 0.96556,
        "recall_at_100": 0.97556,
        "recall_at_1000": 1.0,
        "precision_at_1": 0.77778,
        "precision_at_3": 0.29852,
        "precision_at_5": 0.18422,
        "precision_at_10": 0.09489,
        "precision_at_20": 0.04828,
        "precision_at_100": 0.00976,
        "precision_at_1000": 0.001,
        "mrr_at_1": 0.777778,
        "mrr_at_3": 0.830556,
        "mrr_at_5": 0.836333,
        "mrr_at_10": 0.839949,
        "mrr_at_20": 0.841194,
        "mrr_at_100": 0.841444,
        "mrr_at_1000": 0.841539,
        "nauc_ndcg_at_1_max": 0.809011,
        "nauc_ndcg_at_1_std": 0.418265,
        "nauc_ndcg_at_1_diff1": 0.845165,
        "nauc_ndcg_at_3_max": 0.824051,
        "nauc_ndcg_at_3_std": 0.444935,
        "nauc_ndcg_at_3_diff1": 0.808064,
        "nauc_ndcg_at_5_max": 0.825659,
        "nauc_ndcg_at_5_std": 0.451177,
        "nauc_ndcg_at_5_diff1": 0.813185,
        "nauc_ndcg_at_10_max": 0.822217,
        "nauc_ndcg_at_10_std": 0.445527,
        "nauc_ndcg_at_10_diff1": 0.814116,
        "nauc_ndcg_at_20_max": 0.822187,
        "nauc_ndcg_at_20_std": 0.446867,
        "nauc_ndcg_at_20_diff1": 0.815722,
        "nauc_ndcg_at_100_max": 0.821906,
        "nauc_ndcg_at_100_std": 0.442963,
        "nauc_ndcg_at_100_diff1": 0.818035,
        "nauc_ndcg_at_1000_max": 0.821167,
        "nauc_ndcg_at_1000_std": 0.441622,
        "nauc_ndcg_at_1000_diff1": 0.819382,
        "nauc_map_at_1_max": 0.809011,
        "nauc_map_at_1_std": 0.418265,
        "nauc_map_at_1_diff1": 0.845165,
        "nauc_map_at_3_max": 0.819976,
        "nauc_map_at_3_std": 0.43679,
        "nauc_map_at_3_diff1": 0.818585,
        "nauc_map_at_5_max": 0.820741,
        "nauc_map_at_5_std": 0.439944,
        "nauc_map_at_5_diff1": 0.821536,
        "nauc_map_at_10_max": 0.819416,
        "nauc_map_at_10_std": 0.437651,
        "nauc_map_at_10_diff1": 0.822015,
        "nauc_map_at_20_max": 0.819352,
        "nauc_map_at_20_std": 0.437623,
        "nauc_map_at_20_diff1": 0.822476,
        "nauc_map_at_100_max": 0.819328,
        "nauc_map_at_100_std": 0.437155,
        "nauc_map_at_100_diff1": 0.822806,
        "nauc_map_at_1000_max": 0.819323,
        "nauc_map_at_1000_std": 0.437172,
        "nauc_map_at_1000_diff1": 0.822846,
        "nauc_recall_at_1_max": 0.809011,
        "nauc_recall_at_1_std": 0.418265,
        "nauc_recall_at_1_diff1": 0.845165,
        "nauc_recall_at_3_max": 0.84167,
        "nauc_recall_at_3_std": 0.480807,
        "nauc_recall_at_3_diff1": 0.762246,
        "nauc_recall_at_5_max": 0.852843,
        "nauc_recall_at_5_std": 0.514657,
        "nauc_recall_at_5_diff1": 0.768362,
        "nauc_recall_at_10_max": 0.841625,
        "nauc_recall_at_10_std": 0.507297,
        "nauc_recall_at_10_diff1": 0.751715,
        "nauc_recall_at_20_max": 0.851586,
        "nauc_recall_at_20_std": 0.564531,
        "nauc_recall_at_20_diff1": 0.742553,
        "nauc_recall_at_100_max": 0.854957,
        "nauc_recall_at_100_std": 0.511799,
        "nauc_recall_at_100_diff1": 0.767316,
        "nauc_recall_at_1000_max": NaN,
        "nauc_recall_at_1000_std": NaN,
        "nauc_recall_at_1000_diff1": NaN,
        "nauc_precision_at_1_max": 0.809011,
        "nauc_precision_at_1_std": 0.418265,
        "nauc_precision_at_1_diff1": 0.845165,
        "nauc_precision_at_3_max": 0.84167,
        "nauc_precision_at_3_std": 0.480807,
        "nauc_precision_at_3_diff1": 0.762246,
        "nauc_precision_at_5_max": 0.852843,
        "nauc_precision_at_5_std": 0.514657,
        "nauc_precision_at_5_diff1": 0.768362,
        "nauc_precision_at_10_max": 0.841625,
        "nauc_precision_at_10_std": 0.507297,
        "nauc_precision_at_10_diff1": 0.751715,
        "nauc_precision_at_20_max": 0.851586,
        "nauc_precision_at_20_std": 0.564531,
        "nauc_precision_at_20_diff1": 0.742553,
        "nauc_precision_at_100_max": 0.854957,
        "nauc_precision_at_100_std": 0.511799,
        "nauc_precision_at_100_diff1": 0.767316,
        "nauc_precision_at_1000_max": NaN,
        "nauc_precision_at_1000_std": NaN,
        "nauc_precision_at_1000_diff1": NaN,
        "nauc_mrr_at_1_max": 0.809011,
        "nauc_mrr_at_1_std": 0.418265,
        "nauc_mrr_at_1_diff1": 0.845165,
        "nauc_mrr_at_3_max": 0.819976,
        "nauc_mrr_at_3_std": 0.43679,
        "nauc_mrr_at_3_diff1": 0.818585,
        "nauc_mrr_at_5_max": 0.820741,
        "nauc_mrr_at_5_std": 0.439944,
        "nauc_mrr_at_5_diff1": 0.821536,
        "nauc_mrr_at_10_max": 0.819416,
        "nauc_mrr_at_10_std": 0.437651,
        "nauc_mrr_at_10_diff1": 0.822015,
        "nauc_mrr_at_20_max": 0.819352,
        "nauc_mrr_at_20_std": 0.437623,
        "nauc_mrr_at_20_diff1": 0.822476,
        "nauc_mrr_at_100_max": 0.819328,
        "nauc_mrr_at_100_std": 0.437155,
        "nauc_mrr_at_100_diff1": 0.822806,
        "nauc_mrr_at_1000_max": 0.819323,
        "nauc_mrr_at_1000_std": 0.437172,
        "nauc_mrr_at_1000_diff1": 0.822846,
        "main_score": 0.86665,
        "hf_subset": "kor_Hang-kor_Hang",
        "languages": [
          "kor-Hang",
          "kor-Hang"
        ]
      },
      {
        "ndcg_at_1": 0.07111,
        "ndcg_at_3": 0.093,
        "ndcg_at_5": 0.10161,
        "ndcg_at_10": 0.11272,
        "ndcg_at_20": 0.11896,
        "ndcg_at_100": 0.14471,
        "ndcg_at_1000": 0.22638,
        "map_at_1": 0.07111,
        "map_at_3": 0.08685,
        "map_at_5": 0.09157,
        "map_at_10": 0.09614,
        "map_at_20": 0.09788,
        "map_at_100": 0.10069,
        "map_at_1000": 0.10332,
        "recall_at_1": 0.07111,
        "recall_at_3": 0.11111,
        "recall_at_5": 0.13222,
        "recall_at_10": 0.16667,
        "recall_at_20": 0.19111,
        "recall_at_100": 0.34111,
        "recall_at_1000": 1.0,
        "precision_at_1": 0.07111,
        "precision_at_3": 0.03704,
        "precision_at_5": 0.02644,
        "precision_at_10": 0.01667,
        "precision_at_20": 0.00956,
        "precision_at_100": 0.00341,
        "precision_at_1000": 0.001,
        "mrr_at_1": 0.071111,
        "mrr_at_3": 0.086852,
        "mrr_at_5": 0.091574,
        "mrr_at_10": 0.096378,
        "mrr_at_20": 0.098074,
        "mrr_at_100": 0.10095,
        "mrr_at_1000": 0.103697,
        "nauc_ndcg_at_1_max": 0.476414,
        "nauc_ndcg_at_1_std": 0.142725,
        "nauc_ndcg_at_1_diff1": 0.625084,
        "nauc_ndcg_at_3_max": 0.34648,
        "nauc_ndcg_at_3_std": 0.101061,
        "nauc_ndcg_at_3_diff1": 0.429993,
        "nauc_ndcg_at_5_max": 0.327806,
        "nauc_ndcg_at_5_std": 0.101383,
        "nauc_ndcg_at_5_diff1": 0.403941,
        "nauc_ndcg_at_10_max": 0.313919,
        "nauc_ndcg_at_10_std": 0.120124,
        "nauc_ndcg_at_10_diff1": 0.379783,
        "nauc_ndcg_at_20_max": 0.308375,
        "nauc_ndcg_at_20_std": 0.128266,
        "nauc_ndcg_at_20_diff1": 0.369909,
        "nauc_ndcg_at_100_max": 0.293514,
        "nauc_ndcg_at_100_std": 0.132308,
        "nauc_ndcg_at_100_diff1": 0.344615,
        "nauc_ndcg_at_1000_max": 0.319215,
        "nauc_ndcg_at_1000_std": 0.126008,
        "nauc_ndcg_at_1000_diff1": 0.386739,
        "nauc_map_at_1_max": 0.476414,
        "nauc_map_at_1_std": 0.142725,