{
  "dataset_revision": "d243889a3eb6654029dbd7e7f9319ae31d58f97c",
  "task_name": "Ko-StrategyQA",
  "mteb_version": "1.15.4",
  "scores": {
    "dev": [
      {
        "ndcg_at_1": 0.41047,
        "ndcg_at_3": 0.46536,
        "ndcg_at_5": 0.50556,
        "ndcg_at_10": 0.53967,
        "ndcg_at_20": 0.55865,
        "ndcg_at_100": 0.58122,
        "ndcg_at_1000": 0.59098,
        "map_at_1": 0.26273,
        "map_at_3": 0.40956,
        "map_at_5": 0.43894,
        "map_at_10": 0.4583,
        "map_at_20": 0.46562,
        "map_at_100": 0.47031,
        "map_at_1000": 0.47078,
        "recall_at_1": 0.26273,
        "recall_at_3": 0.51069,
        "recall_at_5": 0.59357,
        "recall_at_10": 0.67814,
        "recall_at_20": 0.73887,
        "recall_at_100": 0.83552,
        "recall_at_1000": 0.89722,
        "precision_at_1": 0.41047,
        "precision_at_3": 0.28716,
        "precision_at_5": 0.20574,
        "precision_at_10": 0.12044,
        "precision_at_20": 0.06655,
        "precision_at_100": 0.01541,
        "precision_at_1000": 0.00169,
        "mrr_at_1": 0.410473,
        "mrr_at_3": 0.520552,
        "mrr_at_5": 0.538373,
        "mrr_at_10": 0.547492,
        "mrr_at_20": 0.54993,
        "mrr_at_100": 0.551696,
        "mrr_at_1000": 0.551909,
        "nauc_ndcg_at_1_max": 0.498501,
        "nauc_ndcg_at_1_std": 0.30087,
        "nauc_ndcg_at_1_diff1": 0.138123,
        "nauc_ndcg_at_3_max": 0.453778,
        "nauc_ndcg_at_3_std": 0.298696,
        "nauc_ndcg_at_3_diff1": 0.070643,
        "nauc_ndcg_at_5_max": 0.453638,
        "nauc_ndcg_at_5_std": 0.289113,
        "nauc_ndcg_at_5_diff1": 0.066157,
        "nauc_ndcg_at_10_max": 0.47899,
        "nauc_ndcg_at_10_std": 0.315036,
        "nauc_ndcg_at_10_diff1": 0.06781,
        "nauc_ndcg_at_20_max": 0.480364,
        "nauc_ndcg_at_20_std": 0.320796,
        "nauc_ndcg_at_20_diff1": 0.05774,
        "nauc_ndcg_at_100_max": 0.474812,
        "nauc_ndcg_at_100_std": 0.344767,
        "nauc_ndcg_at_100_diff1": 0.039919,
        "nauc_ndcg_at_1000_max": 0.477061,
        "nauc_ndcg_at_1000_std": 0.344518,
        "nauc_ndcg_at_1000_diff1": 0.043054,
        "nauc_map_at_1_max": 0.360181,
        "nauc_map_at_1_std": 0.207068,
        "nauc_map_at_1_diff1": 0.152386,
        "nauc_map_at_3_max": 0.43929,
        "nauc_map_at_3_std": 0.275586,
        "nauc_map_at_3_diff1": 0.092762,
        "nauc_map_at_5_max": 0.442594,
        "nauc_map_at_5_std": 0.272178,
        "nauc_map_at_5_diff1": 0.0899,
        "nauc_map_at_10_max": 0.457205,
        "nauc_map_at_10_std": 0.28498,
        "nauc_map_at_10_diff1": 0.092649,
        "nauc_map_at_20_max": 0.458449,
        "nauc_map_at_20_std": 0.287157,
        "nauc_map_at_20_diff1": 0.088053,
        "nauc_map_at_100_max": 0.458219,
        "nauc_map_at_100_std": 0.291915,
        "nauc_map_at_100_diff1": 0.085223,
        "nauc_map_at_1000_max": 0.458421,
        "nauc_map_at_1000_std": 0.292012,
        "nauc_map_at_1000_diff1": 0.085429,
        "nauc_recall_at_1_max": 0.360181,
        "nauc_recall_at_1_std": 0.207068,
        "nauc_recall_at_1_diff1": 0.152386,
        "nauc_recall_at_3_max": 0.39745,
        "nauc_recall_at_3_std": 0.28638,
        "nauc_recall_at_3_diff1": 0.017903,
        "nauc_recall_at_5_max": 0.389819,
        "nauc_recall_at_5_std": 0.263922,
        "nauc_recall_at_5_diff1": 0.003047,
        "nauc_recall_at_10_max": 0.444754,
        "nauc_recall_at_10_std": 0.32726,
        "nauc_recall_at_10_diff1": 0.001297,
        "nauc_recall_at_20_max": 0.437848,
        "nauc_recall_at_20_std": 0.352452,
        "nauc_recall_at_20_diff1": -0.051116,
        "nauc_recall_at_100_max": 0.379836,
        "nauc_recall_at_100_std": 0.543979,
        "nauc_recall_at_100_diff1": -0.230349,
        "nauc_recall_at_1000_max": 0.376112,
        "nauc_recall_at_1000_std": 0.660785,
        "nauc_recall_at_1000_diff1": -0.336214,
        "nauc_precision_at_1_max": 0.498501,
        "nauc_precision_at_1_std": 0.30087,
        "nauc_precision_at_1_diff1": 0.138123,
        "nauc_precision_at_3_max": 0.479918,
        "nauc_precision_at_3_std": 0.324074,
        "nauc_precision_at_3_diff1": 0.01935,
        "nauc_precision_at_5_max": 0.413741,
        "nauc_precision_at_5_std": 0.271355,
        "nauc_precision_at_5_diff1": -0.006687,
        "nauc_precision_at_10_max": 0.412708,
        "nauc_precision_at_10_std": 0.296146,
        "nauc_precision_at_10_diff1": -0.0189,
        "nauc_precision_at_20_max": 0.367618,
        "nauc_precision_at_20_std": 0.275293,
        "nauc_precision_at_20_diff1": -0.052771,
        "nauc_precision_at_100_max": 0.256749,
        "nauc_precision_at_100_std": 0.291044,
        "nauc_precision_at_100_diff1": -0.120721,
        "nauc_precision_at_1000_max": 0.193901,
        "nauc_precision_at_1000_std": 0.237371,
        "nauc_precision_at_1000_diff1": -0.113098,
        "nauc_mrr_at_1_max": 0.498501,
        "nauc_mrr_at_1_std": 0.30087,
        "nauc_mrr_at_1_diff1": 0.138123,
        "nauc_mrr_at_3_max": 0.506704,
        "nauc_mrr_at_3_std": 0.334584,
        "nauc_mrr_at_3_diff1": 0.081651,
        "nauc_mrr_at_5_max": 0.500597,
        "nauc_mrr_at_5_std": 0.326724,
        "nauc_mrr_at_5_diff1": 0.074552,
        "nauc_mrr_at_10_max": 0.506066,
        "nauc_mrr_at_10_std": 0.334977,
        "nauc_mrr_at_10_diff1": 0.073878,
        "nauc_mrr_at_20_max": 0.506688,
        "nauc_mrr_at_20_std": 0.335308,
        "nauc_mrr_at_20_diff1": 0.075484,
        "nauc_mrr_at_100_max": 0.505871,
        "nauc_mrr_at_100_std": 0.336864,
        "nauc_mrr_at_100_diff1": 0.074352,
        "nauc_mrr_at_1000_max": 0.505826,
        "nauc_mrr_at_1000_std": 0.336603,
        "nauc_mrr_at_1000_diff1": 0.074551,
        "main_score": 0.53967,
        "hf_subset": "default",
        "languages": [
          "kor-Hang"
        ]
      }
    ]
  },
  "evaluation_time": 913.8892600536346,
  "kg_co2_emissions": null
}