{
  "dataset_revision": "main",
  "task_name": "PublicHealthQA",
  "mteb_version": "1.15.4",
  "scores": {
    "test": [
      {
        "ndcg_at_1": 0.46753,
        "ndcg_at_3": 0.59663,
        "ndcg_at_5": 0.60222,
        "ndcg_at_10": 0.63284,
        "ndcg_at_20": 0.67356,
        "ndcg_at_100": 0.68381,
        "ndcg_at_1000": 0.68381,
        "map_at_1": 0.46753,
        "map_at_3": 0.56494,
        "map_at_5": 0.56818,
        "map_at_10": 0.58154,
        "map_at_20": 0.59346,
        "map_at_100": 0.59507,
        "map_at_1000": 0.59507,
        "recall_at_1": 0.46753,
        "recall_at_3": 0.68831,
        "recall_at_5": 0.7013,
        "recall_at_10": 0.79221,
        "recall_at_20": 0.94805,
        "recall_at_100": 1.0,
        "recall_at_1000": 1.0,
        "precision_at_1": 0.46753,
        "precision_at_3": 0.22944,
        "precision_at_5": 0.14026,
        "precision_at_10": 0.07922,
        "precision_at_20": 0.0474,
        "precision_at_100": 0.01,
        "precision_at_1000": 0.001,
        "mrr_at_1": 0.467532,
        "mrr_at_3": 0.564935,
        "mrr_at_5": 0.568182,
        "mrr_at_10": 0.58154,
        "mrr_at_20": 0.593456,
        "mrr_at_100": 0.595074,
        "mrr_at_1000": 0.595074,
        "nauc_ndcg_at_1_max": 0.4289,
        "nauc_ndcg_at_1_std": 0.135969,
        "nauc_ndcg_at_1_diff1": 0.700274,
        "nauc_ndcg_at_3_max": 0.401575,
        "nauc_ndcg_at_3_std": 0.154652,
        "nauc_ndcg_at_3_diff1": 0.665606,
        "nauc_ndcg_at_5_max": 0.399057,
        "nauc_ndcg_at_5_std": 0.15391,
        "nauc_ndcg_at_5_diff1": 0.670147,
        "nauc_ndcg_at_10_max": 0.406425,
        "nauc_ndcg_at_10_std": 0.164867,
        "nauc_ndcg_at_10_diff1": 0.672839,
        "nauc_ndcg_at_20_max": 0.408541,
        "nauc_ndcg_at_20_std": 0.165115,
        "nauc_ndcg_at_20_diff1": 0.66286,
        "nauc_ndcg_at_100_max": 0.412438,
        "nauc_ndcg_at_100_std": 0.152458,
        "nauc_ndcg_at_100_diff1": 0.675539,
        "nauc_ndcg_at_1000_max": 0.412438,
        "nauc_ndcg_at_1000_std": 0.152458,
        "nauc_ndcg_at_1000_diff1": 0.675539,
        "nauc_map_at_1_max": 0.4289,
        "nauc_map_at_1_std": 0.135969,
        "nauc_map_at_1_diff1": 0.700274,
        "nauc_map_at_3_max": 0.409097,
        "nauc_map_at_3_std": 0.147442,
        "nauc_map_at_3_diff1": 0.673259,
        "nauc_map_at_5_max": 0.407745,
        "nauc_map_at_5_std": 0.146989,
        "nauc_map_at_5_diff1": 0.675818,
        "nauc_map_at_10_max": 0.410859,
        "nauc_map_at_10_std": 0.149945,
        "nauc_map_at_10_diff1": 0.677615,
        "nauc_map_at_20_max": 0.412032,
        "nauc_map_at_20_std": 0.149219,
        "nauc_map_at_20_diff1": 0.675795,
        "nauc_map_at_100_max": 0.413116,
        "nauc_map_at_100_std": 0.147908,
        "nauc_map_at_100_diff1": 0.677814,
        "nauc_map_at_1000_max": 0.413116,
        "nauc_map_at_1000_std": 0.147908,
        "nauc_map_at_1000_diff1": 0.677814,
        "nauc_recall_at_1_max": 0.4289,
        "nauc_recall_at_1_std": 0.135969,
        "nauc_recall_at_1_diff1": 0.700274,
        "nauc_recall_at_3_max": 0.375599,
        "nauc_recall_at_3_std": 0.18055,
        "nauc_recall_at_3_diff1": 0.640089,
        "nauc_recall_at_5_max": 0.368071,
        "nauc_recall_at_5_std": 0.179268,
        "nauc_recall_at_5_diff1": 0.651644,
        "nauc_recall_at_10_max": 0.389482,
        "nauc_recall_at_10_std": 0.244364,
        "nauc_recall_at_10_diff1": 0.652206,
        "nauc_recall_at_20_max": 0.360443,
        "nauc_recall_at_20_std": 0.474896,
        "nauc_recall_at_20_diff1": 0.401841,
        "nauc_recall_at_100_max": NaN,
        "nauc_recall_at_100_std": NaN,
        "nauc_recall_at_100_diff1": NaN,
        "nauc_recall_at_1000_max": NaN,
        "nauc_recall_at_1000_std": NaN,
        "nauc_recall_at_1000_diff1": NaN,
        "nauc_precision_at_1_max": 0.4289,
        "nauc_precision_at_1_std": 0.135969,
        "nauc_precision_at_1_diff1": 0.700274,
        "nauc_precision_at_3_max": 0.375599,
        "nauc_precision_at_3_std": 0.18055,
        "nauc_precision_at_3_diff1": 0.640089,
        "nauc_precision_at_5_max": 0.368071,
        "nauc_precision_at_5_std": 0.179268,
        "nauc_precision_at_5_diff1": 0.651644,
        "nauc_precision_at_10_max": 0.389482,
        "nauc_precision_at_10_std": 0.244364,
        "nauc_precision_at_10_diff1": 0.652206,
        "nauc_precision_at_20_max": 0.360443,
        "nauc_precision_at_20_std": 0.474896,
        "nauc_precision_at_20_diff1": 0.401841,
        "nauc_precision_at_100_max": 1.0,
        "nauc_precision_at_100_std": 1.0,
        "nauc_precision_at_100_diff1": 1.0,
        "nauc_precision_at_1000_max": NaN,
        "nauc_precision_at_1000_std": NaN,
        "nauc_precision_at_1000_diff1": NaN,
        "nauc_mrr_at_1_max": 0.4289,
        "nauc_mrr_at_1_std": 0.135969,
        "nauc_mrr_at_1_diff1": 0.700274,
        "nauc_mrr_at_3_max": 0.409097,
        "nauc_mrr_at_3_std": 0.147442,
        "nauc_mrr_at_3_diff1": 0.673259,
        "nauc_mrr_at_5_max": 0.407745,
        "nauc_mrr_at_5_std": 0.146989,
        "nauc_mrr_at_5_diff1": 0.675818,
        "nauc_mrr_at_10_max": 0.410859,
        "nauc_mrr_at_10_std": 0.149945,
        "nauc_mrr_at_10_diff1": 0.677615,
        "nauc_mrr_at_20_max": 0.412032,
        "nauc_mrr_at_20_std": 0.149219,
        "nauc_mrr_at_20_diff1": 0.675795,
        "nauc_mrr_at_100_max": 0.413116,
        "nauc_mrr_at_100_std": 0.147908,
        "nauc_mrr_at_100_diff1": 0.677814,
        "nauc_mrr_at_1000_max": 0.413116,
        "nauc_mrr_at_1000_std": 0.147908,
        "nauc_mrr_at_1000_diff1": 0.677814,
        "main_score": 0.63284,
        "hf_subset": "korean",
        "languages": [
          "kor-Hang"
        ]
      }
    ]
  },
  "evaluation_time": 40.840008020401,
  "kg_co2_emissions": null
}