{
  "dataset_revision": "fd7df84ac089bbec763b1c6bb1b56e985df5cc5c",
  "task_name": "AutoRAGRetrieval",
  "mteb_version": "1.38.57",
  "scores": {
    "test": [
      {
        "ndcg_at_1": 0.64912,
        "ndcg_at_3": 0.82028,
        "ndcg_at_5": 0.83122,
        "ndcg_at_10": 0.84001,
        "ndcg_at_20": 0.84246,
        "ndcg_at_100": 0.84246,
        "ndcg_at_1000": 0.84246,
        "map_at_1": 0.64912,
        "map_at_3": 0.77924,
        "map_at_5": 0.78538,
        "map_at_10": 0.78918,
        "map_at_20": 0.78998,
        "map_at_100": 0.78998,
        "map_at_1000": 0.78998,
        "recall_at_1": 0.64912,
        "recall_at_3": 0.9386,
        "recall_at_5": 0.96491,
        "recall_at_10": 0.99123,
        "recall_at_20": 1.0,
        "recall_at_100": 1.0,
        "recall_at_1000": 1.0,
        "precision_at_1": 0.64912,
        "precision_at_3": 0.31287,
        "precision_at_5": 0.19298,
        "precision_at_10": 0.09912,
        "precision_at_20": 0.05,
        "precision_at_100": 0.01,
        "precision_at_1000": 0.001,
        "mrr_at_1": 0.947368,
        "mrr_at_3": 0.961988,
        "mrr_at_5": 0.965936,
        "mrr_at_10": 0.965936,
        "mrr_at_20": 0.965936,
        "mrr_at_100": 0.965936,
        "mrr_at_1000": 0.965936,
        "nauc_ndcg_at_1_max": -0.219807,
        "nauc_ndcg_at_1_std": -0.803878,
        "nauc_ndcg_at_1_diff1": 0.899445,
        "nauc_ndcg_at_3_max": -0.133271,
        "nauc_ndcg_at_3_std": -0.973193,
        "nauc_ndcg_at_3_diff1": 0.860846,
        "nauc_ndcg_at_5_max": -0.186349,
        "nauc_ndcg_at_5_std": -0.96001,
        "nauc_ndcg_at_5_diff1": 0.870517,
        "nauc_ndcg_at_10_max": -0.16926,
        "nauc_ndcg_at_10_std": -0.922427,
        "nauc_ndcg_at_10_diff1": 0.877362,
        "nauc_ndcg_at_20_max": -0.178948,
        "nauc_ndcg_at_20_std": -0.907088,
        "nauc_ndcg_at_20_diff1": 0.877501,
        "nauc_ndcg_at_100_max": -0.178948,
        "nauc_ndcg_at_100_std": -0.907088,
        "nauc_ndcg_at_100_diff1": 0.877501,
        "nauc_ndcg_at_1000_max": -0.178948,
        "nauc_ndcg_at_1000_std": -0.907088,
        "nauc_ndcg_at_1000_diff1": 0.877501,
        "nauc_map_at_1_max": -0.219807,
        "nauc_map_at_1_std": -0.803878,
        "nauc_map_at_1_diff1": 0.899445,
        "nauc_map_at_3_max": -0.161468,
        "nauc_map_at_3_std": -0.922229,
        "nauc_map_at_3_diff1": 0.871331,
        "nauc_map_at_5_max": -0.185898,
        "nauc_map_at_5_std": -0.914628,
        "nauc_map_at_5_diff1": 0.876314,
        "nauc_map_at_10_max": -0.179762,
        "nauc_map_at_10_std": -0.901636,
        "nauc_map_at_10_diff1": 0.878878,
        "nauc_map_at_20_max": -0.182184,
        "nauc_map_at_20_std": -0.897782,
        "nauc_map_at_20_diff1": 0.878919,
        "nauc_map_at_100_max": -0.182184,
        "nauc_map_at_100_std": -0.897782,
        "nauc_map_at_100_diff1": 0.878919,
        "nauc_map_at_1000_max": -0.182184,
        "nauc_map_at_1000_std": -0.897782,
        "nauc_map_at_1000_diff1": 0.878919,
        "nauc_recall_at_1_max": -0.219807,
        "nauc_recall_at_1_std": -0.803878,
        "nauc_recall_at_1_diff1": 0.899445,
        "nauc_recall_at_3_max": 0.110721,
        "nauc_recall_at_3_std": -1.408178,
        "nauc_recall_at_3_diff1": 0.773101,
        "nauc_recall_at_5_max": -0.234845,
        "nauc_recall_at_5_std": -1.60413,
        "nauc_recall_at_5_diff1": 0.796098,
        "nauc_recall_at_10_max": 0.357528,
        "nauc_recall_at_10_std": -1.756536,
        "nauc_recall_at_10_diff1": 0.869789,
        "nauc_recall_at_20_max": NaN,
        "nauc_recall_at_20_std": NaN,
        "nauc_recall_at_20_diff1": NaN,
        "nauc_recall_at_100_max": NaN,
        "nauc_recall_at_100_std": NaN,
        "nauc_recall_at_100_diff1": NaN,
        "nauc_recall_at_1000_max": NaN,
        "nauc_recall_at_1000_std": NaN,
        "nauc_recall_at_1000_diff1": NaN,
        "nauc_precision_at_1_max": -0.219807,
        "nauc_precision_at_1_std": -0.803878,
        "nauc_precision_at_1_diff1": 0.899445,
        "nauc_precision_at_3_max": 0.110721,
        "nauc_precision_at_3_std": -1.408178,
        "nauc_precision_at_3_diff1": 0.773101,
        "nauc_precision_at_5_max": -0.234845,
        "nauc_precision_at_5_std": -1.60413,
        "nauc_precision_at_5_diff1": 0.796098,
        "nauc_precision_at_10_max": 0.357528,
        "nauc_precision_at_10_std": -1.756536,
        "nauc_precision_at_10_diff1": 0.869789,
        "nauc_precision_at_20_max": 1.0,
        "nauc_precision_at_20_std": 1.0,
        "nauc_precision_at_20_diff1": 1.0,
        "nauc_precision_at_100_max": 1.0,
        "nauc_precision_at_100_std": 1.0,
        "nauc_precision_at_100_diff1": 1.0,
        "nauc_precision_at_1000_max": 1.0,
        "nauc_precision_at_1000_std": 1.0,
        "nauc_precision_at_1000_diff1": 1.0,
        "nauc_mrr_at_1_max": 0.525106,
        "nauc_mrr_at_1_std": -0.609525,
        "nauc_mrr_at_1_diff1": 0.522987,
        "nauc_mrr_at_3_max": 0.378833,
        "nauc_mrr_at_3_std": -0.688462,
        "nauc_mrr_at_3_diff1": 0.597996,
        "nauc_mrr_at_5_max": 0.443899,
        "nauc_mrr_at_5_std": -0.635337,
        "nauc_mrr_at_5_diff1": 0.574091,
        "nauc_mrr_at_10_max": 0.443899,
        "nauc_mrr_at_10_std": -0.635337,
        "nauc_mrr_at_10_diff1": 0.574091,
        "nauc_mrr_at_20_max": 0.443899,
        "nauc_mrr_at_20_std": -0.635337,
        "nauc_mrr_at_20_diff1": 0.574091,
        "nauc_mrr_at_100_max": 0.443899,
        "nauc_mrr_at_100_std": -0.635337,
        "nauc_mrr_at_100_diff1": 0.574091,
        "nauc_mrr_at_1000_max": 0.443899,
        "nauc_mrr_at_1000_std": -0.635337,
        "nauc_mrr_at_1000_diff1": 0.574091,
        "main_score": 0.84001,
        "hf_subset": "default",
        "languages": [
          "kor-Hang"
        ]
      }
    ]
  },
  "evaluation_time": 111.82345795631409,
  "kg_co2_emissions": null
}