{
  "dataset_revision": "75b399394a9803252cfec289d103de462763db7c",
  "task_name": "BelebeleRetrieval",
  "mteb_version": "1.38.57",
  "scores": {
    "test": [
      {
        "ndcg_at_1": 0.94556,
        "ndcg_at_3": 0.9653,
        "ndcg_at_5": 0.96908,
        "ndcg_at_10": 0.9713,
        "ndcg_at_20": 0.9721,
        "ndcg_at_100": 0.97272,
        "ndcg_at_1000": 0.97272,
        "map_at_1": 0.94556,
        "map_at_3": 0.96093,
        "map_at_5": 0.96309,
        "map_at_10": 0.96404,
        "map_at_20": 0.96424,
        "map_at_100": 0.96432,
        "map_at_1000": 0.96432,
        "recall_at_1": 0.94556,
        "recall_at_3": 0.97778,
        "recall_at_5": 0.98667,
        "recall_at_10": 0.99333,
        "recall_at_20": 0.99667,
        "recall_at_100": 1.0,
        "recall_at_1000": 1.0,
        "precision_at_1": 0.94556,
        "precision_at_3": 0.32593,
        "precision_at_5": 0.19733,
        "precision_at_10": 0.09933,
        "precision_at_20": 0.04983,
        "precision_at_100": 0.01,
        "precision_at_1000": 0.001,
        "mrr_at_1": 0.95,
        "mrr_at_3": 0.963148,
        "mrr_at_5": 0.965315,
        "mrr_at_10": 0.966265,
        "mrr_at_20": 0.966463,
        "mrr_at_100": 0.966552,
        "mrr_at_1000": 0.966552,
        "nauc_ndcg_at_1_max": 0.756236,
        "nauc_ndcg_at_1_std": -0.068999,
        "nauc_ndcg_at_1_diff1": 0.92597,
        "nauc_ndcg_at_3_max": 0.837829,
        "nauc_ndcg_at_3_std": 0.244394,
        "nauc_ndcg_at_3_diff1": 0.914807,
        "nauc_ndcg_at_5_max": 0.820027,
        "nauc_ndcg_at_5_std": 0.154046,
        "nauc_ndcg_at_5_diff1": 0.917037,
        "nauc_ndcg_at_10_max": 0.81151,
        "nauc_ndcg_at_10_std": 0.12585,
        "nauc_ndcg_at_10_diff1": 0.917742,
        "nauc_ndcg_at_20_max": 0.810238,
        "nauc_ndcg_at_20_std": 0.126144,
        "nauc_ndcg_at_20_diff1": 0.919125,
        "nauc_ndcg_at_100_max": 0.805875,
        "nauc_ndcg_at_100_std": 0.106054,
        "nauc_ndcg_at_100_diff1": 0.919241,
        "nauc_ndcg_at_1000_max": 0.805875,
        "nauc_ndcg_at_1000_std": 0.106054,
        "nauc_ndcg_at_1000_diff1": 0.919241,
        "nauc_map_at_1_max": 0.756236,
        "nauc_map_at_1_std": -0.068999,
        "nauc_map_at_1_diff1": 0.92597,
        "nauc_map_at_3_max": 0.814929,
        "nauc_map_at_3_std": 0.150433,
        "nauc_map_at_3_diff1": 0.917913,
        "nauc_map_at_5_max": 0.805048,
        "nauc_map_at_5_std": 0.101543,
        "nauc_map_at_5_diff1": 0.919243,
        "nauc_map_at_10_max": 0.801796,
        "nauc_map_at_10_std": 0.090569,
        "nauc_map_at_10_diff1": 0.919622,
        "nauc_map_at_20_max": 0.801448,
        "nauc_map_at_20_std": 0.090109,
        "nauc_map_at_20_diff1": 0.919896,
        "nauc_map_at_100_max": 0.80097,
        "nauc_map_at_100_std": 0.087916,
        "nauc_map_at_100_diff1": 0.919901,
        "nauc_map_at_1000_max": 0.80097,
        "nauc_map_at_1000_std": 0.087916,
        "nauc_map_at_1000_diff1": 0.919901,
        "nauc_recall_at_1_max": 0.756236,
        "nauc_recall_at_1_std": -0.068999,
        "nauc_recall_at_1_diff1": 0.92597,
        "nauc_recall_at_3_max": 0.950747,
        "nauc_recall_at_3_std": 0.712932,
        "nauc_recall_at_3_diff1": 0.89951,
        "nauc_recall_at_5_max": 0.928805,
        "nauc_recall_at_5_std": 0.532446,
        "nauc_recall_at_5_diff1": 0.900599,
        "nauc_recall_at_10_max": 0.925692,
        "nauc_recall_at_10_std": 0.54334,
        "nauc_recall_at_10_diff1": 0.891068,
        "nauc_recall_at_20_max": 1.0,
        "nauc_recall_at_20_std": 1.0,
        "nauc_recall_at_20_diff1": 0.912854,
        "nauc_recall_at_100_max": NaN,
        "nauc_recall_at_100_std": NaN,
        "nauc_recall_at_100_diff1": NaN,
        "nauc_recall_at_1000_max": NaN,
        "nauc_recall_at_1000_std": NaN,
        "nauc_recall_at_1000_diff1": NaN,
        "nauc_precision_at_1_max": 0.756236,
        "nauc_precision_at_1_std": -0.068999,
        "nauc_precision_at_1_diff1": 0.92597,
        "nauc_precision_at_3_max": 0.950747,
        "nauc_precision_at_3_std": 0.712932,
        "nauc_precision_at_3_diff1": 0.89951,
        "nauc_precision_at_5_max": 0.928805,
        "nauc_precision_at_5_std": 0.532446,
        "nauc_precision_at_5_diff1": 0.900599,
        "nauc_precision_at_10_max": 0.925692,
        "nauc_precision_at_10_std": 0.54334,
        "nauc_precision_at_10_diff1": 0.891068,
        "nauc_precision_at_20_max": 1.0,
        "nauc_precision_at_20_std": 1.0,
        "nauc_precision_at_20_diff1": 0.912854,
        "nauc_precision_at_100_max": 1.0,
        "nauc_precision_at_100_std": 1.0,
        "nauc_precision_at_100_diff1": 1.0,
        "nauc_precision_at_1000_max": NaN,
        "nauc_precision_at_1000_std": NaN,
        "nauc_precision_at_1000_diff1": NaN,
        "nauc_mrr_at_1_max": 0.852599,
        "nauc_mrr_at_1_std": 0.079531,
        "nauc_mrr_at_1_diff1": 0.91939,
        "nauc_mrr_at_3_max": 0.88384,
        "nauc_mrr_at_3_std": 0.264427,
        "nauc_mrr_at_3_diff1": 0.912964,
        "nauc_mrr_at_5_max": 0.877631,
        "nauc_mrr_at_5_std": 0.219525,
        "nauc_mrr_at_5_diff1": 0.91407,
        "nauc_mrr_at_10_max": 0.876209,
        "nauc_mrr_at_10_std": 0.211152,
        "nauc_mrr_at_10_diff1": 0.914327,
        "nauc_mrr_at_20_max": 0.876256,
        "nauc_mrr_at_20_std": 0.211274,
        "nauc_mrr_at_20_diff1": 0.914593,
        "nauc_mrr_at_100_max": 0.875926,
        "nauc_mrr_at_100_std": 0.209174,
        "nauc_mrr_at_100_diff1": 0.91459,
        "nauc_mrr_at_1000_max": 0.875926,
        "nauc_mrr_at_1000_std": 0.209174,
        "nauc_mrr_at_1000_diff1": 0.91459,
        "main_score": 0.9713,
        "hf_subset": "kor_Hang-kor_Hang",
        "languages": [
          "kor-Hang",
          "kor-Hang"
        ]
      },
      {
        "ndcg_at_1": 0.10111,
        "ndcg_at_3": 0.10251,
        "ndcg_at_5": 0.10251,
        "ndcg_at_10": 0.10251,
        "ndcg_at_20": 0.10251,
        "ndcg_at_100": 0.10251,
        "ndcg_at_1000": 0.10251,
        "map_at_1": 0.10111,
        "map_at_3": 0.10222,
        "map_at_5": 0.10222,
        "map_at_10": 0.10222,
        "map_at_20": 0.10222,
        "map_at_100": 0.10222,
        "map_at_1000": 0.10222,
        "recall_at_1": 0.10111,
        "recall_at_3": 0.10333,
        "recall_at_5": 0.10333,
        "recall_at_10": 0.10333,
        "recall_at_20": 0.10333,
        "recall_at_100": 0.10333,
        "recall_at_1000": 0.10333,
        "precision_at_1": 0.10111,
        "precision_at_3": 0.03444,
        "precision_at_5": 0.02067,
        "precision_at_10": 0.01033,
        "precision_at_20": 0.00517,
        "precision_at_100": 0.00103,
        "precision_at_1000": 0.0001,
        "mrr_at_1": 0.1,
        "mrr_at_3": 0.101667,
        "mrr_at_5": 0.101667,
        "mrr_at_10": 0.101667,
        "mrr_at_20": 0.101667,
        "mrr_at_100": 0.101667,
        "mrr_at_1000": 0.101667,
        "nauc_ndcg_at_1_max": 0.947795,
        "nauc_ndcg_at_1_std": 0.947795,
        "nauc_ndcg_at_1_diff1": 0.916753,
        "nauc_ndcg_at_3_max": 0.945552,
        "nauc_ndcg_at_3_std": 0.945552,
        "nauc_ndcg_at_3_diff1": 0.912462,
        "nauc_ndcg_at_5_max": 0.945552,
        "nauc_ndcg_at_5_std": 0.945552,
        "nauc_ndcg_at_5_diff1": 0.912462,
        "nauc_ndcg_at_10_max": 0.945552,
        "nauc_ndcg_at_10_std": 0.945552,
        "nauc_ndcg_at_10_diff1": 0.912462,
        "nauc_ndcg_at_20_max": 0.945552,
        "nauc_ndcg_at_20_std": 0.945552,
        "nauc_ndcg_at_20_diff1": 0.912462,
        "nauc_ndcg_at_100_max": 0.945552,
        "nauc_ndcg_at_100_std": 0.945552,
        "nauc_ndcg_at_100_diff1": 0.912462,
        "nauc_ndcg_at_1000_max": 0.945552,
        "nauc_ndcg_at_1000_std": 0.945552,
        "nauc_ndcg_at_1000_diff1": 0.912462,
        "nauc_map_at_1_max": 0.947795,
        "nauc_map_at_1_std": 0.947795,
        "nauc_map_at_1_diff1": 0.916753,
        "nauc_map_at_3_max": 0.946014,