{
  "dataset_revision": "d243889a3eb6654029dbd7e7f9319ae31d58f97c",
  "task_name": "Ko-StrategyQA",
  "mteb_version": "1.38.57",
  "scores": {
    "dev": [
      {
        "ndcg_at_1": 0.70946,
        "ndcg_at_3": 0.75056,
        "ndcg_at_5": 0.78484,
        "ndcg_at_10": 0.80588,
        "ndcg_at_20": 0.81938,
        "ndcg_at_100": 0.83455,
        "ndcg_at_1000": 0.83455,
        "map_at_1": 0.45142,
        "map_at_3": 0.7028,
        "map_at_5": 0.7359,
        "map_at_10": 0.75094,
        "map_at_20": 0.75613,
        "map_at_100": 0.76036,
        "map_at_1000": 0.76036,
        "recall_at_1": 0.45142,
        "recall_at_3": 0.78189,
        "recall_at_5": 0.8531,
        "recall_at_10": 0.9025,
        "recall_at_20": 0.94389,
        "recall_at_100": 1.0,
        "recall_at_1000": 1.0,
        "precision_at_1": 0.70946,
        "precision_at_3": 0.46453,
        "precision_at_5": 0.31216,
        "precision_at_10": 0.16875,
        "precision_at_20": 0.08936,
        "precision_at_100": 0.01934,
        "precision_at_1000": 0.00193,
        "mrr_at_1": 0.822635,
        "mrr_at_3": 0.852759,
        "mrr_at_5": 0.860445,
        "mrr_at_10": 0.862564,
        "mrr_at_20": 0.865187,
        "mrr_at_100": 0.866122,
        "mrr_at_1000": 0.866122,
        "nauc_ndcg_at_1_max": 0.348249,
        "nauc_ndcg_at_1_std": -0.117298,
        "nauc_ndcg_at_1_diff1": 0.11421,
        "nauc_ndcg_at_3_max": 0.426927,
        "nauc_ndcg_at_3_std": -0.03781,
        "nauc_ndcg_at_3_diff1": -0.047863,
        "nauc_ndcg_at_5_max": 0.484804,
        "nauc_ndcg_at_5_std": 0.041443,
        "nauc_ndcg_at_5_diff1": -0.084075,
        "nauc_ndcg_at_10_max": 0.499782,
        "nauc_ndcg_at_10_std": 0.086474,
        "nauc_ndcg_at_10_diff1": -0.106177,
        "nauc_ndcg_at_20_max": 0.482802,
        "nauc_ndcg_at_20_std": 0.067568,
        "nauc_ndcg_at_20_diff1": -0.09182,
        "nauc_ndcg_at_100_max": 0.438831,
        "nauc_ndcg_at_100_std": 0.005181,
        "nauc_ndcg_at_100_diff1": -0.035547,
        "nauc_ndcg_at_1000_max": 0.438831,
        "nauc_ndcg_at_1000_std": 0.005181,
        "nauc_ndcg_at_1000_diff1": -0.035547,
        "nauc_map_at_1_max": 0.167116,
        "nauc_map_at_1_std": -0.228515,
        "nauc_map_at_1_diff1": 0.361801,
        "nauc_map_at_3_max": 0.394831,
        "nauc_map_at_3_std": -0.101764,
        "nauc_map_at_3_diff1": 0.014573,
        "nauc_map_at_5_max": 0.427737,
        "nauc_map_at_5_std": -0.044155,
        "nauc_map_at_5_diff1": -0.017958,
        "nauc_map_at_10_max": 0.437457,
        "nauc_map_at_10_std": -0.01716,
        "nauc_map_at_10_diff1": -0.030646,
        "nauc_map_at_20_max": 0.43486,
        "nauc_map_at_20_std": -0.019138,
        "nauc_map_at_20_diff1": -0.028346,
        "nauc_map_at_100_max": 0.425284,
        "nauc_map_at_100_std": -0.032827,
        "nauc_map_at_100_diff1": -0.0166,
        "nauc_map_at_1000_max": 0.425284,
        "nauc_map_at_1000_std": -0.032827,
        "nauc_map_at_1000_diff1": -0.0166,
        "nauc_recall_at_1_max": 0.167116,
        "nauc_recall_at_1_std": -0.228515,
        "nauc_recall_at_1_diff1": 0.361801,
        "nauc_recall_at_3_max": 0.481327,
        "nauc_recall_at_3_std": 0.023505,
        "nauc_recall_at_3_diff1": -0.159287,
        "nauc_recall_at_5_max": 0.652855,
        "nauc_recall_at_5_std": 0.257478,
        "nauc_recall_at_5_diff1": -0.298721,
        "nauc_recall_at_10_max": 0.807333,
        "nauc_recall_at_10_std": 0.523751,
        "nauc_recall_at_10_diff1": -0.473432,
        "nauc_recall_at_20_max": 0.868699,
        "nauc_recall_at_20_std": 0.637962,
        "nauc_recall_at_20_diff1": -0.60356,
        "nauc_recall_at_100_max": NaN,
        "nauc_recall_at_100_std": NaN,
        "nauc_recall_at_100_diff1": NaN,
        "nauc_recall_at_1000_max": NaN,
        "nauc_recall_at_1000_std": NaN,
        "nauc_recall_at_1000_diff1": NaN,
        "nauc_precision_at_1_max": 0.348249,
        "nauc_precision_at_1_std": -0.117298,
        "nauc_precision_at_1_diff1": 0.11421,
        "nauc_precision_at_3_max": 0.284588,
        "nauc_precision_at_3_std": 0.230517,
        "nauc_precision_at_3_diff1": -0.417712,
        "nauc_precision_at_5_max": 0.246463,
        "nauc_precision_at_5_std": 0.320865,
        "nauc_precision_at_5_diff1": -0.429234,
        "nauc_precision_at_10_max": 0.192825,
        "nauc_precision_at_10_std": 0.372317,
        "nauc_precision_at_10_diff1": -0.433934,
        "nauc_precision_at_20_max": 0.103872,
        "nauc_precision_at_20_std": 0.342055,
        "nauc_precision_at_20_diff1": -0.405089,
        "nauc_precision_at_100_max": -0.083735,
        "nauc_precision_at_100_std": 0.194127,
        "nauc_precision_at_100_diff1": -0.262688,
        "nauc_precision_at_1000_max": -0.083735,
        "nauc_precision_at_1000_std": 0.194127,
        "nauc_precision_at_1000_diff1": -0.262688,
        "nauc_mrr_at_1_max": 0.628226,
        "nauc_mrr_at_1_std": 0.408597,
        "nauc_mrr_at_1_diff1": -0.395533,
        "nauc_mrr_at_3_max": 0.666321,
        "nauc_mrr_at_3_std": 0.42976,
        "nauc_mrr_at_3_diff1": -0.419516,
        "nauc_mrr_at_5_max": 0.691968,
        "nauc_mrr_at_5_std": 0.465041,
        "nauc_mrr_at_5_diff1": -0.434794,
        "nauc_mrr_at_10_max": 0.688664,
        "nauc_mrr_at_10_std": 0.464055,
        "nauc_mrr_at_10_diff1": -0.438841,
        "nauc_mrr_at_20_max": 0.683209,
        "nauc_mrr_at_20_std": 0.456834,
        "nauc_mrr_at_20_diff1": -0.434019,
        "nauc_mrr_at_100_max": 0.681368,
        "nauc_mrr_at_100_std": 0.454402,
        "nauc_mrr_at_100_diff1": -0.431282,
        "nauc_mrr_at_1000_max": 0.681368,
        "nauc_mrr_at_1000_std": 0.454402,
        "nauc_mrr_at_1000_diff1": -0.431282,
        "main_score": 0.80588,
        "hf_subset": "default",
        "languages": [
          "kor-Hang"
        ]
      }
    ]
  },
  "evaluation_time": 271.40556740760803,
  "kg_co2_emissions": null
}