{
  "dataset_revision": "main",
  "task_name": "MIRACLRetrieval",
  "mteb_version": "1.38.57",
  "scores": {
    "dev": [
      {
        "ndcg_at_1": 0.59624,
        "ndcg_at_3": 0.73118,
        "ndcg_at_5": 0.76241,
        "ndcg_at_10": 0.80236,
        "ndcg_at_20": 0.81501,
        "ndcg_at_100": 0.81645,
        "ndcg_at_1000": 0.81645,
        "map_at_1": 0.36343,
        "map_at_3": 0.59885,
        "map_at_5": 0.66621,
        "map_at_10": 0.72046,
        "map_at_20": 0.73225,
        "map_at_100": 0.73291,
        "map_at_1000": 0.73291,
        "recall_at_1": 0.36343,
        "recall_at_3": 0.73996,
        "recall_at_5": 0.85745,
        "recall_at_10": 0.96625,
        "recall_at_20": 0.99577,
        "recall_at_100": 1.0,
        "recall_at_1000": 1.0,
        "precision_at_1": 0.59624,
        "precision_at_3": 0.482,
        "precision_at_5": 0.37465,
        "precision_at_10": 0.23897,
        "precision_at_20": 0.12746,
        "precision_at_100": 0.02568,
        "precision_at_1000": 0.00257,
        "mrr_at_1": 0.938967,
        "mrr_at_3": 0.958529,
        "mrr_at_5": 0.959703,
        "mrr_at_10": 0.961156,
        "mrr_at_20": 0.961156,
        "mrr_at_100": 0.961156,
        "mrr_at_1000": 0.961156,
        "nauc_ndcg_at_1_max": -0.13542,
        "nauc_ndcg_at_1_std": -0.431492,
        "nauc_ndcg_at_1_diff1": 0.438884,
        "nauc_ndcg_at_3_max": -0.118546,
        "nauc_ndcg_at_3_std": -0.594327,
        "nauc_ndcg_at_3_diff1": 0.452746,
        "nauc_ndcg_at_5_max": -0.089991,
        "nauc_ndcg_at_5_std": -0.601818,
        "nauc_ndcg_at_5_diff1": 0.479893,
        "nauc_ndcg_at_10_max": -0.081743,
        "nauc_ndcg_at_10_std": -0.542509,
        "nauc_ndcg_at_10_diff1": 0.4798,
        "nauc_ndcg_at_20_max": -0.085835,
        "nauc_ndcg_at_20_std": -0.486544,
        "nauc_ndcg_at_20_diff1": 0.459317,
        "nauc_ndcg_at_100_max": -0.094974,
        "nauc_ndcg_at_100_std": -0.494202,
        "nauc_ndcg_at_100_diff1": 0.453441,
        "nauc_ndcg_at_1000_max": -0.094974,
        "nauc_ndcg_at_1000_std": -0.494202,
        "nauc_ndcg_at_1000_diff1": 0.453441,
        "nauc_map_at_1_max": -0.070714,
        "nauc_map_at_1_std": -0.49313,
        "nauc_map_at_1_diff1": 0.630196,
        "nauc_map_at_3_max": -0.083841,
        "nauc_map_at_3_std": -0.664228,
        "nauc_map_at_3_diff1": 0.544245,
        "nauc_map_at_5_max": -0.081107,
        "nauc_map_at_5_std": -0.677609,
        "nauc_map_at_5_diff1": 0.524646,
        "nauc_map_at_10_max": -0.094838,
        "nauc_map_at_10_std": -0.585719,
        "nauc_map_at_10_diff1": 0.48437,
        "nauc_map_at_20_max": -0.093492,
        "nauc_map_at_20_std": -0.538536,
        "nauc_map_at_20_diff1": 0.471481,
        "nauc_map_at_100_max": -0.096506,
        "nauc_map_at_100_std": -0.540778,
        "nauc_map_at_100_diff1": 0.469533,
        "nauc_map_at_1000_max": -0.096506,
        "nauc_map_at_1000_std": -0.540778,
        "nauc_map_at_1000_diff1": 0.469533,
        "nauc_recall_at_1_max": -0.070714,
        "nauc_recall_at_1_std": -0.49313,
        "nauc_recall_at_1_diff1": 0.630196,
        "nauc_recall_at_3_max": -0.046191,
        "nauc_recall_at_3_std": -0.751966,
        "nauc_recall_at_3_diff1": 0.498845,
        "nauc_recall_at_5_max": -0.00911,
        "nauc_recall_at_5_std": -0.859595,
        "nauc_recall_at_5_diff1": 0.510241,
        "nauc_recall_at_10_max": 0.129053,
        "nauc_recall_at_10_std": -0.780725,
        "nauc_recall_at_10_diff1": 0.604558,
        "nauc_recall_at_20_max": 0.836729,
        "nauc_recall_at_20_std": 0.380654,
        "nauc_recall_at_20_diff1": 0.970997,
        "nauc_recall_at_100_max": NaN,
        "nauc_recall_at_100_std": NaN,
        "nauc_recall_at_100_diff1": NaN,
        "nauc_recall_at_1000_max": NaN,
        "nauc_recall_at_1000_std": NaN,
        "nauc_recall_at_1000_diff1": NaN,
        "nauc_precision_at_1_max": -0.13542,
        "nauc_precision_at_1_std": -0.431492,
        "nauc_precision_at_1_diff1": 0.438884,
        "nauc_precision_at_3_max": -0.076207,
        "nauc_precision_at_3_std": -0.076564,
        "nauc_precision_at_3_diff1": -0.203093,
        "nauc_precision_at_5_max": -0.024769,
        "nauc_precision_at_5_std": 0.135629,
        "nauc_precision_at_5_diff1": -0.291979,
        "nauc_precision_at_10_max": -0.025707,
        "nauc_precision_at_10_std": 0.359982,
        "nauc_precision_at_10_diff1": -0.348274,
        "nauc_precision_at_20_max": -0.021295,
        "nauc_precision_at_20_std": 0.418447,
        "nauc_precision_at_20_diff1": -0.361784,
        "nauc_precision_at_100_max": -0.030192,
        "nauc_precision_at_100_std": 0.411697,
        "nauc_precision_at_100_diff1": -0.369345,
        "nauc_precision_at_1000_max": -0.030192,
        "nauc_precision_at_1000_std": 0.411697,
        "nauc_precision_at_1000_diff1": -0.369345,
        "nauc_mrr_at_1_max": 0.089754,
        "nauc_mrr_at_1_std": -0.096748,
        "nauc_mrr_at_1_diff1": -0.228572,
        "nauc_mrr_at_3_max": -0.02542,
        "nauc_mrr_at_3_std": -0.231088,
        "nauc_mrr_at_3_diff1": -0.118954,
        "nauc_mrr_at_5_max": 0.007195,
        "nauc_mrr_at_5_std": -0.204464,
        "nauc_mrr_at_5_diff1": -0.126029,
        "nauc_mrr_at_10_max": 0.028393,
        "nauc_mrr_at_10_std": -0.179334,
        "nauc_mrr_at_10_diff1": -0.142804,
        "nauc_mrr_at_20_max": 0.028393,
        "nauc_mrr_at_20_std": -0.179334,
        "nauc_mrr_at_20_diff1": -0.142804,
        "nauc_mrr_at_100_max": 0.028393,
        "nauc_mrr_at_100_std": -0.179334,
        "nauc_mrr_at_100_diff1": -0.142804,
        "nauc_mrr_at_1000_max": 0.028393,
        "nauc_mrr_at_1000_std": -0.179334,
        "nauc_mrr_at_1000_diff1": -0.142804,
        "main_score": 0.80236,
        "hf_subset": "ko",
        "languages": [
          "kor-Kore"
        ]
      }
    ]
  },
  "evaluation_time": 78.02076172828674,
  "kg_co2_emissions": null
}