{
  "dataset_revision": "fc24a3ce8f09746410daee3d5cd823ff7a0675b7",
  "task_name": "MrTidyRetrieval",
  "mteb_version": "1.38.57",
  "scores": {
    "test": [
      {
        "ndcg_at_1": 0.38955,
        "ndcg_at_3": 0.53982,
        "ndcg_at_5": 0.59851,
        "ndcg_at_10": 0.63703,
        "ndcg_at_20": 0.65439,
        "ndcg_at_100": 0.66357,
        "ndcg_at_1000": 0.66357,
        "map_at_1": 0.36263,
        "map_at_3": 0.49598,
        "map_at_5": 0.53073,
        "map_at_10": 0.54834,
        "map_at_20": 0.55398,
        "map_at_100": 0.55578,
        "map_at_1000": 0.55578,
        "recall_at_1": 0.36263,
        "recall_at_3": 0.64489,
        "recall_at_5": 0.78226,
        "recall_at_10": 0.8939,
        "recall_at_20": 0.95685,
        "recall_at_100": 1.0,
        "recall_at_1000": 1.0,
        "precision_at_1": 0.38955,
        "precision_at_3": 0.2407,
        "precision_at_5": 0.1772,
        "precision_at_10": 0.10285,
        "precision_at_20": 0.05582,
        "precision_at_100": 0.01169,
        "precision_at_1000": 0.00117,
        "mrr_at_1": 0.688836,
        "mrr_at_3": 0.739905,
        "mrr_at_5": 0.753682,
        "mrr_at_10": 0.761191,
        "mrr_at_20": 0.764395,
        "mrr_at_100": 0.765556,
        "mrr_at_1000": 0.765556,
        "nauc_ndcg_at_1_max": -0.037647,
        "nauc_ndcg_at_1_std": -0.478111,
        "nauc_ndcg_at_1_diff1": 0.58437,
        "nauc_ndcg_at_3_max": -0.074974,
        "nauc_ndcg_at_3_std": -0.539999,
        "nauc_ndcg_at_3_diff1": 0.493839,
        "nauc_ndcg_at_5_max": -0.078604,
        "nauc_ndcg_at_5_std": -0.567393,
        "nauc_ndcg_at_5_diff1": 0.475551,
        "nauc_ndcg_at_10_max": -0.055801,
        "nauc_ndcg_at_10_std": -0.536672,
        "nauc_ndcg_at_10_diff1": 0.480046,
        "nauc_ndcg_at_20_max": -0.04933,
        "nauc_ndcg_at_20_std": -0.533921,
        "nauc_ndcg_at_20_diff1": 0.512694,
        "nauc_ndcg_at_100_max": -0.057938,
        "nauc_ndcg_at_100_std": -0.530451,
        "nauc_ndcg_at_100_diff1": 0.513634,
        "nauc_ndcg_at_1000_max": -0.057938,
        "nauc_ndcg_at_1000_std": -0.530451,
        "nauc_ndcg_at_1000_diff1": 0.513634,
        "nauc_map_at_1_max": -0.048144,
        "nauc_map_at_1_std": -0.460979,
        "nauc_map_at_1_diff1": 0.569784,
        "nauc_map_at_3_max": -0.070672,
        "nauc_map_at_3_std": -0.52411,
        "nauc_map_at_3_diff1": 0.513106,
        "nauc_map_at_5_max": -0.074224,
        "nauc_map_at_5_std": -0.540065,
        "nauc_map_at_5_diff1": 0.505679,
        "nauc_map_at_10_max": -0.063484,
        "nauc_map_at_10_std": -0.526745,
        "nauc_map_at_10_diff1": 0.508196,
        "nauc_map_at_20_max": -0.061003,
        "nauc_map_at_20_std": -0.526485,
        "nauc_map_at_20_diff1": 0.517817,
        "nauc_map_at_100_max": -0.062501,
        "nauc_map_at_100_std": -0.526043,
        "nauc_map_at_100_diff1": 0.518078,
        "nauc_map_at_1000_max": -0.062501,
        "nauc_map_at_1000_std": -0.526043,
        "nauc_map_at_1000_diff1": 0.518078,
        "nauc_recall_at_1_max": -0.048144,
        "nauc_recall_at_1_std": -0.460979,
        "nauc_recall_at_1_diff1": 0.569784,
        "nauc_recall_at_3_max": -0.100858,
        "nauc_recall_at_3_std": -0.581083,
        "nauc_recall_at_3_diff1": 0.410231,
        "nauc_recall_at_5_max": -0.123748,
        "nauc_recall_at_5_std": -0.688608,
        "nauc_recall_at_5_diff1": 0.317533,
        "nauc_recall_at_10_max": -0.024173,
        "nauc_recall_at_10_std": -0.589466,
        "nauc_recall_at_10_diff1": 0.212546,
        "nauc_recall_at_20_max": 0.149622,
        "nauc_recall_at_20_std": -0.597111,
        "nauc_recall_at_20_diff1": 0.472749,
        "nauc_recall_at_100_max": NaN,
        "nauc_recall_at_100_std": NaN,
        "nauc_recall_at_100_diff1": NaN,
        "nauc_recall_at_1000_max": NaN,
        "nauc_recall_at_1000_std": NaN,
        "nauc_recall_at_1000_diff1": NaN,
        "nauc_precision_at_1_max": -0.037647,
        "nauc_precision_at_1_std": -0.478111,
        "nauc_precision_at_1_diff1": 0.58437,
        "nauc_precision_at_3_max": -0.092302,
        "nauc_precision_at_3_std": -0.510936,
        "nauc_precision_at_3_diff1": 0.355081,
        "nauc_precision_at_5_max": -0.085136,
        "nauc_precision_at_5_std": -0.465366,
        "nauc_precision_at_5_diff1": 0.194044,
        "nauc_precision_at_10_max": 0.030016,
        "nauc_precision_at_10_std": -0.177699,
        "nauc_precision_at_10_diff1": 0.047544,
        "nauc_precision_at_20_max": 0.065206,
        "nauc_precision_at_20_std": -0.022462,
        "nauc_precision_at_20_diff1": 0.037502,
        "nauc_precision_at_100_max": 0.033956,
        "nauc_precision_at_100_std": 0.076274,
        "nauc_precision_at_100_diff1": -0.047,
        "nauc_precision_at_1000_max": 0.033956,
        "nauc_precision_at_1000_std": 0.076274,
        "nauc_precision_at_1000_diff1": -0.047,
        "nauc_mrr_at_1_max": 0.148404,
        "nauc_mrr_at_1_std": 0.005222,
        "nauc_mrr_at_1_diff1": 0.010507,
        "nauc_mrr_at_3_max": 0.108434,
        "nauc_mrr_at_3_std": -0.083075,
        "nauc_mrr_at_3_diff1": 0.072372,
        "nauc_mrr_at_5_max": 0.117181,
        "nauc_mrr_at_5_std": -0.101735,
        "nauc_mrr_at_5_diff1": 0.06452,
        "nauc_mrr_at_10_max": 0.122997,
        "nauc_mrr_at_10_std": -0.100553,
        "nauc_mrr_at_10_diff1": 0.065776,
        "nauc_mrr_at_20_max": 0.122528,
        "nauc_mrr_at_20_std": -0.095066,
        "nauc_mrr_at_20_diff1": 0.067881,
        "nauc_mrr_at_100_max": 0.122343,
        "nauc_mrr_at_100_std": -0.091687,
        "nauc_mrr_at_100_diff1": 0.065702,
        "nauc_mrr_at_1000_max": 0.122343,
        "nauc_mrr_at_1000_std": -0.091687,
        "nauc_mrr_at_1000_diff1": 0.065702,
        "main_score": 0.63703,
        "hf_subset": "korean",
        "languages": [
          "kor-Kore"
        ]
      }
    ]
  },
  "evaluation_time": 154.31344556808472,
  "kg_co2_emissions": null
}