{
  "dataset_revision": "d67138e705d963e346253a80e59676ddb418810a",
  "task_name": "MultiLongDocRetrieval",
  "mteb_version": "1.38.57",
  "scores": {
    "test": [
      {
        "ndcg_at_1": 0.665,
        "ndcg_at_3": 0.71786,
        "ndcg_at_5": 0.72194,
        "ndcg_at_10": 0.73629,
        "ndcg_at_20": 0.75267,
        "ndcg_at_100": 0.77686,
        "ndcg_at_1000": 0.77686,
        "map_at_1": 0.665,
        "map_at_3": 0.705,
        "map_at_5": 0.70725,
        "map_at_10": 0.71305,
        "map_at_20": 0.71752,
        "map_at_100": 0.72116,
        "map_at_1000": 0.72116,
        "recall_at_1": 0.665,
        "recall_at_3": 0.755,
        "recall_at_5": 0.765,
        "recall_at_10": 0.81,
        "recall_at_20": 0.875,
        "recall_at_100": 1.0,
        "recall_at_1000": 1.0,
        "precision_at_1": 0.665,
        "precision_at_3": 0.25167,
        "precision_at_5": 0.153,
        "precision_at_10": 0.081,
        "precision_at_20": 0.04375,
        "precision_at_100": 0.01,
        "precision_at_1000": 0.001,
        "mrr_at_1": 0.665,
        "mrr_at_3": 0.706667,
        "mrr_at_5": 0.709917,
        "mrr_at_10": 0.714885,
        "mrr_at_20": 0.719364,
        "mrr_at_100": 0.723017,
        "mrr_at_1000": 0.723017,
        "nauc_ndcg_at_1_max": 0.782693,
        "nauc_ndcg_at_1_std": -0.014749,
        "nauc_ndcg_at_1_diff1": 0.474889,
        "nauc_ndcg_at_3_max": 0.813072,
        "nauc_ndcg_at_3_std": -0.031152,
        "nauc_ndcg_at_3_diff1": 0.449466,
        "nauc_ndcg_at_5_max": 0.808303,
        "nauc_ndcg_at_5_std": -0.026506,
        "nauc_ndcg_at_5_diff1": 0.440498,
        "nauc_ndcg_at_10_max": 0.798979,
        "nauc_ndcg_at_10_std": -0.033445,
        "nauc_ndcg_at_10_diff1": 0.44097,
        "nauc_ndcg_at_20_max": 0.797594,
        "nauc_ndcg_at_20_std": -0.035573,
        "nauc_ndcg_at_20_diff1": 0.458476,
        "nauc_ndcg_at_100_max": 0.799149,
        "nauc_ndcg_at_100_std": -0.030303,
        "nauc_ndcg_at_100_diff1": 0.452414,
        "nauc_ndcg_at_1000_max": 0.799149,
        "nauc_ndcg_at_1000_std": -0.030303,
        "nauc_ndcg_at_1000_diff1": 0.452414,
        "nauc_map_at_1_max": 0.782693,
        "nauc_map_at_1_std": -0.014749,
        "nauc_map_at_1_diff1": 0.474889,
        "nauc_map_at_3_max": 0.803811,
        "nauc_map_at_3_std": -0.029262,
        "nauc_map_at_3_diff1": 0.455378,
        "nauc_map_at_5_max": 0.801158,
        "nauc_map_at_5_std": -0.027499,
        "nauc_map_at_5_diff1": 0.450745,
        "nauc_map_at_10_max": 0.79791,
        "nauc_map_at_10_std": -0.028367,
        "nauc_map_at_10_diff1": 0.450724,
        "nauc_map_at_20_max": 0.79764,
        "nauc_map_at_20_std": -0.028594,
        "nauc_map_at_20_diff1": 0.454685,
        "nauc_map_at_100_max": 0.797789,
        "nauc_map_at_100_std": -0.02839,
        "nauc_map_at_100_diff1": 0.454143,
        "nauc_map_at_1000_max": 0.797789,
        "nauc_map_at_1000_std": -0.02839,
        "nauc_map_at_1000_diff1": 0.454143,
        "nauc_recall_at_1_max": 0.782693,
        "nauc_recall_at_1_std": -0.014749,
        "nauc_recall_at_1_diff1": 0.474889,
        "nauc_recall_at_3_max": 0.844399,
        "nauc_recall_at_3_std": -0.036254,
        "nauc_recall_at_3_diff1": 0.430231,
        "nauc_recall_at_5_max": 0.832558,
        "nauc_recall_at_5_std": -0.020053,
        "nauc_recall_at_5_diff1": 0.404294,
        "nauc_recall_at_10_max": 0.796506,
        "nauc_recall_at_10_std": -0.059969,
        "nauc_recall_at_10_diff1": 0.402012,
        "nauc_recall_at_20_max": 0.784219,
        "nauc_recall_at_20_std": -0.090642,
        "nauc_recall_at_20_diff1": 0.513615,
        "nauc_recall_at_100_max": NaN,
        "nauc_recall_at_100_std": NaN,
        "nauc_recall_at_100_diff1": NaN,
        "nauc_recall_at_1000_max": NaN,
        "nauc_recall_at_1000_std": NaN,
        "nauc_recall_at_1000_diff1": NaN,
        "nauc_precision_at_1_max": 0.782693,
        "nauc_precision_at_1_std": -0.014749,
        "nauc_precision_at_1_diff1": 0.474889,
        "nauc_precision_at_3_max": 0.844399,
        "nauc_precision_at_3_std": -0.036254,
        "nauc_precision_at_3_diff1": 0.430231,
        "nauc_precision_at_5_max": 0.832558,
        "nauc_precision_at_5_std": -0.020053,
        "nauc_precision_at_5_diff1": 0.404294,
        "nauc_precision_at_10_max": 0.796506,
        "nauc_precision_at_10_std": -0.059969,
        "nauc_precision_at_10_diff1": 0.402012,
        "nauc_precision_at_20_max": 0.784219,
        "nauc_precision_at_20_std": -0.090642,
        "nauc_precision_at_20_diff1": 0.513615,
        "nauc_precision_at_100_max": 1.0,
        "nauc_precision_at_100_std": 1.0,
        "nauc_precision_at_100_diff1": 1.0,
        "nauc_precision_at_1000_max": 1.0,
        "nauc_precision_at_1000_std": 1.0,
        "nauc_precision_at_1000_diff1": 1.0,
        "nauc_mrr_at_1_max": 0.782693,
        "nauc_mrr_at_1_std": -0.014749,
        "nauc_mrr_at_1_diff1": 0.474889,
        "nauc_mrr_at_3_max": 0.811071,
        "nauc_mrr_at_3_std": -0.019816,
        "nauc_mrr_at_3_diff1": 0.451362,
        "nauc_mrr_at_5_max": 0.810303,
        "nauc_mrr_at_5_std": -0.011049,
        "nauc_mrr_at_5_diff1": 0.443961,
        "nauc_mrr_at_10_max": 0.805629,
        "nauc_mrr_at_10_std": -0.017515,
        "nauc_mrr_at_10_diff1": 0.446128,
        "nauc_mrr_at_20_max": 0.805471,
        "nauc_mrr_at_20_std": -0.017559,
        "nauc_mrr_at_20_diff1": 0.450026,
        "nauc_mrr_at_100_max": 0.805731,
        "nauc_mrr_at_100_std": -0.017195,
        "nauc_mrr_at_100_diff1": 0.4494,
        "nauc_mrr_at_1000_max": 0.805731,
        "nauc_mrr_at_1000_std": -0.017195,
        "nauc_mrr_at_1000_diff1": 0.4494,
        "main_score": 0.73629,
        "hf_subset": "ko",
        "languages": [
          "kor-Hang"
        ]
      }
    ]
  },
  "evaluation_time": 26217.440584659576,
  "kg_co2_emissions": null
}