{
  "dataset_revision": "main",
  "task_name": "PublicHealthQA",
  "mteb_version": "1.38.57",
  "scores": {
    "test": [
      {
        "ndcg_at_1": 0.44156,
        "ndcg_at_3": 0.5184,
        "ndcg_at_5": 0.52342,
        "ndcg_at_10": 0.53127,
        "ndcg_at_20": 0.53439,
        "ndcg_at_100": 0.53439,
        "ndcg_at_1000": 0.53439,
        "map_at_1": 0.44156,
        "map_at_3": 0.5,
        "map_at_5": 0.5026,
        "map_at_10": 0.50552,
        "map_at_20": 0.50628,
        "map_at_100": 0.50628,
        "map_at_1000": 0.50628,
        "recall_at_1": 0.44156,
        "recall_at_3": 0.57143,
        "recall_at_5": 0.58442,
        "recall_at_10": 0.61039,
        "recall_at_20": 0.62338,
        "recall_at_100": 0.62338,
        "recall_at_1000": 0.62338,
        "precision_at_1": 0.44156,
        "precision_at_3": 0.19048,
        "precision_at_5": 0.11688,
        "precision_at_10": 0.06104,
        "precision_at_20": 0.03117,
        "precision_at_100": 0.00623,
        "precision_at_1000": 0.00062,
        "mrr_at_1": 0.428571,
        "mrr_at_3": 0.493506,
        "mrr_at_5": 0.496104,
        "mrr_at_10": 0.499026,
        "mrr_at_20": 0.49979,
        "mrr_at_100": 0.49979,
        "mrr_at_1000": 0.49979,
        "nauc_ndcg_at_1_max": 0.22514,
        "nauc_ndcg_at_1_std": -0.078758,
        "nauc_ndcg_at_1_diff1": 0.103753,
        "nauc_ndcg_at_3_max": 0.270759,
        "nauc_ndcg_at_3_std": 0.001598,
        "nauc_ndcg_at_3_diff1": -0.00482,
        "nauc_ndcg_at_5_max": 0.298043,
        "nauc_ndcg_at_5_std": 0.01899,
        "nauc_ndcg_at_5_diff1": -0.017815,
        "nauc_ndcg_at_10_max": 0.321245,
        "nauc_ndcg_at_10_std": 0.03907,
        "nauc_ndcg_at_10_diff1": -0.031727,
        "nauc_ndcg_at_20_max": 0.313518,
        "nauc_ndcg_at_20_std": 0.029871,
        "nauc_ndcg_at_20_diff1": -0.033074,
        "nauc_ndcg_at_100_max": 0.313518,
        "nauc_ndcg_at_100_std": 0.029871,
        "nauc_ndcg_at_100_diff1": -0.033074,
        "nauc_ndcg_at_1000_max": 0.313518,
        "nauc_ndcg_at_1000_std": 0.029871,
        "nauc_ndcg_at_1000_diff1": -0.033074,
        "nauc_map_at_1_max": 0.22514,
        "nauc_map_at_1_std": -0.078758,
        "nauc_map_at_1_diff1": 0.103753,
        "nauc_map_at_3_max": 0.262877,
        "nauc_map_at_3_std": -0.02233,
        "nauc_map_at_3_diff1": 0.023006,
        "nauc_map_at_5_max": 0.276735,
        "nauc_map_at_5_std": -0.013547,
        "nauc_map_at_5_diff1": 0.01647,
        "nauc_map_at_10_max": 0.284902,
        "nauc_map_at_10_std": -0.005831,
        "nauc_map_at_10_diff1": 0.011289,
        "nauc_map_at_20_max": 0.283012,
        "nauc_map_at_20_std": -0.008084,
        "nauc_map_at_20_diff1": 0.011021,
        "nauc_map_at_100_max": 0.283012,
        "nauc_map_at_100_std": -0.008084,
        "nauc_map_at_100_diff1": 0.011021,
        "nauc_map_at_1000_max": 0.283012,
        "nauc_map_at_1000_std": -0.008084,
        "nauc_map_at_1000_diff1": 0.011021,
        "nauc_recall_at_1_max": 0.22514,
        "nauc_recall_at_1_std": -0.078758,
        "nauc_recall_at_1_diff1": 0.103753,
        "nauc_recall_at_3_max": 0.293221,
        "nauc_recall_at_3_std": 0.076132,
        "nauc_recall_at_3_diff1": -0.089843,
        "nauc_recall_at_5_max": 0.367657,
        "nauc_recall_at_5_std": 0.124456,
        "nauc_recall_at_5_diff1": -0.126377,
        "nauc_recall_at_10_max": 0.454426,
        "nauc_recall_at_10_std": 0.196827,
        "nauc_recall_at_10_diff1": -0.178639,
        "nauc_recall_at_20_max": 0.422178,
        "nauc_recall_at_20_std": 0.158416,
        "nauc_recall_at_20_diff1": -0.18833,
        "nauc_recall_at_100_max": 0.422178,
        "nauc_recall_at_100_std": 0.158416,
        "nauc_recall_at_100_diff1": -0.18833,
        "nauc_recall_at_1000_max": 0.422178,
        "nauc_recall_at_1000_std": 0.158416,
        "nauc_recall_at_1000_diff1": -0.18833,
        "nauc_precision_at_1_max": 0.22514,
        "nauc_precision_at_1_std": -0.078758,
        "nauc_precision_at_1_diff1": 0.103753,
        "nauc_precision_at_3_max": 0.293221,
        "nauc_precision_at_3_std": 0.076132,
        "nauc_precision_at_3_diff1": -0.089843,
        "nauc_precision_at_5_max": 0.367657,
        "nauc_precision_at_5_std": 0.124456,
        "nauc_precision_at_5_diff1": -0.126377,
        "nauc_precision_at_10_max": 0.454426,
        "nauc_precision_at_10_std": 0.196827,
        "nauc_precision_at_10_diff1": -0.178639,
        "nauc_precision_at_20_max": 0.422178,
        "nauc_precision_at_20_std": 0.158416,
        "nauc_precision_at_20_diff1": -0.18833,
        "nauc_precision_at_100_max": 0.422178,
        "nauc_precision_at_100_std": 0.158416,
        "nauc_precision_at_100_diff1": -0.18833,
        "nauc_precision_at_1000_max": 0.422178,
        "nauc_precision_at_1000_std": 0.158416,
        "nauc_precision_at_1000_diff1": -0.18833,
        "nauc_mrr_at_1_max": 0.271129,
        "nauc_mrr_at_1_std": -0.071664,
        "nauc_mrr_at_1_diff1": 0.144328,
        "nauc_mrr_at_3_max": 0.286731,
        "nauc_mrr_at_3_std": -0.018771,
        "nauc_mrr_at_3_diff1": 0.044323,
        "nauc_mrr_at_5_max": 0.300621,
        "nauc_mrr_at_5_std": -0.009999,
        "nauc_mrr_at_5_diff1": 0.037861,
        "nauc_mrr_at_10_max": 0.308859,
        "nauc_mrr_at_10_std": -0.002288,
        "nauc_mrr_at_10_diff1": 0.032773,
        "nauc_mrr_at_20_max": 0.307003,
        "nauc_mrr_at_20_std": -0.004531,
        "nauc_mrr_at_20_diff1": 0.032533,
        "nauc_mrr_at_100_max": 0.307003,
        "nauc_mrr_at_100_std": -0.004531,
        "nauc_mrr_at_100_diff1": 0.032533,
        "nauc_mrr_at_1000_max": 0.307003,
        "nauc_mrr_at_1000_std": -0.004531,
        "nauc_mrr_at_1000_diff1": 0.032533,
        "main_score": 0.53127,
        "hf_subset": "korean",
        "languages": [
          "kor-Hang"
        ]
      }
    ]
  },
  "evaluation_time": 36.656094551086426,
  "kg_co2_emissions": null
}