{
  "dataset_revision": "c99d599f0a6ab9b85b065da6f9d94f9cf731679f",
  "task_name": "XPQARetrieval",
  "mteb_version": "1.38.57",
  "scores": {
    "test": [
      {
        "ndcg_at_1": 0.35321,
        "ndcg_at_3": 0.39261,
        "ndcg_at_5": 0.42833,
        "ndcg_at_10": 0.47311,
        "ndcg_at_20": 0.51946,
        "ndcg_at_100": 0.56502,
        "ndcg_at_1000": 0.56502,
        "map_at_1": 0.25456,
        "map_at_3": 0.35872,
        "map_at_5": 0.38929,
        "map_at_10": 0.41135,
        "map_at_20": 0.42604,
        "map_at_100": 0.43523,
        "map_at_1000": 0.43523,
        "recall_at_1": 0.25456,
        "recall_at_3": 0.41863,
        "recall_at_5": 0.50329,
        "recall_at_10": 0.62592,
        "recall_at_20": 0.79167,
        "recall_at_100": 1.0,
        "recall_at_1000": 1.0,
        "precision_at_1": 0.35321,
        "precision_at_3": 0.21967,
        "precision_at_5": 0.16239,
        "precision_at_10": 0.10107,
        "precision_at_20": 0.06338,
        "precision_at_100": 0.01564,
        "precision_at_1000": 0.00156,
        "mrr_at_1": 0.380734,
        "mrr_at_3": 0.431957,
        "mrr_at_5": 0.447554,
        "mrr_at_10": 0.460789,
        "mrr_at_20": 0.47143,
        "mrr_at_100": 0.477076,
        "mrr_at_1000": 0.477076,
        "nauc_ndcg_at_1_max": 0.097169,
        "nauc_ndcg_at_1_std": -0.312926,
        "nauc_ndcg_at_1_diff1": 0.22243,
        "nauc_ndcg_at_3_max": 0.051026,
        "nauc_ndcg_at_3_std": -0.367163,
        "nauc_ndcg_at_3_diff1": 0.227263,
        "nauc_ndcg_at_5_max": 0.018555,
        "nauc_ndcg_at_5_std": -0.403529,
        "nauc_ndcg_at_5_diff1": 0.24848,
        "nauc_ndcg_at_10_max": 0.005368,
        "nauc_ndcg_at_10_std": -0.399106,
        "nauc_ndcg_at_10_diff1": 0.240191,
        "nauc_ndcg_at_20_max": -0.00016,
        "nauc_ndcg_at_20_std": -0.38537,
        "nauc_ndcg_at_20_diff1": 0.241416,
        "nauc_ndcg_at_100_max": 0.029048,
        "nauc_ndcg_at_100_std": -0.366454,
        "nauc_ndcg_at_100_diff1": 0.227446,
        "nauc_ndcg_at_1000_max": 0.029048,
        "nauc_ndcg_at_1000_std": -0.366454,
        "nauc_ndcg_at_1000_diff1": 0.227446,
        "nauc_map_at_1_max": 0.091356,
        "nauc_map_at_1_std": -0.323544,
        "nauc_map_at_1_diff1": 0.323625,
        "nauc_map_at_3_max": 0.070501,
        "nauc_map_at_3_std": -0.349921,
        "nauc_map_at_3_diff1": 0.232894,
        "nauc_map_at_5_max": 0.047106,
        "nauc_map_at_5_std": -0.373511,
        "nauc_map_at_5_diff1": 0.237396,
        "nauc_map_at_10_max": 0.037085,
        "nauc_map_at_10_std": -0.372937,
        "nauc_map_at_10_diff1": 0.232429,
        "nauc_map_at_20_max": 0.035831,
        "nauc_map_at_20_std": -0.368391,
        "nauc_map_at_20_diff1": 0.232649,
        "nauc_map_at_100_max": 0.041136,
        "nauc_map_at_100_std": -0.363632,
        "nauc_map_at_100_diff1": 0.22914,
        "nauc_map_at_1000_max": 0.041136,
        "nauc_map_at_1000_std": -0.363632,
        "nauc_map_at_1000_diff1": 0.22914,
        "nauc_recall_at_1_max": 0.091356,
        "nauc_recall_at_1_std": -0.323544,
        "nauc_recall_at_1_diff1": 0.323625,
        "nauc_recall_at_3_max": 0.023823,
        "nauc_recall_at_3_std": -0.393108,
        "nauc_recall_at_3_diff1": 0.23564,
        "nauc_recall_at_5_max": -0.049581,
        "nauc_recall_at_5_std": -0.469617,
        "nauc_recall_at_5_diff1": 0.272066,
        "nauc_recall_at_10_max": -0.09012,
        "nauc_recall_at_10_std": -0.468907,
        "nauc_recall_at_10_diff1": 0.260725,
        "nauc_recall_at_20_max": -0.178892,
        "nauc_recall_at_20_std": -0.45269,
        "nauc_recall_at_20_diff1": 0.289538,
        "nauc_recall_at_100_max": NaN,
        "nauc_recall_at_100_std": NaN,
        "nauc_recall_at_100_diff1": NaN,
        "nauc_recall_at_1000_max": NaN,
        "nauc_recall_at_1000_std": NaN,
        "nauc_recall_at_1000_diff1": NaN,
        "nauc_precision_at_1_max": 0.097169,
        "nauc_precision_at_1_std": -0.312926,
        "nauc_precision_at_1_diff1": 0.22243,
        "nauc_precision_at_3_max": 0.026498,
        "nauc_precision_at_3_std": -0.253944,
        "nauc_precision_at_3_diff1": 0.029349,
        "nauc_precision_at_5_max": -0.037159,
        "nauc_precision_at_5_std": -0.275094,
        "nauc_precision_at_5_diff1": 0.039662,
        "nauc_precision_at_10_max": -0.072759,
        "nauc_precision_at_10_std": -0.214352,
        "nauc_precision_at_10_diff1": -0.016287,
        "nauc_precision_at_20_max": -0.079132,
        "nauc_precision_at_20_std": -0.094742,
        "nauc_precision_at_20_diff1": -0.070126,
        "nauc_precision_at_100_max": -0.000403,
        "nauc_precision_at_100_std": 0.10402,
        "nauc_precision_at_100_diff1": -0.225328,
        "nauc_precision_at_1000_max": -0.000403,
        "nauc_precision_at_1000_std": 0.10402,
        "nauc_precision_at_1000_diff1": -0.225328,
        "nauc_mrr_at_1_max": 0.150452,
        "nauc_mrr_at_1_std": -0.250635,
        "nauc_mrr_at_1_diff1": 0.151517,
        "nauc_mrr_at_3_max": 0.091908,
        "nauc_mrr_at_3_std": -0.310063,
        "nauc_mrr_at_3_diff1": 0.179525,
        "nauc_mrr_at_5_max": 0.083471,
        "nauc_mrr_at_5_std": -0.319117,
        "nauc_mrr_at_5_diff1": 0.187254,
        "nauc_mrr_at_10_max": 0.079721,
        "nauc_mrr_at_10_std": -0.320778,
        "nauc_mrr_at_10_diff1": 0.187301,
        "nauc_mrr_at_20_max": 0.081206,
        "nauc_mrr_at_20_std": -0.315938,
        "nauc_mrr_at_20_diff1": 0.185882,
        "nauc_mrr_at_100_max": 0.084843,
        "nauc_mrr_at_100_std": -0.313566,
        "nauc_mrr_at_100_diff1": 0.18427,
        "nauc_mrr_at_1000_max": 0.084843,
        "nauc_mrr_at_1000_std": -0.313566,
        "nauc_mrr_at_1000_diff1": 0.18427,
        "main_score": 0.47311,
        "hf_subset": "kor-kor",
        "languages": [
          "kor-Hang",
          "kor-Hang"
        ]
      },
      {
        "ndcg_at_1": 0.04587,
        "ndcg_at_3": 0.03653,
        "ndcg_at_5": 0.03707,
        "ndcg_at_10": 0.04046,
        "ndcg_at_20": 0.04096,
        "ndcg_at_100": 0.04184,
        "ndcg_at_1000": 0.04184,
        "map_at_1": 0.02424,
        "map_at_3": 0.02915,
        "map_at_5": 0.03011,
        "map_at_10": 0.03132,
        "map_at_20": 0.03143,
        "map_at_100": 0.03156,
        "map_at_1000": 0.03156,
        "recall_at_1": 0.02424,
        "recall_at_3": 0.03338,
        "recall_at_5": 0.03759,
        "recall_at_10": 0.04664,
        "recall_at_20": 0.04847,
        "recall_at_100": 0.05306,
        "recall_at_1000": 0.05306,
        "precision_at_1": 0.04587,
        "precision_at_3": 0.02192,
        "precision_at_5": 0.01437,
        "precision_at_10": 0.00887,
        "precision_at_20": 0.00459,
        "precision_at_100": 0.00096,
        "precision_at_1000": 0.0001,
        "mrr_at_1": 0.045872,
        "mrr_at_3": 0.051988,
        "mrr_at_5": 0.053364,
        "mrr_at_10": 0.055404,
        "mrr_at_20": 0.055584,
        "mrr_at_100": 0.055711,
        "mrr_at_1000": 0.055711,
        "nauc_ndcg_at_1_max": 0.405426,
        "nauc_ndcg_at_1_std": 0.324464,
        "nauc_ndcg_at_1_diff1": 0.490178,
        "nauc_ndcg_at_3_max": 0.422844,
        "nauc_ndcg_at_3_std": 0.363722,
        "nauc_ndcg_at_3_diff1": 0.46738,
        "nauc_ndcg_at_5_max": 0.427189,
        "nauc_ndcg_at_5_std": 0.368312,
        "nauc_ndcg_at_5_diff1": 0.473635,
        "nauc_ndcg_at_10_max": 0.426134,
        "nauc_ndcg_at_10_std": 0.375704,
        "nauc_ndcg_at_10_diff1": 0.455042,
        "nauc_ndcg_at_20_max": 0.419262,
        "nauc_ndcg_at_20_std": 0.369453,
        "nauc_ndcg_at_20_diff1": 0.448485,
        "nauc_ndcg_at_100_max": 0.413339,
        "nauc_ndcg_at_100_std": 0.365247,
        "nauc_ndcg_at_100_diff1": 0.428619,
        "nauc_ndcg_at_1000_max": 0.413339,
        "nauc_ndcg_at_1000_std": 0.365247,
        "nauc_ndcg_at_1000_diff1": 0.428619,
        "nauc_map_at_1_max": 0.436672,
        "nauc_map_at_1_std": 0.344456,