{
  "dataset_revision": "fd7df84ac089bbec763b1c6bb1b56e985df5cc5c",
  "task_name": "AutoRAGRetrieval",
  "mteb_version": "1.38.1",
  "scores": {
    "test": [
      {
        "ndcg_at_1": 0.77193,
        "ndcg_at_3": 0.83928,
        "ndcg_at_5": 0.85324,
        "ndcg_at_10": 0.8649,
        "ndcg_at_20": 0.86696,
        "ndcg_at_100": 0.87446,
        "ndcg_at_1000": 0.87446,
        "map_at_1": 0.77193,
        "map_at_3": 0.8231,
        "map_at_5": 0.83056,
        "map_at_10": 0.83555,
        "map_at_20": 0.83604,
        "map_at_100": 0.83746,
        "map_at_1000": 0.83746,
        "recall_at_1": 0.77193,
        "recall_at_3": 0.88596,
        "recall_at_5": 0.92105,
        "recall_at_10": 0.95614,
        "recall_at_20": 0.96491,
        "recall_at_100": 1.0,
        "recall_at_1000": 1.0,
        "precision_at_1": 0.77193,
        "precision_at_3": 0.29532,
        "precision_at_5": 0.18421,
        "precision_at_10": 0.09561,
        "precision_at_20": 0.04825,
        "precision_at_100": 0.01,
        "precision_at_1000": 0.001,
        "mrr_at_1": 0.77193,
        "mrr_at_3": 0.823099,
        "mrr_at_5": 0.830556,
        "mrr_at_10": 0.835551,
        "mrr_at_20": 0.836038,
        "mrr_at_100": 0.837465,
        "mrr_at_1000": 0.837465,
        "nauc_ndcg_at_1_max": 0.272462,
        "nauc_ndcg_at_1_std": -0.416372,
        "nauc_ndcg_at_1_diff1": 0.845678,
        "nauc_ndcg_at_3_max": 0.417843,
        "nauc_ndcg_at_3_std": -0.241899,
        "nauc_ndcg_at_3_diff1": 0.789657,
        "nauc_ndcg_at_5_max": 0.387849,
        "nauc_ndcg_at_5_std": -0.251998,
        "nauc_ndcg_at_5_diff1": 0.784618,
        "nauc_ndcg_at_10_max": 0.366211,
        "nauc_ndcg_at_10_std": -0.304322,
        "nauc_ndcg_at_10_diff1": 0.7907,
        "nauc_ndcg_at_20_max": 0.391374,
        "nauc_ndcg_at_20_std": -0.300007,
        "nauc_ndcg_at_20_diff1": 0.797903,
        "nauc_ndcg_at_100_max": 0.366128,
        "nauc_ndcg_at_100_std": -0.306639,
        "nauc_ndcg_at_100_diff1": 0.802933,
        "nauc_ndcg_at_1000_max": 0.366128,
        "nauc_ndcg_at_1000_std": -0.306639,
        "nauc_ndcg_at_1000_diff1": 0.802933,
        "nauc_map_at_1_max": 0.272462,
        "nauc_map_at_1_std": -0.416372,
        "nauc_map_at_1_diff1": 0.845678,
        "nauc_map_at_3_max": 0.379513,
        "nauc_map_at_3_std": -0.294828,
        "nauc_map_at_3_diff1": 0.806194,
        "nauc_map_at_5_max": 0.364261,
        "nauc_map_at_5_std": -0.299376,
        "nauc_map_at_5_diff1": 0.804166,
        "nauc_map_at_10_max": 0.35673,
        "nauc_map_at_10_std": -0.317587,
        "nauc_map_at_10_diff1": 0.806349,
        "nauc_map_at_20_max": 0.361549,
        "nauc_map_at_20_std": -0.316798,
        "nauc_map_at_20_diff1": 0.807787,
        "nauc_map_at_100_max": 0.357602,
        "nauc_map_at_100_std": -0.317797,
        "nauc_map_at_100_diff1": 0.808572,
        "nauc_map_at_1000_max": 0.357602,
        "nauc_map_at_1000_std": -0.317797,
        "nauc_map_at_1000_diff1": 0.808572,
        "nauc_recall_at_1_max": 0.272462,
        "nauc_recall_at_1_std": -0.416372,
        "nauc_recall_at_1_diff1": 0.845678,
        "nauc_recall_at_3_max": 0.577128,
        "nauc_recall_at_3_std": -0.017095,
        "nauc_recall_at_3_diff1": 0.719697,
        "nauc_recall_at_5_max": 0.507811,
        "nauc_recall_at_5_std": 0.011254,
        "nauc_recall_at_5_diff1": 0.671822,
        "nauc_recall_at_10_max": 0.400009,
        "nauc_recall_at_10_std": -0.265389,
        "nauc_recall_at_10_diff1": 0.645378,
        "nauc_recall_at_20_max": 0.786739,
        "nauc_recall_at_20_std": -0.190789,
        "nauc_recall_at_20_diff1": 0.71734,
        "nauc_recall_at_100_max": NaN,
        "nauc_recall_at_100_std": NaN,
        "nauc_recall_at_100_diff1": NaN,
        "nauc_recall_at_1000_max": NaN,
        "nauc_recall_at_1000_std": NaN,
        "nauc_recall_at_1000_diff1": NaN,
        "nauc_precision_at_1_max": 0.272462,
        "nauc_precision_at_1_std": -0.416372,
        "nauc_precision_at_1_diff1": 0.845678,
        "nauc_precision_at_3_max": 0.577128,
        "nauc_precision_at_3_std": -0.017095,
        "nauc_precision_at_3_diff1": 0.719697,
        "nauc_precision_at_5_max": 0.507811,
        "nauc_precision_at_5_std": 0.011254,
        "nauc_precision_at_5_diff1": 0.671822,
        "nauc_precision_at_10_max": 0.400009,
        "nauc_precision_at_10_std": -0.265389,
        "nauc_precision_at_10_diff1": 0.645378,
        "nauc_precision_at_20_max": 0.786739,
        "nauc_precision_at_20_std": -0.190789,
        "nauc_precision_at_20_diff1": 0.71734,
        "nauc_precision_at_100_max": 1.0,
        "nauc_precision_at_100_std": 1.0,
        "nauc_precision_at_100_diff1": 1.0,
        "nauc_precision_at_1000_max": 1.0,
        "nauc_precision_at_1000_std": 1.0,
        "nauc_precision_at_1000_diff1": 1.0,
        "nauc_mrr_at_1_max": 0.272462,
        "nauc_mrr_at_1_std": -0.416372,
        "nauc_mrr_at_1_diff1": 0.845678,
        "nauc_mrr_at_3_max": 0.379513,
        "nauc_mrr_at_3_std": -0.294828,
        "nauc_mrr_at_3_diff1": 0.806194,
        "nauc_mrr_at_5_max": 0.364261,
        "nauc_mrr_at_5_std": -0.299376,
        "nauc_mrr_at_5_diff1": 0.804166,
        "nauc_mrr_at_10_max": 0.35673,
        "nauc_mrr_at_10_std": -0.317587,
        "nauc_mrr_at_10_diff1": 0.806349,
        "nauc_mrr_at_20_max": 0.361549,
        "nauc_mrr_at_20_std": -0.316798,
        "nauc_mrr_at_20_diff1": 0.807787,
        "nauc_mrr_at_100_max": 0.357602,
        "nauc_mrr_at_100_std": -0.317797,
        "nauc_mrr_at_100_diff1": 0.808572,
        "nauc_mrr_at_1000_max": 0.357602,
        "nauc_mrr_at_1000_std": -0.317797,
        "nauc_mrr_at_1000_diff1": 0.808572,
        "main_score": 0.8649,
        "hf_subset": "default",
        "languages": [
          "kor-Hang"
        ]
      }
    ]
  },
  "evaluation_time": 733.2139055728912,
  "kg_co2_emissions": null
}