{
  "dataset_revision": "75b399394a9803252cfec289d103de462763db7c",
  "task_name": "BelebeleRetrieval",
  "mteb_version": "1.38.1",
  "scores": {
    "test": [
      {
        "ndcg_at_1": 0.94222,
        "ndcg_at_3": 0.96533,
        "ndcg_at_5": 0.96796,
        "ndcg_at_10": 0.96901,
        "ndcg_at_20": 0.97047,
        "ndcg_at_100": 0.97138,
        "ndcg_at_1000": 0.97138,
        "map_at_1": 0.94222,
        "map_at_3": 0.96019,
        "map_at_5": 0.96157,
        "map_at_10": 0.962,
        "map_at_20": 0.96242,
        "map_at_100": 0.96258,
        "map_at_1000": 0.96258,
        "recall_at_1": 0.94222,
        "recall_at_3": 0.98,
        "recall_at_5": 0.98667,
        "recall_at_10": 0.99,
        "recall_at_20": 0.99556,
        "recall_at_100": 1.0,
        "recall_at_1000": 1.0,
        "precision_at_1": 0.94222,
        "precision_at_3": 0.32667,
        "precision_at_5": 0.19733,
        "precision_at_10": 0.099,
        "precision_at_20": 0.04978,
        "precision_at_100": 0.01,
        "precision_at_1000": 0.001,
        "mrr_at_1": 0.944444,
        "mrr_at_3": 0.961296,
        "mrr_at_5": 0.962685,
        "mrr_at_10": 0.963106,
        "mrr_at_20": 0.963533,
        "mrr_at_100": 0.963689,
        "mrr_at_1000": 0.963689,
        "nauc_ndcg_at_1_max": 0.913632,
        "nauc_ndcg_at_1_std": 0.471091,
        "nauc_ndcg_at_1_diff1": 0.979575,
        "nauc_ndcg_at_3_max": 0.923976,
        "nauc_ndcg_at_3_std": 0.519428,
        "nauc_ndcg_at_3_diff1": 0.982151,
        "nauc_ndcg_at_5_max": 0.921248,
        "nauc_ndcg_at_5_std": 0.52043,
        "nauc_ndcg_at_5_diff1": 0.982441,
        "nauc_ndcg_at_10_max": 0.918566,
        "nauc_ndcg_at_10_std": 0.510559,
        "nauc_ndcg_at_10_diff1": 0.981843,
        "nauc_ndcg_at_20_max": 0.921398,
        "nauc_ndcg_at_20_std": 0.5133,
        "nauc_ndcg_at_20_diff1": 0.980947,
        "nauc_ndcg_at_100_max": 0.920026,
        "nauc_ndcg_at_100_std": 0.497854,
        "nauc_ndcg_at_100_diff1": 0.981278,
        "nauc_ndcg_at_1000_max": 0.920026,
        "nauc_ndcg_at_1000_std": 0.497854,
        "nauc_ndcg_at_1000_diff1": 0.981278,
        "nauc_map_at_1_max": 0.913632,
        "nauc_map_at_1_std": 0.471091,
        "nauc_map_at_1_diff1": 0.979575,
        "nauc_map_at_3_max": 0.921069,
        "nauc_map_at_3_std": 0.496745,
        "nauc_map_at_3_diff1": 0.981532,
        "nauc_map_at_5_max": 0.919728,
        "nauc_map_at_5_std": 0.495977,
        "nauc_map_at_5_diff1": 0.981621,
        "nauc_map_at_10_max": 0.918839,
        "nauc_map_at_10_std": 0.492568,
        "nauc_map_at_10_diff1": 0.981417,
        "nauc_map_at_20_max": 0.919527,
        "nauc_map_at_20_std": 0.49331,
        "nauc_map_at_20_diff1": 0.981206,
        "nauc_map_at_100_max": 0.919367,
        "nauc_map_at_100_std": 0.491188,
        "nauc_map_at_100_diff1": 0.98122,
        "nauc_map_at_1000_max": 0.919367,
        "nauc_map_at_1000_std": 0.491188,
        "nauc_map_at_1000_diff1": 0.98122,
        "nauc_recall_at_1_max": 0.913632,
        "nauc_recall_at_1_std": 0.471091,
        "nauc_recall_at_1_diff1": 0.979575,
        "nauc_recall_at_3_max": 0.940087,
        "nauc_recall_at_3_std": 0.654477,
        "nauc_recall_at_3_diff1": 0.985476,
        "nauc_recall_at_5_max": 0.931917,
        "nauc_recall_at_5_std": 0.732765,
        "nauc_recall_at_5_diff1": 0.989107,
        "nauc_recall_at_10_max": 0.909223,
        "nauc_recall_at_10_std": 0.705415,
        "nauc_recall_at_10_diff1": 0.985476,
        "nauc_recall_at_20_max": 0.96732,
        "nauc_recall_at_20_std": 1.0,
        "nauc_recall_at_20_diff1": 0.96732,
        "nauc_recall_at_100_max": NaN,
        "nauc_recall_at_100_std": NaN,
        "nauc_recall_at_100_diff1": NaN,
        "nauc_recall_at_1000_max": NaN,
        "nauc_recall_at_1000_std": NaN,
        "nauc_recall_at_1000_diff1": NaN,
        "nauc_precision_at_1_max": 0.913632,
        "nauc_precision_at_1_std": 0.471091,
        "nauc_precision_at_1_diff1": 0.979575,
        "nauc_precision_at_3_max": 0.940087,
        "nauc_precision_at_3_std": 0.654477,
        "nauc_precision_at_3_diff1": 0.985476,
        "nauc_precision_at_5_max": 0.931917,
        "nauc_precision_at_5_std": 0.732765,
        "nauc_precision_at_5_diff1": 0.989107,
        "nauc_precision_at_10_max": 0.909223,
        "nauc_precision_at_10_std": 0.705415,
        "nauc_precision_at_10_diff1": 0.985476,
        "nauc_precision_at_20_max": 0.96732,
        "nauc_precision_at_20_std": 1.0,
        "nauc_precision_at_20_diff1": 0.96732,
        "nauc_precision_at_100_max": 1.0,
        "nauc_precision_at_100_std": 1.0,
        "nauc_precision_at_100_diff1": 1.0,
        "nauc_precision_at_1000_max": NaN,
        "nauc_precision_at_1000_std": NaN,
        "nauc_precision_at_1000_diff1": NaN,
        "nauc_mrr_at_1_max": 0.910177,
        "nauc_mrr_at_1_std": 0.473361,
        "nauc_mrr_at_1_diff1": 0.978758,
        "nauc_mrr_at_3_max": 0.918803,
        "nauc_mrr_at_3_std": 0.499111,
        "nauc_mrr_at_3_diff1": 0.981002,
        "nauc_mrr_at_5_max": 0.917338,
        "nauc_mrr_at_5_std": 0.498409,
        "nauc_mrr_at_5_diff1": 0.981073,
        "nauc_mrr_at_10_max": 0.916395,
        "nauc_mrr_at_10_std": 0.494925,
        "nauc_mrr_at_10_diff1": 0.980857,
        "nauc_mrr_at_20_max": 0.917075,
        "nauc_mrr_at_20_std": 0.495717,
        "nauc_mrr_at_20_diff1": 0.980633,
        "nauc_mrr_at_100_max": 0.916899,
        "nauc_mrr_at_100_std": 0.49354,
        "nauc_mrr_at_100_diff1": 0.980645,
        "nauc_mrr_at_1000_max": 0.916899,
        "nauc_mrr_at_1000_std": 0.49354,
        "nauc_mrr_at_1000_diff1": 0.980645,
        "main_score": 0.96901,
        "hf_subset": "kor_Hang-kor_Hang",
        "languages": [
          "kor-Hang",
          "kor-Hang"
        ]
      },
      {
        "ndcg_at_1": 0.10111,
        "ndcg_at_3": 0.10251,
        "ndcg_at_5": 0.10251,
        "ndcg_at_10": 0.10251,
        "ndcg_at_20": 0.10251,
        "ndcg_at_100": 0.10251,
        "ndcg_at_1000": 0.10251,
        "map_at_1": 0.10111,
        "map_at_3": 0.10222,
        "map_at_5": 0.10222,
        "map_at_10": 0.10222,
        "map_at_20": 0.10222,
        "map_at_100": 0.10222,
        "map_at_1000": 0.10222,
        "recall_at_1": 0.10111,
        "recall_at_3": 0.10333,
        "recall_at_5": 0.10333,
        "recall_at_10": 0.10333,
        "recall_at_20": 0.10333,
        "recall_at_100": 0.10333,
        "recall_at_1000": 0.10333,
        "precision_at_1": 0.10111,
        "precision_at_3": 0.03444,
        "precision_at_5": 0.02067,
        "precision_at_10": 0.01033,
        "precision_at_20": 0.00517,
        "precision_at_100": 0.00103,
        "precision_at_1000": 0.0001,
        "mrr_at_1": 0.101111,
        "mrr_at_3": 0.102222,
        "mrr_at_5": 0.102222,
        "mrr_at_10": 0.102222,
        "mrr_at_20": 0.102222,
        "mrr_at_100": 0.102222,
        "mrr_at_1000": 0.102222,
        "nauc_ndcg_at_1_max": 0.930393,
        "nauc_ndcg_at_1_std": 0.631408,
        "nauc_ndcg_at_1_diff1": 0.899691,
        "nauc_ndcg_at_3_max": 0.93336,
        "nauc_ndcg_at_3_std": 0.637104,
        "nauc_ndcg_at_3_diff1": 0.890849,
        "nauc_ndcg_at_5_max": 0.93336,
        "nauc_ndcg_at_5_std": 0.637104,
        "nauc_ndcg_at_5_diff1": 0.890849,
        "nauc_ndcg_at_10_max": 0.93336,
        "nauc_ndcg_at_10_std": 0.637104,
        "nauc_ndcg_at_10_diff1": 0.890849,
        "nauc_ndcg_at_20_max": 0.93336,
        "nauc_ndcg_at_20_std": 0.637104,
        "nauc_ndcg_at_20_diff1": 0.890849,
        "nauc_ndcg_at_100_max": 0.93336,
        "nauc_ndcg_at_100_std": 0.637104,
        "nauc_ndcg_at_100_diff1": 0.890849,
        "nauc_ndcg_at_1000_max": 0.93336,
        "nauc_ndcg_at_1000_std": 0.637104,
        "nauc_ndcg_at_1000_diff1": 0.890849,
        "nauc_map_at_1_max": 0.930393,
        "nauc_map_at_1_std": 0.631408,
        "nauc_map_at_1_diff1": 0.899691,
        "nauc_map_at_3_max": 0.932748,