{
  "dataset_revision": "d243889a3eb6654029dbd7e7f9319ae31d58f97c",
  "task_name": "Ko-StrategyQA",
  "mteb_version": "1.38.1",
  "scores": {
    "dev": [
      {
        "ndcg_at_1": 0.80912,
        "ndcg_at_3": 0.81237,
        "ndcg_at_5": 0.84348,
        "ndcg_at_10": 0.86153,
        "ndcg_at_20": 0.87366,
        "ndcg_at_100": 0.8844,
        "ndcg_at_1000": 0.8844,
        "map_at_1": 0.5287,
        "map_at_3": 0.77845,
        "map_at_5": 0.80996,
        "map_at_10": 0.8224,
        "map_at_20": 0.82711,
        "map_at_100": 0.83022,
        "map_at_1000": 0.83022,
        "recall_at_1": 0.5287,
        "recall_at_3": 0.81694,
        "recall_at_5": 0.88156,
        "recall_at_10": 0.92328,
        "recall_at_20": 0.96039,
        "recall_at_100": 1.0,
        "recall_at_1000": 1.0,
        "precision_at_1": 0.80912,
        "precision_at_3": 0.48986,
        "precision_at_5": 0.325,
        "precision_at_10": 0.17365,
        "precision_at_20": 0.09139,
        "precision_at_100": 0.01934,
        "precision_at_1000": 0.00193,
        "mrr_at_1": 0.814189,
        "mrr_at_3": 0.8567,
        "mrr_at_5": 0.863119,
        "mrr_at_10": 0.867015,
        "mrr_at_20": 0.868923,
        "mrr_at_100": 0.869368,
        "mrr_at_1000": 0.869368,
        "nauc_ndcg_at_1_max": 0.645837,
        "nauc_ndcg_at_1_std": 0.282028,
        "nauc_ndcg_at_1_diff1": 0.687333,
        "nauc_ndcg_at_3_max": 0.692814,
        "nauc_ndcg_at_3_std": 0.378753,
        "nauc_ndcg_at_3_diff1": 0.583182,
        "nauc_ndcg_at_5_max": 0.724288,
        "nauc_ndcg_at_5_std": 0.414261,
        "nauc_ndcg_at_5_diff1": 0.606559,
        "nauc_ndcg_at_10_max": 0.741018,
        "nauc_ndcg_at_10_std": 0.480158,
        "nauc_ndcg_at_10_diff1": 0.620332,
        "nauc_ndcg_at_20_max": 0.72577,
        "nauc_ndcg_at_20_std": 0.452704,
        "nauc_ndcg_at_20_diff1": 0.615989,
        "nauc_ndcg_at_100_max": 0.702445,
        "nauc_ndcg_at_100_std": 0.407138,
        "nauc_ndcg_at_100_diff1": 0.616563,
        "nauc_ndcg_at_1000_max": 0.702445,
        "nauc_ndcg_at_1000_std": 0.407138,
        "nauc_ndcg_at_1000_diff1": 0.616563,
        "nauc_map_at_1_max": 0.320601,
        "nauc_map_at_1_std": -0.045894,
        "nauc_map_at_1_diff1": 0.687517,
        "nauc_map_at_3_max": 0.654897,
        "nauc_map_at_3_std": 0.317624,
        "nauc_map_at_3_diff1": 0.57093,
        "nauc_map_at_5_max": 0.683649,
        "nauc_map_at_5_std": 0.356824,
        "nauc_map_at_5_diff1": 0.585653,
        "nauc_map_at_10_max": 0.692849,
        "nauc_map_at_10_std": 0.394019,
        "nauc_map_at_10_diff1": 0.595526,
        "nauc_map_at_20_max": 0.688356,
        "nauc_map_at_20_std": 0.386846,
        "nauc_map_at_20_diff1": 0.594693,
        "nauc_map_at_100_max": 0.682906,
        "nauc_map_at_100_std": 0.376469,
        "nauc_map_at_100_diff1": 0.59436,
        "nauc_map_at_1000_max": 0.682906,
        "nauc_map_at_1000_std": 0.376469,
        "nauc_map_at_1000_diff1": 0.59436,
        "nauc_recall_at_1_max": 0.320601,
        "nauc_recall_at_1_std": -0.045894,
        "nauc_recall_at_1_diff1": 0.687517,
        "nauc_recall_at_3_max": 0.714598,
        "nauc_recall_at_3_std": 0.422957,
        "nauc_recall_at_3_diff1": 0.538012,
        "nauc_recall_at_5_max": 0.805731,
        "nauc_recall_at_5_std": 0.529028,
        "nauc_recall_at_5_diff1": 0.582432,
        "nauc_recall_at_10_max": 0.916447,
        "nauc_recall_at_10_std": 0.834162,
        "nauc_recall_at_10_diff1": 0.640999,
        "nauc_recall_at_20_max": 0.948549,
        "nauc_recall_at_20_std": 0.899363,
        "nauc_recall_at_20_diff1": 0.612501,
        "nauc_recall_at_100_max": NaN,
        "nauc_recall_at_100_std": NaN,
        "nauc_recall_at_100_diff1": NaN,
        "nauc_recall_at_1000_max": NaN,
        "nauc_recall_at_1000_std": NaN,
        "nauc_recall_at_1000_diff1": NaN,
        "nauc_precision_at_1_max": 0.645837,
        "nauc_precision_at_1_std": 0.282028,
        "nauc_precision_at_1_diff1": 0.687333,
        "nauc_precision_at_3_max": 0.287895,
        "nauc_precision_at_3_std": 0.404928,
        "nauc_precision_at_3_diff1": -0.191364,
        "nauc_precision_at_5_max": 0.176712,
        "nauc_precision_at_5_std": 0.361064,
        "nauc_precision_at_5_diff1": -0.265853,
        "nauc_precision_at_10_max": 0.08489,
        "nauc_precision_at_10_std": 0.363308,
        "nauc_precision_at_10_diff1": -0.328964,
        "nauc_precision_at_20_max": -0.028573,
        "nauc_precision_at_20_std": 0.272711,
        "nauc_precision_at_20_diff1": -0.412166,
        "nauc_precision_at_100_max": -0.173054,
        "nauc_precision_at_100_std": 0.128514,
        "nauc_precision_at_100_diff1": -0.491151,
        "nauc_precision_at_1000_max": -0.173054,
        "nauc_precision_at_1000_std": 0.128514,
        "nauc_precision_at_1000_diff1": -0.491151,
        "nauc_mrr_at_1_max": 0.676629,
        "nauc_mrr_at_1_std": 0.318824,
        "nauc_mrr_at_1_diff1": 0.675649,
        "nauc_mrr_at_3_max": 0.742548,
        "nauc_mrr_at_3_std": 0.455451,
        "nauc_mrr_at_3_diff1": 0.651588,
        "nauc_mrr_at_5_max": 0.738142,
        "nauc_mrr_at_5_std": 0.441403,
        "nauc_mrr_at_5_diff1": 0.656413,
        "nauc_mrr_at_10_max": 0.736862,
        "nauc_mrr_at_10_std": 0.443327,
        "nauc_mrr_at_10_diff1": 0.658867,
        "nauc_mrr_at_20_max": 0.733364,
        "nauc_mrr_at_20_std": 0.435708,
        "nauc_mrr_at_20_diff1": 0.657767,
        "nauc_mrr_at_100_max": 0.732553,
        "nauc_mrr_at_100_std": 0.434037,
        "nauc_mrr_at_100_diff1": 0.658044,
        "nauc_mrr_at_1000_max": 0.732553,
        "nauc_mrr_at_1000_std": 0.434037,
        "nauc_mrr_at_1000_diff1": 0.658044,
        "main_score": 0.86153,
        "hf_subset": "default",
        "languages": [
          "kor-Hang"
        ]
      }
    ]
  },
  "evaluation_time": 2603.869036912918,
  "kg_co2_emissions": null
}