{
  "dataset_revision": "main",
  "task_name": "MIRACLRetrieval",
  "mteb_version": "1.38.1",
  "scores": {
    "dev": [
      {
        "ndcg_at_1": 0.82629,
        "ndcg_at_3": 0.83447,
        "ndcg_at_5": 0.86628,
        "ndcg_at_10": 0.89432,
        "ndcg_at_20": 0.90027,
        "ndcg_at_100": 0.90193,
        "ndcg_at_1000": 0.90193,
        "map_at_1": 0.51624,
        "map_at_3": 0.70869,
        "map_at_5": 0.78961,
        "map_at_10": 0.83713,
        "map_at_20": 0.84421,
        "map_at_100": 0.84504,
        "map_at_1000": 0.84504,
        "recall_at_1": 0.51624,
        "recall_at_3": 0.7677,
        "recall_at_5": 0.89767,
        "recall_at_10": 0.98168,
        "recall_at_20": 0.99499,
        "recall_at_100": 1.0,
        "recall_at_1000": 1.0,
        "precision_at_1": 0.82629,
        "precision_at_3": 0.51487,
        "precision_at_5": 0.40188,
        "precision_at_10": 0.24507,
        "precision_at_20": 0.12746,
        "precision_at_100": 0.02568,
        "precision_at_1000": 0.00257,
        "mrr_at_1": 0.830986,
        "mrr_at_3": 0.888889,
        "mrr_at_5": 0.897105,
        "mrr_at_10": 0.898161,
        "mrr_at_20": 0.898161,
        "mrr_at_100": 0.898161,
        "mrr_at_1000": 0.898161,
        "nauc_ndcg_at_1_max": 0.469328,
        "nauc_ndcg_at_1_std": -0.005977,
        "nauc_ndcg_at_1_diff1": 0.553072,
        "nauc_ndcg_at_3_max": 0.396906,
        "nauc_ndcg_at_3_std": -0.170135,
        "nauc_ndcg_at_3_diff1": 0.547752,
        "nauc_ndcg_at_5_max": 0.395051,
        "nauc_ndcg_at_5_std": -0.1253,
        "nauc_ndcg_at_5_diff1": 0.559111,
        "nauc_ndcg_at_10_max": 0.420293,
        "nauc_ndcg_at_10_std": -0.097767,
        "nauc_ndcg_at_10_diff1": 0.555069,
        "nauc_ndcg_at_20_max": 0.441627,
        "nauc_ndcg_at_20_std": -0.048798,
        "nauc_ndcg_at_20_diff1": 0.554805,
        "nauc_ndcg_at_100_max": 0.435807,
        "nauc_ndcg_at_100_std": -0.05616,
        "nauc_ndcg_at_100_diff1": 0.557295,
        "nauc_ndcg_at_1000_max": 0.435807,
        "nauc_ndcg_at_1000_std": -0.05616,
        "nauc_ndcg_at_1000_diff1": 0.557295,
        "nauc_map_at_1_max": 0.443697,
        "nauc_map_at_1_std": -0.307687,
        "nauc_map_at_1_diff1": 0.71046,
        "nauc_map_at_3_max": 0.398405,
        "nauc_map_at_3_std": -0.409903,
        "nauc_map_at_3_diff1": 0.62293,
        "nauc_map_at_5_max": 0.359974,
        "nauc_map_at_5_std": -0.334191,
        "nauc_map_at_5_diff1": 0.583094,
        "nauc_map_at_10_max": 0.402425,
        "nauc_map_at_10_std": -0.1468,
        "nauc_map_at_10_diff1": 0.563057,
        "nauc_map_at_20_max": 0.417107,
        "nauc_map_at_20_std": -0.093709,
        "nauc_map_at_20_diff1": 0.556654,
        "nauc_map_at_100_max": 0.414974,
        "nauc_map_at_100_std": -0.096721,
        "nauc_map_at_100_diff1": 0.557192,
        "nauc_map_at_1000_max": 0.414974,
        "nauc_map_at_1000_std": -0.096721,
        "nauc_map_at_1000_diff1": 0.557192,
        "nauc_recall_at_1_max": 0.443697,
        "nauc_recall_at_1_std": -0.307687,
        "nauc_recall_at_1_diff1": 0.71046,
        "nauc_recall_at_3_max": 0.339862,
        "nauc_recall_at_3_std": -0.556322,
        "nauc_recall_at_3_diff1": 0.585178,
        "nauc_recall_at_5_max": 0.22547,
        "nauc_recall_at_5_std": -0.605424,
        "nauc_recall_at_5_diff1": 0.529693,
        "nauc_recall_at_10_max": 0.232009,
        "nauc_recall_at_10_std": -0.467526,
        "nauc_recall_at_10_diff1": 0.434312,
        "nauc_recall_at_20_max": 0.682048,
        "nauc_recall_at_20_std": 0.311388,
        "nauc_recall_at_20_diff1": 0.325401,
        "nauc_recall_at_100_max": NaN,
        "nauc_recall_at_100_std": NaN,
        "nauc_recall_at_100_diff1": NaN,
        "nauc_recall_at_1000_max": NaN,
        "nauc_recall_at_1000_std": NaN,
        "nauc_recall_at_1000_diff1": NaN,
        "nauc_precision_at_1_max": 0.469328,
        "nauc_precision_at_1_std": -0.005977,
        "nauc_precision_at_1_diff1": 0.553072,
        "nauc_precision_at_3_max": -0.16763,
        "nauc_precision_at_3_std": 0.273323,
        "nauc_precision_at_3_diff1": -0.382828,
        "nauc_precision_at_5_max": -0.234254,
        "nauc_precision_at_5_std": 0.41117,
        "nauc_precision_at_5_diff1": -0.451765,
        "nauc_precision_at_10_max": -0.190271,
        "nauc_precision_at_10_std": 0.520873,
        "nauc_precision_at_10_diff1": -0.442936,
        "nauc_precision_at_20_max": -0.1734,
        "nauc_precision_at_20_std": 0.535291,
        "nauc_precision_at_20_diff1": -0.435497,
        "nauc_precision_at_100_max": -0.179836,
        "nauc_precision_at_100_std": 0.526845,
        "nauc_precision_at_100_diff1": -0.436762,
        "nauc_precision_at_1000_max": -0.179836,
        "nauc_precision_at_1000_std": 0.526845,
        "nauc_precision_at_1000_diff1": -0.436762,
        "nauc_mrr_at_1_max": 0.477675,
        "nauc_mrr_at_1_std": 0.045037,
        "nauc_mrr_at_1_diff1": 0.537823,
        "nauc_mrr_at_3_max": 0.47237,
        "nauc_mrr_at_3_std": -0.010524,
        "nauc_mrr_at_3_diff1": 0.561257,
        "nauc_mrr_at_5_max": 0.481194,
        "nauc_mrr_at_5_std": 0.011672,
        "nauc_mrr_at_5_diff1": 0.562503,
        "nauc_mrr_at_10_max": 0.478578,
        "nauc_mrr_at_10_std": 0.016579,
        "nauc_mrr_at_10_diff1": 0.558538,
        "nauc_mrr_at_20_max": 0.478578,
        "nauc_mrr_at_20_std": 0.016579,
        "nauc_mrr_at_20_diff1": 0.558538,
        "nauc_mrr_at_100_max": 0.478578,
        "nauc_mrr_at_100_std": 0.016579,
        "nauc_mrr_at_100_diff1": 0.558538,
        "nauc_mrr_at_1000_max": 0.478578,
        "nauc_mrr_at_1000_std": 0.016579,
        "nauc_mrr_at_1000_diff1": 0.558538,
        "main_score": 0.89432,
        "hf_subset": "ko",
        "languages": [
          "kor-Kore"
        ]
      }
    ]
  },
  "evaluation_time": 612.0240116119385,
  "kg_co2_emissions": null
}