{
  "dataset_revision": "fc24a3ce8f09746410daee3d5cd823ff7a0675b7",
  "task_name": "MrTidyRetrieval",
  "mteb_version": "1.38.1",
  "scores": {
    "test": [
      {
        "ndcg_at_1": 0.73634,
        "ndcg_at_3": 0.79512,
        "ndcg_at_5": 0.82207,
        "ndcg_at_10": 0.84217,
        "ndcg_at_20": 0.84841,
        "ndcg_at_100": 0.85153,
        "ndcg_at_1000": 0.85153,
        "map_at_1": 0.67498,
        "map_at_3": 0.76841,
        "map_at_5": 0.78571,
        "map_at_10": 0.7961,
        "map_at_20": 0.79814,
        "map_at_100": 0.79881,
        "map_at_1000": 0.79881,
        "recall_at_1": 0.67498,
        "recall_at_3": 0.84481,
        "recall_at_5": 0.90657,
        "recall_at_10": 0.96318,
        "recall_at_20": 0.98575,
        "recall_at_100": 1.0,
        "recall_at_1000": 1.0,
        "precision_at_1": 0.73634,
        "precision_at_3": 0.32146,
        "precision_at_5": 0.20855,
        "precision_at_10": 0.11188,
        "precision_at_20": 0.0576,
        "precision_at_100": 0.01169,
        "precision_at_1000": 0.00117,
        "mrr_at_1": 0.738717,
        "mrr_at_3": 0.798892,
        "mrr_at_5": 0.811599,
        "mrr_at_10": 0.816493,
        "mrr_at_20": 0.817776,
        "mrr_at_100": 0.818233,
        "mrr_at_1000": 0.818233,
        "nauc_ndcg_at_1_max": 0.454116,
        "nauc_ndcg_at_1_std": -0.178889,
        "nauc_ndcg_at_1_diff1": 0.575577,
        "nauc_ndcg_at_3_max": 0.36843,
        "nauc_ndcg_at_3_std": -0.227443,
        "nauc_ndcg_at_3_diff1": 0.556623,
        "nauc_ndcg_at_5_max": 0.424114,
        "nauc_ndcg_at_5_std": -0.18924,
        "nauc_ndcg_at_5_diff1": 0.593044,
        "nauc_ndcg_at_10_max": 0.441656,
        "nauc_ndcg_at_10_std": -0.161439,
        "nauc_ndcg_at_10_diff1": 0.579812,
        "nauc_ndcg_at_20_max": 0.43505,
        "nauc_ndcg_at_20_std": -0.175672,
        "nauc_ndcg_at_20_diff1": 0.581639,
        "nauc_ndcg_at_100_max": 0.427595,
        "nauc_ndcg_at_100_std": -0.188976,
        "nauc_ndcg_at_100_diff1": 0.576729,
        "nauc_ndcg_at_1000_max": 0.427595,
        "nauc_ndcg_at_1000_std": -0.188976,
        "nauc_ndcg_at_1000_diff1": 0.576729,
        "nauc_map_at_1_max": 0.393788,
        "nauc_map_at_1_std": -0.178781,
        "nauc_map_at_1_diff1": 0.567306,
        "nauc_map_at_3_max": 0.369452,
        "nauc_map_at_3_std": -0.232339,
        "nauc_map_at_3_diff1": 0.56311,
        "nauc_map_at_5_max": 0.405619,
        "nauc_map_at_5_std": -0.207781,
        "nauc_map_at_5_diff1": 0.582109,
        "nauc_map_at_10_max": 0.414574,
        "nauc_map_at_10_std": -0.195665,
        "nauc_map_at_10_diff1": 0.576624,
        "nauc_map_at_20_max": 0.412394,
        "nauc_map_at_20_std": -0.200279,
        "nauc_map_at_20_diff1": 0.576921,
        "nauc_map_at_100_max": 0.411228,
        "nauc_map_at_100_std": -0.202519,
        "nauc_map_at_100_diff1": 0.57632,
        "nauc_map_at_1000_max": 0.411228,
        "nauc_map_at_1000_std": -0.202519,
        "nauc_map_at_1000_diff1": 0.57632,
        "nauc_recall_at_1_max": 0.393788,
        "nauc_recall_at_1_std": -0.178781,
        "nauc_recall_at_1_diff1": 0.567306,
        "nauc_recall_at_3_max": 0.283474,
        "nauc_recall_at_3_std": -0.252502,
        "nauc_recall_at_3_diff1": 0.522831,
        "nauc_recall_at_5_max": 0.430175,
        "nauc_recall_at_5_std": -0.130603,
        "nauc_recall_at_5_diff1": 0.645974,
        "nauc_recall_at_10_max": 0.627784,
        "nauc_recall_at_10_std": 0.238669,
        "nauc_recall_at_10_diff1": 0.623208,
        "nauc_recall_at_20_max": 0.762899,
        "nauc_recall_at_20_std": 0.393554,
        "nauc_recall_at_20_diff1": 0.809875,
        "nauc_recall_at_100_max": NaN,
        "nauc_recall_at_100_std": NaN,
        "nauc_recall_at_100_diff1": NaN,
        "nauc_recall_at_1000_max": NaN,
        "nauc_recall_at_1000_std": NaN,
        "nauc_recall_at_1000_diff1": NaN,
        "nauc_precision_at_1_max": 0.454116,
        "nauc_precision_at_1_std": -0.178889,
        "nauc_precision_at_1_diff1": 0.575577,
        "nauc_precision_at_3_max": 0.110248,
        "nauc_precision_at_3_std": -0.122253,
        "nauc_precision_at_3_diff1": 0.154134,
        "nauc_precision_at_5_max": 0.128033,
        "nauc_precision_at_5_std": 0.01518,
        "nauc_precision_at_5_diff1": 0.06834,
        "nauc_precision_at_10_max": 0.059913,
        "nauc_precision_at_10_std": 0.153359,
        "nauc_precision_at_10_diff1": -0.115454,
        "nauc_precision_at_20_max": -0.01137,
        "nauc_precision_at_20_std": 0.136169,
        "nauc_precision_at_20_diff1": -0.184323,
        "nauc_precision_at_100_max": -0.058281,
        "nauc_precision_at_100_std": 0.112971,
        "nauc_precision_at_100_diff1": -0.23668,
        "nauc_precision_at_1000_max": -0.058281,
        "nauc_precision_at_1000_std": 0.112971,
        "nauc_precision_at_1000_diff1": -0.23668,
        "nauc_mrr_at_1_max": 0.475405,
        "nauc_mrr_at_1_std": -0.178461,
        "nauc_mrr_at_1_diff1": 0.569572,
        "nauc_mrr_at_3_max": 0.446529,
        "nauc_mrr_at_3_std": -0.185317,
        "nauc_mrr_at_3_diff1": 0.555125,
        "nauc_mrr_at_5_max": 0.469912,
        "nauc_mrr_at_5_std": -0.173535,
        "nauc_mrr_at_5_diff1": 0.571653,
        "nauc_mrr_at_10_max": 0.470328,
        "nauc_mrr_at_10_std": -0.173183,
        "nauc_mrr_at_10_diff1": 0.568506,
        "nauc_mrr_at_20_max": 0.469344,
        "nauc_mrr_at_20_std": -0.175512,
        "nauc_mrr_at_20_diff1": 0.569246,
        "nauc_mrr_at_100_max": 0.468444,
        "nauc_mrr_at_100_std": -0.176877,
        "nauc_mrr_at_100_diff1": 0.568383,
        "nauc_mrr_at_1000_max": 0.468444,
        "nauc_mrr_at_1000_std": -0.176877,
        "nauc_mrr_at_1000_diff1": 0.568383,
        "main_score": 0.84217,
        "hf_subset": "korean",
        "languages": [
          "kor-Kore"
        ]
      }
    ]
  },
  "evaluation_time": 1244.5554757118225,
  "kg_co2_emissions": null
}