{
  "dataset_revision": "main",
  "task_name": "PublicHealthQA",
  "mteb_version": "1.38.1",
  "scores": {
    "test": [
      {
        "ndcg_at_1": 0.45455,
        "ndcg_at_3": 0.5167,
        "ndcg_at_5": 0.53234,
        "ndcg_at_10": 0.54497,
        "ndcg_at_20": 0.54838,
        "ndcg_at_100": 0.54838,
        "ndcg_at_1000": 0.54838,
        "map_at_1": 0.45455,
        "map_at_3": 0.50216,
        "map_at_5": 0.51061,
        "map_at_10": 0.51584,
        "map_at_20": 0.51684,
        "map_at_100": 0.51684,
        "map_at_1000": 0.51684,
        "recall_at_1": 0.45455,
        "recall_at_3": 0.55844,
        "recall_at_5": 0.5974,
        "recall_at_10": 0.63636,
        "recall_at_20": 0.64935,
        "recall_at_100": 0.64935,
        "recall_at_1000": 0.64935,
        "precision_at_1": 0.45455,
        "precision_at_3": 0.18615,
        "precision_at_5": 0.11948,
        "precision_at_10": 0.06364,
        "precision_at_20": 0.03247,
        "precision_at_100": 0.00649,
        "precision_at_1000": 0.00065,
        "mrr_at_1": 0.454545,
        "mrr_at_3": 0.502165,
        "mrr_at_5": 0.510606,
        "mrr_at_10": 0.515837,
        "mrr_at_20": 0.516836,
        "mrr_at_100": 0.516836,
        "mrr_at_1000": 0.516836,
        "nauc_ndcg_at_1_max": 0.466001,
        "nauc_ndcg_at_1_std": 0.11036,
        "nauc_ndcg_at_1_diff1": 0.502528,
        "nauc_ndcg_at_3_max": 0.509554,
        "nauc_ndcg_at_3_std": 0.264168,
        "nauc_ndcg_at_3_diff1": 0.392188,
        "nauc_ndcg_at_5_max": 0.499312,
        "nauc_ndcg_at_5_std": 0.252046,
        "nauc_ndcg_at_5_diff1": 0.373925,
        "nauc_ndcg_at_10_max": 0.533907,
        "nauc_ndcg_at_10_std": 0.260212,
        "nauc_ndcg_at_10_diff1": 0.382241,
        "nauc_ndcg_at_20_max": 0.529439,
        "nauc_ndcg_at_20_std": 0.251246,
        "nauc_ndcg_at_20_diff1": 0.380713,
        "nauc_ndcg_at_100_max": 0.529439,
        "nauc_ndcg_at_100_std": 0.251246,
        "nauc_ndcg_at_100_diff1": 0.380713,
        "nauc_ndcg_at_1000_max": 0.529439,
        "nauc_ndcg_at_1000_std": 0.251246,
        "nauc_ndcg_at_1000_diff1": 0.380713,
        "nauc_map_at_1_max": 0.466001,
        "nauc_map_at_1_std": 0.11036,
        "nauc_map_at_1_diff1": 0.502528,
        "nauc_map_at_3_max": 0.500977,
        "nauc_map_at_3_std": 0.223895,
        "nauc_map_at_3_diff1": 0.418068,
        "nauc_map_at_5_max": 0.495761,
        "nauc_map_at_5_std": 0.216905,
        "nauc_map_at_5_diff1": 0.408421,
        "nauc_map_at_10_max": 0.50939,
        "nauc_map_at_10_std": 0.219945,
        "nauc_map_at_10_diff1": 0.410962,
        "nauc_map_at_20_max": 0.508086,
        "nauc_map_at_20_std": 0.217344,
        "nauc_map_at_20_diff1": 0.410577,
        "nauc_map_at_100_max": 0.508086,
        "nauc_map_at_100_std": 0.217344,
        "nauc_map_at_100_diff1": 0.410577,
        "nauc_map_at_1000_max": 0.508086,
        "nauc_map_at_1000_std": 0.217344,
        "nauc_map_at_1000_diff1": 0.410577,
        "nauc_recall_at_1_max": 0.466001,
        "nauc_recall_at_1_std": 0.11036,
        "nauc_recall_at_1_diff1": 0.502528,
        "nauc_recall_at_3_max": 0.534391,
        "nauc_recall_at_3_std": 0.38622,
        "nauc_recall_at_3_diff1": 0.314988,
        "nauc_recall_at_5_max": 0.507168,
        "nauc_recall_at_5_std": 0.360554,
        "nauc_recall_at_5_diff1": 0.264264,
        "nauc_recall_at_10_max": 0.628019,
        "nauc_recall_at_10_std": 0.396235,
        "nauc_recall_at_10_diff1": 0.291458,
        "nauc_recall_at_20_max": 0.611075,
        "nauc_recall_at_20_std": 0.360904,
        "nauc_recall_at_20_diff1": 0.282572,
        "nauc_recall_at_100_max": 0.611075,
        "nauc_recall_at_100_std": 0.360904,
        "nauc_recall_at_100_diff1": 0.282572,
        "nauc_recall_at_1000_max": 0.611075,
        "nauc_recall_at_1000_std": 0.360904,
        "nauc_recall_at_1000_diff1": 0.282572,
        "nauc_precision_at_1_max": 0.466001,
        "nauc_precision_at_1_std": 0.11036,
        "nauc_precision_at_1_diff1": 0.502528,
        "nauc_precision_at_3_max": 0.534391,
        "nauc_precision_at_3_std": 0.38622,
        "nauc_precision_at_3_diff1": 0.314988,
        "nauc_precision_at_5_max": 0.507168,
        "nauc_precision_at_5_std": 0.360554,
        "nauc_precision_at_5_diff1": 0.264264,
        "nauc_precision_at_10_max": 0.628019,
        "nauc_precision_at_10_std": 0.396235,
        "nauc_precision_at_10_diff1": 0.291458,
        "nauc_precision_at_20_max": 0.611075,
        "nauc_precision_at_20_std": 0.360904,
        "nauc_precision_at_20_diff1": 0.282572,
        "nauc_precision_at_100_max": 0.611075,
        "nauc_precision_at_100_std": 0.360904,
        "nauc_precision_at_100_diff1": 0.282572,
        "nauc_precision_at_1000_max": 0.611075,
        "nauc_precision_at_1000_std": 0.360904,
        "nauc_precision_at_1000_diff1": 0.282572,
        "nauc_mrr_at_1_max": 0.466001,
        "nauc_mrr_at_1_std": 0.11036,
        "nauc_mrr_at_1_diff1": 0.502528,
        "nauc_mrr_at_3_max": 0.500977,
        "nauc_mrr_at_3_std": 0.223895,
        "nauc_mrr_at_3_diff1": 0.418068,
        "nauc_mrr_at_5_max": 0.495761,
        "nauc_mrr_at_5_std": 0.216905,
        "nauc_mrr_at_5_diff1": 0.408421,
        "nauc_mrr_at_10_max": 0.50939,
        "nauc_mrr_at_10_std": 0.219945,
        "nauc_mrr_at_10_diff1": 0.410962,
        "nauc_mrr_at_20_max": 0.508086,
        "nauc_mrr_at_20_std": 0.217344,
        "nauc_mrr_at_20_diff1": 0.410577,
        "nauc_mrr_at_100_max": 0.508086,
        "nauc_mrr_at_100_std": 0.217344,
        "nauc_mrr_at_100_diff1": 0.410577,
        "nauc_mrr_at_1000_max": 0.508086,
        "nauc_mrr_at_1000_std": 0.217344,
        "nauc_mrr_at_1000_diff1": 0.410577,
        "main_score": 0.54497,
        "hf_subset": "korean",
        "languages": [
          "kor-Hang"
        ]
      }
    ]
  },
  "evaluation_time": 301.0722737312317,
  "kg_co2_emissions": null
}