{
  "dataset_revision": "c99d599f0a6ab9b85b065da6f9d94f9cf731679f",
  "task_name": "XPQARetrieval",
  "mteb_version": "1.38.1",
  "scores": {
    "test": [
      {
        "ndcg_at_1": 0.36697,
        "ndcg_at_3": 0.43818,
        "ndcg_at_5": 0.46683,
        "ndcg_at_10": 0.50934,
        "ndcg_at_20": 0.55408,
        "ndcg_at_100": 0.59209,
        "ndcg_at_1000": 0.59209,
        "map_at_1": 0.26374,
        "map_at_3": 0.39991,
        "map_at_5": 0.425,
        "map_at_10": 0.44592,
        "map_at_20": 0.4603,
        "map_at_100": 0.46821,
        "map_at_1000": 0.46821,
        "recall_at_1": 0.26374,
        "recall_at_3": 0.4828,
        "recall_at_5": 0.55171,
        "recall_at_10": 0.6698,
        "recall_at_20": 0.82857,
        "recall_at_100": 1.0,
        "recall_at_1000": 1.0,
        "precision_at_1": 0.36697,
        "precision_at_3": 0.25025,
        "precision_at_5": 0.17645,
        "precision_at_10": 0.10688,
        "precision_at_20": 0.0656,
        "precision_at_100": 0.01564,
        "precision_at_1000": 0.00156,
        "mrr_at_1": 0.370031,
        "mrr_at_3": 0.447757,
        "mrr_at_5": 0.460066,
        "mrr_at_10": 0.474984,
        "mrr_at_20": 0.485208,
        "mrr_at_100": 0.48989,
        "mrr_at_1000": 0.48989,
        "nauc_ndcg_at_1_max": 0.243589,
        "nauc_ndcg_at_1_std": -0.146183,
        "nauc_ndcg_at_1_diff1": 0.498735,
        "nauc_ndcg_at_3_max": 0.154779,
        "nauc_ndcg_at_3_std": -0.191204,
        "nauc_ndcg_at_3_diff1": 0.463584,
        "nauc_ndcg_at_5_max": 0.126206,
        "nauc_ndcg_at_5_std": -0.203883,
        "nauc_ndcg_at_5_diff1": 0.448363,
        "nauc_ndcg_at_10_max": 0.103061,
        "nauc_ndcg_at_10_std": -0.20713,
        "nauc_ndcg_at_10_diff1": 0.447889,
        "nauc_ndcg_at_20_max": 0.125222,
        "nauc_ndcg_at_20_std": -0.171911,
        "nauc_ndcg_at_20_diff1": 0.450067,
        "nauc_ndcg_at_100_max": 0.153646,
        "nauc_ndcg_at_100_std": -0.176784,
        "nauc_ndcg_at_100_diff1": 0.456212,
        "nauc_ndcg_at_1000_max": 0.153646,
        "nauc_ndcg_at_1000_std": -0.176784,
        "nauc_ndcg_at_1000_diff1": 0.456212,
        "nauc_map_at_1_max": 0.181106,
        "nauc_map_at_1_std": -0.170574,
        "nauc_map_at_1_diff1": 0.541086,
        "nauc_map_at_3_max": 0.173484,
        "nauc_map_at_3_std": -0.185724,
        "nauc_map_at_3_diff1": 0.469485,
        "nauc_map_at_5_max": 0.155712,
        "nauc_map_at_5_std": -0.189104,
        "nauc_map_at_5_diff1": 0.458938,
        "nauc_map_at_10_max": 0.144222,
        "nauc_map_at_10_std": -0.189454,
        "nauc_map_at_10_diff1": 0.456313,
        "nauc_map_at_20_max": 0.150573,
        "nauc_map_at_20_std": -0.180046,
        "nauc_map_at_20_diff1": 0.458541,
        "nauc_map_at_100_max": 0.157124,
        "nauc_map_at_100_std": -0.179613,
        "nauc_map_at_100_diff1": 0.459239,
        "nauc_map_at_1000_max": 0.157124,
        "nauc_map_at_1000_std": -0.179613,
        "nauc_map_at_1000_diff1": 0.459239,
        "nauc_recall_at_1_max": 0.181106,
        "nauc_recall_at_1_std": -0.170574,
        "nauc_recall_at_1_diff1": 0.541086,
        "nauc_recall_at_3_max": 0.094991,
        "nauc_recall_at_3_std": -0.217134,
        "nauc_recall_at_3_diff1": 0.436179,
        "nauc_recall_at_5_max": 0.031889,
        "nauc_recall_at_5_std": -0.240832,
        "nauc_recall_at_5_diff1": 0.400654,
        "nauc_recall_at_10_max": -0.059871,
        "nauc_recall_at_10_std": -0.27022,
        "nauc_recall_at_10_diff1": 0.398884,
        "nauc_recall_at_20_max": -0.046439,
        "nauc_recall_at_20_std": -0.105016,
        "nauc_recall_at_20_diff1": 0.374441,
        "nauc_recall_at_100_max": NaN,
        "nauc_recall_at_100_std": NaN,
        "nauc_recall_at_100_diff1": NaN,
        "nauc_recall_at_1000_max": NaN,
        "nauc_recall_at_1000_std": NaN,
        "nauc_recall_at_1000_diff1": NaN,
        "nauc_precision_at_1_max": 0.243589,
        "nauc_precision_at_1_std": -0.146183,
        "nauc_precision_at_1_diff1": 0.498735,
        "nauc_precision_at_3_max": 0.136929,
        "nauc_precision_at_3_std": -0.112423,
        "nauc_precision_at_3_diff1": 0.226847,
        "nauc_precision_at_5_max": 0.071261,
        "nauc_precision_at_5_std": -0.102154,
        "nauc_precision_at_5_diff1": 0.162508,
        "nauc_precision_at_10_max": 0.013801,
        "nauc_precision_at_10_std": -0.07224,
        "nauc_precision_at_10_diff1": 0.104502,
        "nauc_precision_at_20_max": 0.058455,
        "nauc_precision_at_20_std": 0.062225,
        "nauc_precision_at_20_diff1": 0.022972,
        "nauc_precision_at_100_max": 0.13447,
        "nauc_precision_at_100_std": 0.122333,
        "nauc_precision_at_100_diff1": -0.102477,
        "nauc_precision_at_1000_max": 0.13447,
        "nauc_precision_at_1000_std": 0.122333,
        "nauc_precision_at_1000_diff1": -0.102477,
        "nauc_mrr_at_1_max": 0.241924,
        "nauc_mrr_at_1_std": -0.146769,
        "nauc_mrr_at_1_diff1": 0.489449,
        "nauc_mrr_at_3_max": 0.17307,
        "nauc_mrr_at_3_std": -0.184862,
        "nauc_mrr_at_3_diff1": 0.465294,
        "nauc_mrr_at_5_max": 0.162989,
        "nauc_mrr_at_5_std": -0.189263,
        "nauc_mrr_at_5_diff1": 0.459258,
        "nauc_mrr_at_10_max": 0.15802,
        "nauc_mrr_at_10_std": -0.18829,
        "nauc_mrr_at_10_diff1": 0.461274,
        "nauc_mrr_at_20_max": 0.165679,
        "nauc_mrr_at_20_std": -0.180491,
        "nauc_mrr_at_20_diff1": 0.461214,
        "nauc_mrr_at_100_max": 0.167567,
        "nauc_mrr_at_100_std": -0.181971,
        "nauc_mrr_at_100_diff1": 0.46251,
        "nauc_mrr_at_1000_max": 0.167567,
        "nauc_mrr_at_1000_std": -0.181971,
        "nauc_mrr_at_1000_diff1": 0.46251,
        "main_score": 0.50934,
        "hf_subset": "kor-kor",
        "languages": [
          "kor-Hang",
          "kor-Hang"
        ]
      },
      {
        "ndcg_at_1": 0.05352,
        "ndcg_at_3": 0.03987,
        "ndcg_at_5": 0.04251,
        "ndcg_at_10": 0.04456,
        "ndcg_at_20": 0.04534,
        "ndcg_at_100": 0.04534,
        "ndcg_at_1000": 0.04534,
        "map_at_1": 0.02803,
        "map_at_3": 0.03184,
        "map_at_5": 0.03396,
        "map_at_10": 0.03473,
        "map_at_20": 0.03498,
        "map_at_100": 0.03498,
        "map_at_1000": 0.03498,
        "recall_at_1": 0.02803,
        "recall_at_3": 0.03535,
        "recall_at_5": 0.04452,
        "recall_at_10": 0.05064,
        "recall_at_20": 0.05306,
        "recall_at_100": 0.05306,
        "recall_at_1000": 0.05306,
        "precision_at_1": 0.05352,
        "precision_at_3": 0.02294,
        "precision_at_5": 0.01682,
        "precision_at_10": 0.00917,
        "precision_at_20": 0.00482,
        "precision_at_100": 0.00096,
        "precision_at_1000": 0.0001,
        "mrr_at_1": 0.053517,
        "mrr_at_3": 0.058104,
        "mrr_at_5": 0.061697,
        "mrr_at_10": 0.062684,
        "mrr_at_20": 0.062951,
        "mrr_at_100": 0.062951,
        "mrr_at_1000": 0.062951,
        "nauc_ndcg_at_1_max": 0.409749,
        "nauc_ndcg_at_1_std": 0.238804,
        "nauc_ndcg_at_1_diff1": 0.569264,
        "nauc_ndcg_at_3_max": 0.441648,
        "nauc_ndcg_at_3_std": 0.245845,
        "nauc_ndcg_at_3_diff1": 0.529545,
        "nauc_ndcg_at_5_max": 0.406489,
        "nauc_ndcg_at_5_std": 0.255037,
        "nauc_ndcg_at_5_diff1": 0.471012,
        "nauc_ndcg_at_10_max": 0.395936,
        "nauc_ndcg_at_10_std": 0.249772,
        "nauc_ndcg_at_10_diff1": 0.448415,
        "nauc_ndcg_at_20_max": 0.406325,
        "nauc_ndcg_at_20_std": 0.262676,
        "nauc_ndcg_at_20_diff1": 0.434454,
        "nauc_ndcg_at_100_max": 0.406325,
        "nauc_ndcg_at_100_std": 0.262676,
        "nauc_ndcg_at_100_diff1": 0.434454,
        "nauc_ndcg_at_1000_max": 0.406325,
        "nauc_ndcg_at_1000_std": 0.262676,
        "nauc_ndcg_at_1000_diff1": 0.434454,
        "nauc_map_at_1_max": 0.490707,
        "nauc_map_at_1_std": 0.280236,