{
  "dataset_revision": "fd7df84ac089bbec763b1c6bb1b56e985df5cc5c",
  "task_name": "AutoRAGRetrieval",
  "mteb_version": "1.38.57",
  "scores": {
    "test": [
      {
        "ndcg_at_1": 0.79825,
        "ndcg_at_3": 0.88565,
        "ndcg_at_5": 0.89282,
        "ndcg_at_10": 0.90144,
        "ndcg_at_20": 0.90374,
        "ndcg_at_100": 0.90556,
        "ndcg_at_1000": 0.90556,
        "map_at_1": 0.79825,
        "map_at_3": 0.86696,
        "map_at_5": 0.87091,
        "map_at_10": 0.87451,
        "map_at_20": 0.87518,
        "map_at_100": 0.87551,
        "map_at_1000": 0.87551,
        "recall_at_1": 0.79825,
        "recall_at_3": 0.9386,
        "recall_at_5": 0.95614,
        "recall_at_10": 0.98246,
        "recall_at_20": 0.99123,
        "recall_at_100": 1.0,
        "recall_at_1000": 1.0,
        "precision_at_1": 0.79825,
        "precision_at_3": 0.31287,
        "precision_at_5": 0.19123,
        "precision_at_10": 0.09825,
        "precision_at_20": 0.04956,
        "precision_at_100": 0.01,
        "precision_at_1000": 0.001,
        "mrr_at_1": 0.912281,
        "mrr_at_3": 0.928363,
        "mrr_at_5": 0.93231,
        "mrr_at_10": 0.934868,
        "mrr_at_20": 0.935543,
        "mrr_at_100": 0.935868,
        "mrr_at_1000": 0.935868,
        "nauc_ndcg_at_1_max": 0.059464,
        "nauc_ndcg_at_1_std": -0.784643,
        "nauc_ndcg_at_1_diff1": 0.837246,
        "nauc_ndcg_at_3_max": 0.061553,
        "nauc_ndcg_at_3_std": -0.707988,
        "nauc_ndcg_at_3_diff1": 0.73298,
        "nauc_ndcg_at_5_max": 0.075074,
        "nauc_ndcg_at_5_std": -0.748506,
        "nauc_ndcg_at_5_diff1": 0.739293,
        "nauc_ndcg_at_10_max": 0.060895,
        "nauc_ndcg_at_10_std": -0.733355,
        "nauc_ndcg_at_10_diff1": 0.765623,
        "nauc_ndcg_at_20_max": 0.04046,
        "nauc_ndcg_at_20_std": -0.747603,
        "nauc_ndcg_at_20_diff1": 0.77095,
        "nauc_ndcg_at_100_max": 0.064701,
        "nauc_ndcg_at_100_std": -0.739451,
        "nauc_ndcg_at_100_diff1": 0.771941,
        "nauc_ndcg_at_1000_max": 0.064701,
        "nauc_ndcg_at_1000_std": -0.739451,
        "nauc_ndcg_at_1000_diff1": 0.771941,
        "nauc_map_at_1_max": 0.059464,
        "nauc_map_at_1_std": -0.784643,
        "nauc_map_at_1_diff1": 0.837246,
        "nauc_map_at_3_max": 0.064441,
        "nauc_map_at_3_std": -0.729338,
        "nauc_map_at_3_diff1": 0.764444,
        "nauc_map_at_5_max": 0.072746,
        "nauc_map_at_5_std": -0.746666,
        "nauc_map_at_5_diff1": 0.768208,
        "nauc_map_at_10_max": 0.068373,
        "nauc_map_at_10_std": -0.740272,
        "nauc_map_at_10_diff1": 0.776997,
        "nauc_map_at_20_max": 0.063789,
        "nauc_map_at_20_std": -0.743538,
        "nauc_map_at_20_diff1": 0.778269,
        "nauc_map_at_100_max": 0.067133,
        "nauc_map_at_100_std": -0.742424,
        "nauc_map_at_100_diff1": 0.778423,
        "nauc_map_at_1000_max": 0.067133,
        "nauc_map_at_1000_std": -0.742424,
        "nauc_map_at_1000_diff1": 0.778423,
        "nauc_recall_at_1_max": 0.059464,
        "nauc_recall_at_1_std": -0.784643,
        "nauc_recall_at_1_diff1": 0.837246,
        "nauc_recall_at_3_max": 0.041335,
        "nauc_recall_at_3_std": -0.586633,
        "nauc_recall_at_3_diff1": 0.551476,
        "nauc_recall_at_5_max": 0.087251,
        "nauc_recall_at_5_std": -0.791904,
        "nauc_recall_at_5_diff1": 0.516633,
        "nauc_recall_at_10_max": -0.138561,
        "nauc_recall_at_10_std": -0.658118,
        "nauc_recall_at_10_diff1": 0.638583,
        "nauc_recall_at_20_max": -1.14691,
        "nauc_recall_at_20_std": -1.14691,
        "nauc_recall_at_20_diff1": 0.722407,
        "nauc_recall_at_100_max": NaN,
        "nauc_recall_at_100_std": NaN,
        "nauc_recall_at_100_diff1": NaN,
        "nauc_recall_at_1000_max": NaN,
        "nauc_recall_at_1000_std": NaN,
        "nauc_recall_at_1000_diff1": NaN,
        "nauc_precision_at_1_max": 0.059464,
        "nauc_precision_at_1_std": -0.784643,
        "nauc_precision_at_1_diff1": 0.837246,
        "nauc_precision_at_3_max": 0.041335,
        "nauc_precision_at_3_std": -0.586633,
        "nauc_precision_at_3_diff1": 0.551476,
        "nauc_precision_at_5_max": 0.087251,
        "nauc_precision_at_5_std": -0.791904,
        "nauc_precision_at_5_diff1": 0.516633,
        "nauc_precision_at_10_max": -0.138561,
        "nauc_precision_at_10_std": -0.658118,
        "nauc_precision_at_10_diff1": 0.638583,
        "nauc_precision_at_20_max": -1.14691,
        "nauc_precision_at_20_std": -1.14691,
        "nauc_precision_at_20_diff1": 0.722407,
        "nauc_precision_at_100_max": 1.0,
        "nauc_precision_at_100_std": 1.0,
        "nauc_precision_at_100_diff1": 1.0,
        "nauc_precision_at_1000_max": 1.0,
        "nauc_precision_at_1000_std": 1.0,
        "nauc_precision_at_1000_diff1": 1.0,
        "nauc_mrr_at_1_max": 0.459271,
        "nauc_mrr_at_1_std": -0.039699,
        "nauc_mrr_at_1_diff1": 0.58599,
        "nauc_mrr_at_3_max": 0.35117,
        "nauc_mrr_at_3_std": -0.171632,
        "nauc_mrr_at_3_diff1": 0.553186,
        "nauc_mrr_at_5_max": 0.382888,
        "nauc_mrr_at_5_std": -0.170402,
        "nauc_mrr_at_5_diff1": 0.547663,
        "nauc_mrr_at_10_max": 0.373314,
        "nauc_mrr_at_10_std": -0.15231,
        "nauc_mrr_at_10_diff1": 0.55622,
        "nauc_mrr_at_20_max": 0.368116,
        "nauc_mrr_at_20_std": -0.152132,
        "nauc_mrr_at_20_diff1": 0.556236,
        "nauc_mrr_at_100_max": 0.375791,
        "nauc_mrr_at_100_std": -0.147092,
        "nauc_mrr_at_100_diff1": 0.555394,
        "nauc_mrr_at_1000_max": 0.375791,
        "nauc_mrr_at_1000_std": -0.147092,
        "nauc_mrr_at_1000_diff1": 0.555394,
        "main_score": 0.90144,
        "hf_subset": "default",
        "languages": [
          "kor-Hang"
        ]
      }
    ]
  },
  "evaluation_time": 25.787282466888428,
  "kg_co2_emissions": null
}