{
  "dataset_revision": "75b399394a9803252cfec289d103de462763db7c",
  "task_name": "BelebeleRetrieval",
  "mteb_version": "1.38.57",
  "scores": {
    "test": [
      {
        "ndcg_at_1": 0.93889,
        "ndcg_at_3": 0.9589,
        "ndcg_at_5": 0.96349,
        "ndcg_at_10": 0.96563,
        "ndcg_at_20": 0.96681,
        "ndcg_at_100": 0.9679,
        "ndcg_at_1000": 0.9679,
        "map_at_1": 0.93889,
        "map_at_3": 0.95426,
        "map_at_5": 0.95681,
        "map_at_10": 0.95769,
        "map_at_20": 0.95804,
        "map_at_100": 0.95821,
        "map_at_1000": 0.95821,
        "recall_at_1": 0.93889,
        "recall_at_3": 0.97222,
        "recall_at_5": 0.98333,
        "recall_at_10": 0.99,
        "recall_at_20": 0.99444,
        "recall_at_100": 1.0,
        "recall_at_1000": 1.0,
        "precision_at_1": 0.93889,
        "precision_at_3": 0.32407,
        "precision_at_5": 0.19667,
        "precision_at_10": 0.099,
        "precision_at_20": 0.04972,
        "precision_at_100": 0.01,
        "precision_at_1000": 0.001,
        "mrr_at_1": 0.938889,
        "mrr_at_3": 0.95463,
        "mrr_at_5": 0.956907,
        "mrr_at_10": 0.957784,
        "mrr_at_20": 0.958145,
        "mrr_at_100": 0.958313,
        "mrr_at_1000": 0.958313,
        "nauc_ndcg_at_1_max": 0.88248,
        "nauc_ndcg_at_1_std": 0.87743,
        "nauc_ndcg_at_1_diff1": 0.899202,
        "nauc_ndcg_at_3_max": 0.905978,
        "nauc_ndcg_at_3_std": 0.898468,
        "nauc_ndcg_at_3_diff1": 0.921844,
        "nauc_ndcg_at_5_max": 0.90995,
        "nauc_ndcg_at_5_std": 0.903227,
        "nauc_ndcg_at_5_diff1": 0.926272,
        "nauc_ndcg_at_10_max": 0.907062,
        "nauc_ndcg_at_10_std": 0.89992,
        "nauc_ndcg_at_10_diff1": 0.92318,
        "nauc_ndcg_at_20_max": 0.903758,
        "nauc_ndcg_at_20_std": 0.897512,
        "nauc_ndcg_at_20_diff1": 0.920449,
        "nauc_ndcg_at_100_max": 0.901313,
        "nauc_ndcg_at_100_std": 0.894856,
        "nauc_ndcg_at_100_diff1": 0.917762,
        "nauc_ndcg_at_1000_max": 0.901313,
        "nauc_ndcg_at_1000_std": 0.894856,
        "nauc_ndcg_at_1000_diff1": 0.917762,
        "nauc_map_at_1_max": 0.88248,
        "nauc_map_at_1_std": 0.87743,
        "nauc_map_at_1_diff1": 0.899202,
        "nauc_map_at_3_max": 0.900269,
        "nauc_map_at_3_std": 0.893522,
        "nauc_map_at_3_diff1": 0.916203,
        "nauc_map_at_5_max": 0.901454,
        "nauc_map_at_5_std": 0.895064,
        "nauc_map_at_5_diff1": 0.917658,
        "nauc_map_at_10_max": 0.900329,
        "nauc_map_at_10_std": 0.893807,
        "nauc_map_at_10_diff1": 0.916525,
        "nauc_map_at_20_max": 0.89949,
        "nauc_map_at_20_std": 0.893179,
        "nauc_map_at_20_diff1": 0.915822,
        "nauc_map_at_100_max": 0.899164,
        "nauc_map_at_100_std": 0.892828,
        "nauc_map_at_100_diff1": 0.915488,
        "nauc_map_at_1000_max": 0.899164,
        "nauc_map_at_1000_std": 0.892828,
        "nauc_map_at_1000_diff1": 0.915488,
        "nauc_recall_at_1_max": 0.88248,
        "nauc_recall_at_1_std": 0.87743,
        "nauc_recall_at_1_diff1": 0.899202,
        "nauc_recall_at_3_max": 0.931839,
        "nauc_recall_at_3_std": 0.920728,
        "nauc_recall_at_3_diff1": 0.947526,
        "nauc_recall_at_5_max": 0.973856,
        "nauc_recall_at_5_std": 0.965142,
        "nauc_recall_at_5_diff1": 0.991285,
        "nauc_recall_at_10_max": 0.985476,
        "nauc_recall_at_10_std": 0.970951,
        "nauc_recall_at_10_diff1": 1.0,
        "nauc_recall_at_20_max": 0.973856,
        "nauc_recall_at_20_std": 0.973856,
        "nauc_recall_at_20_diff1": 1.0,
        "nauc_recall_at_100_max": NaN,
        "nauc_recall_at_100_std": NaN,
        "nauc_recall_at_100_diff1": NaN,
        "nauc_recall_at_1000_max": NaN,
        "nauc_recall_at_1000_std": NaN,
        "nauc_recall_at_1000_diff1": NaN,
        "nauc_precision_at_1_max": 0.88248,
        "nauc_precision_at_1_std": 0.87743,
        "nauc_precision_at_1_diff1": 0.899202,
        "nauc_precision_at_3_max": 0.931839,
        "nauc_precision_at_3_std": 0.920728,
        "nauc_precision_at_3_diff1": 0.947526,
        "nauc_precision_at_5_max": 0.973856,
        "nauc_precision_at_5_std": 0.965142,
        "nauc_precision_at_5_diff1": 0.991285,
        "nauc_precision_at_10_max": 0.985476,
        "nauc_precision_at_10_std": 0.970951,
        "nauc_precision_at_10_diff1": 1.0,
        "nauc_precision_at_20_max": 0.973856,
        "nauc_precision_at_20_std": 0.973856,
        "nauc_precision_at_20_diff1": 1.0,
        "nauc_precision_at_100_max": 1.0,
        "nauc_precision_at_100_std": 1.0,
        "nauc_precision_at_100_diff1": 1.0,
        "nauc_precision_at_1000_max": NaN,
        "nauc_precision_at_1000_std": NaN,
        "nauc_precision_at_1000_diff1": NaN,
        "nauc_mrr_at_1_max": 0.88248,
        "nauc_mrr_at_1_std": 0.87743,
        "nauc_mrr_at_1_diff1": 0.899202,
        "nauc_mrr_at_3_max": 0.899455,
        "nauc_mrr_at_3_std": 0.892652,
        "nauc_mrr_at_3_diff1": 0.915519,
        "nauc_mrr_at_5_max": 0.901243,
        "nauc_mrr_at_5_std": 0.894839,
        "nauc_mrr_at_5_diff1": 0.917481,
        "nauc_mrr_at_10_max": 0.900111,
        "nauc_mrr_at_10_std": 0.893574,
        "nauc_mrr_at_10_diff1": 0.916342,
        "nauc_mrr_at_20_max": 0.899248,
        "nauc_mrr_at_20_std": 0.892921,
        "nauc_mrr_at_20_diff1": 0.915619,
        "nauc_mrr_at_100_max": 0.898915,
        "nauc_mrr_at_100_std": 0.892563,
        "nauc_mrr_at_100_diff1": 0.91528,
        "nauc_mrr_at_1000_max": 0.898915,
        "nauc_mrr_at_1000_std": 0.892563,
        "nauc_mrr_at_1000_diff1": 0.91528,
        "main_score": 0.96563,
        "hf_subset": "kor_Hang-kor_Hang",
        "languages": [
          "kor-Hang",
          "kor-Hang"
        ]
      },
      {
        "ndcg_at_1": 0.09778,
        "ndcg_at_3": 0.10128,
        "ndcg_at_5": 0.10128,
        "ndcg_at_10": 0.10128,
        "ndcg_at_20": 0.10128,
        "ndcg_at_100": 0.10128,
        "ndcg_at_1000": 0.10128,
        "map_at_1": 0.09778,
        "map_at_3": 0.10056,
        "map_at_5": 0.10056,
        "map_at_10": 0.10056,
        "map_at_20": 0.10056,
        "map_at_100": 0.10056,
        "map_at_1000": 0.10056,
        "recall_at_1": 0.09778,
        "recall_at_3": 0.10333,
        "recall_at_5": 0.10333,
        "recall_at_10": 0.10333,
        "recall_at_20": 0.10333,
        "recall_at_100": 0.10333,
        "recall_at_1000": 0.10333,
        "precision_at_1": 0.09778,
        "precision_at_3": 0.03444,
        "precision_at_5": 0.02067,
        "precision_at_10": 0.01033,
        "precision_at_20": 0.00517,
        "precision_at_100": 0.00103,
        "precision_at_1000": 0.0001,
        "mrr_at_1": 0.097778,
        "mrr_at_3": 0.100556,
        "mrr_at_5": 0.100556,
        "mrr_at_10": 0.100556,
        "mrr_at_20": 0.100556,
        "mrr_at_100": 0.100556,
        "mrr_at_1000": 0.100556,
        "nauc_ndcg_at_1_max": 0.919323,
        "nauc_ndcg_at_1_std": 0.916762,
        "nauc_ndcg_at_1_diff1": 0.932513,
        "nauc_ndcg_at_3_max": 0.921565,
        "nauc_ndcg_at_3_std": 0.919075,
        "nauc_ndcg_at_3_diff1": 0.929675,
        "nauc_ndcg_at_5_max": 0.921565,
        "nauc_ndcg_at_5_std": 0.919075,
        "nauc_ndcg_at_5_diff1": 0.929675,
        "nauc_ndcg_at_10_max": 0.921565,
        "nauc_ndcg_at_10_std": 0.919075,
        "nauc_ndcg_at_10_diff1": 0.929675,
        "nauc_ndcg_at_20_max": 0.921565,
        "nauc_ndcg_at_20_std": 0.919075,
        "nauc_ndcg_at_20_diff1": 0.929675,
        "nauc_ndcg_at_100_max": 0.921565,
        "nauc_ndcg_at_100_std": 0.919075,
        "nauc_ndcg_at_100_diff1": 0.929675,
        "nauc_ndcg_at_1000_max": 0.921565,
        "nauc_ndcg_at_1000_std": 0.919075,
        "nauc_ndcg_at_1000_diff1": 0.929675,
        "nauc_map_at_1_max": 0.919323,
        "nauc_map_at_1_std": 0.916762,
        "nauc_map_at_1_diff1": 0.932513,
        "nauc_map_at_3_max": 0.92111,