{
  "dataset_revision": "d243889a3eb6654029dbd7e7f9319ae31d58f97c",
  "task_name": "Ko-StrategyQA",
  "mteb_version": "1.38.57",
  "scores": {
    "dev": [
      {
        "ndcg_at_1": 0.78885,
        "ndcg_at_3": 0.79398,
        "ndcg_at_5": 0.82825,
        "ndcg_at_10": 0.8461,
        "ndcg_at_20": 0.86099,
        "ndcg_at_100": 0.87017,
        "ndcg_at_1000": 0.87017,
        "map_at_1": 0.50739,
        "map_at_3": 0.75328,
        "map_at_5": 0.78656,
        "map_at_10": 0.7983,
        "map_at_20": 0.80458,
        "map_at_100": 0.80725,
        "map_at_1000": 0.80725,
        "recall_at_1": 0.50739,
        "recall_at_3": 0.80976,
        "recall_at_5": 0.87852,
        "recall_at_10": 0.92188,
        "recall_at_20": 0.96619,
        "recall_at_100": 1.0,
        "recall_at_1000": 1.0,
        "precision_at_1": 0.78885,
        "precision_at_3": 0.48029,
        "precision_at_5": 0.32399,
        "precision_at_10": 0.17264,
        "precision_at_20": 0.09215,
        "precision_at_100": 0.01934,
        "precision_at_1000": 0.00193,
        "mrr_at_1": 0.8125,
        "mrr_at_3": 0.85473,
        "mrr_at_5": 0.86098,
        "mrr_at_10": 0.865117,
        "mrr_at_20": 0.867003,
        "mrr_at_100": 0.867413,
        "mrr_at_1000": 0.867413,
        "nauc_ndcg_at_1_max": 0.601101,
        "nauc_ndcg_at_1_std": 0.37965,
        "nauc_ndcg_at_1_diff1": 0.565779,
        "nauc_ndcg_at_3_max": 0.613161,
        "nauc_ndcg_at_3_std": 0.441712,
        "nauc_ndcg_at_3_diff1": 0.467953,
        "nauc_ndcg_at_5_max": 0.656048,
        "nauc_ndcg_at_5_std": 0.500663,
        "nauc_ndcg_at_5_diff1": 0.503844,
        "nauc_ndcg_at_10_max": 0.668223,
        "nauc_ndcg_at_10_std": 0.513879,
        "nauc_ndcg_at_10_diff1": 0.507687,
        "nauc_ndcg_at_20_max": 0.647087,
        "nauc_ndcg_at_20_std": 0.484938,
        "nauc_ndcg_at_20_diff1": 0.512104,
        "nauc_ndcg_at_100_max": 0.624508,
        "nauc_ndcg_at_100_std": 0.451161,
        "nauc_ndcg_at_100_diff1": 0.505181,
        "nauc_ndcg_at_1000_max": 0.624508,
        "nauc_ndcg_at_1000_std": 0.451161,
        "nauc_ndcg_at_1000_diff1": 0.505181,
        "nauc_map_at_1_max": 0.30911,
        "nauc_map_at_1_std": -0.007755,
        "nauc_map_at_1_diff1": 0.624905,
        "nauc_map_at_3_max": 0.573872,
        "nauc_map_at_3_std": 0.371082,
        "nauc_map_at_3_diff1": 0.452518,
        "nauc_map_at_5_max": 0.607062,
        "nauc_map_at_5_std": 0.428078,
        "nauc_map_at_5_diff1": 0.478001,
        "nauc_map_at_10_max": 0.613447,
        "nauc_map_at_10_std": 0.435262,
        "nauc_map_at_10_diff1": 0.480927,
        "nauc_map_at_20_max": 0.605695,
        "nauc_map_at_20_std": 0.42546,
        "nauc_map_at_20_diff1": 0.481242,
        "nauc_map_at_100_max": 0.600637,
        "nauc_map_at_100_std": 0.417848,
        "nauc_map_at_100_diff1": 0.479746,
        "nauc_map_at_1000_max": 0.600637,
        "nauc_map_at_1000_std": 0.417848,
        "nauc_map_at_1000_diff1": 0.479746,
        "nauc_recall_at_1_max": 0.30911,
        "nauc_recall_at_1_std": -0.007755,
        "nauc_recall_at_1_diff1": 0.624905,
        "nauc_recall_at_3_max": 0.633839,
        "nauc_recall_at_3_std": 0.49707,
        "nauc_recall_at_3_diff1": 0.417137,
        "nauc_recall_at_5_max": 0.761763,
        "nauc_recall_at_5_std": 0.679506,
        "nauc_recall_at_5_diff1": 0.493442,
        "nauc_recall_at_10_max": 0.866054,
        "nauc_recall_at_10_std": 0.814134,
        "nauc_recall_at_10_diff1": 0.513648,
        "nauc_recall_at_20_max": 0.916154,
        "nauc_recall_at_20_std": 0.899427,
        "nauc_recall_at_20_diff1": 0.594949,
        "nauc_recall_at_100_max": NaN,
        "nauc_recall_at_100_std": NaN,
        "nauc_recall_at_100_diff1": NaN,
        "nauc_recall_at_1000_max": NaN,
        "nauc_recall_at_1000_std": NaN,
        "nauc_recall_at_1000_diff1": NaN,
        "nauc_precision_at_1_max": 0.601101,
        "nauc_precision_at_1_std": 0.37965,
        "nauc_precision_at_1_diff1": 0.565779,
        "nauc_precision_at_3_max": 0.280013,
        "nauc_precision_at_3_std": 0.467084,
        "nauc_precision_at_3_diff1": -0.18461,
        "nauc_precision_at_5_max": 0.170671,
        "nauc_precision_at_5_std": 0.417589,
        "nauc_precision_at_5_diff1": -0.231644,
        "nauc_precision_at_10_max": 0.089972,
        "nauc_precision_at_10_std": 0.353842,
        "nauc_precision_at_10_diff1": -0.285516,
        "nauc_precision_at_20_max": -0.04992,
        "nauc_precision_at_20_std": 0.226911,
        "nauc_precision_at_20_diff1": -0.359987,
        "nauc_precision_at_100_max": -0.167244,
        "nauc_precision_at_100_std": 0.104625,
        "nauc_precision_at_100_diff1": -0.423091,
        "nauc_precision_at_1000_max": -0.167244,
        "nauc_precision_at_1000_std": 0.104625,
        "nauc_precision_at_1000_diff1": -0.423091,
        "nauc_mrr_at_1_max": 0.776509,
        "nauc_mrr_at_1_std": 0.5921,
        "nauc_mrr_at_1_diff1": 0.493178,
        "nauc_mrr_at_3_max": 0.788867,
        "nauc_mrr_at_3_std": 0.654225,
        "nauc_mrr_at_3_diff1": 0.506642,
        "nauc_mrr_at_5_max": 0.795128,
        "nauc_mrr_at_5_std": 0.653499,
        "nauc_mrr_at_5_diff1": 0.515769,
        "nauc_mrr_at_10_max": 0.794534,
        "nauc_mrr_at_10_std": 0.650543,
        "nauc_mrr_at_10_diff1": 0.512601,
        "nauc_mrr_at_20_max": 0.792945,
        "nauc_mrr_at_20_std": 0.646806,
        "nauc_mrr_at_20_diff1": 0.512308,
        "nauc_mrr_at_100_max": 0.792349,
        "nauc_mrr_at_100_std": 0.645736,
        "nauc_mrr_at_100_diff1": 0.511681,
        "nauc_mrr_at_1000_max": 0.792349,
        "nauc_mrr_at_1000_std": 0.645736,
        "nauc_mrr_at_1000_diff1": 0.511681,
        "main_score": 0.8461,
        "hf_subset": "default",
        "languages": [
          "kor-Hang"
        ]
      }
    ]
  },
  "evaluation_time": 104.10949182510376,
  "kg_co2_emissions": null
}