{
  "dataset_revision": "fc24a3ce8f09746410daee3d5cd823ff7a0675b7",
  "task_name": "MrTidyRetrieval",
  "mteb_version": "1.38.57",
  "scores": {
    "test": [
      {
        "ndcg_at_1": 0.59382,
        "ndcg_at_3": 0.72626,
        "ndcg_at_5": 0.75512,
        "ndcg_at_10": 0.77746,
        "ndcg_at_20": 0.78831,
        "ndcg_at_100": 0.79178,
        "ndcg_at_1000": 0.79178,
        "map_at_1": 0.5479,
        "map_at_3": 0.68679,
        "map_at_5": 0.70593,
        "map_at_10": 0.71659,
        "map_at_20": 0.72052,
        "map_at_100": 0.72116,
        "map_at_1000": 0.72116,
        "recall_at_1": 0.5479,
        "recall_at_3": 0.81512,
        "recall_at_5": 0.88084,
        "recall_at_10": 0.94537,
        "recall_at_20": 0.98337,
        "recall_at_100": 1.0,
        "recall_at_1000": 1.0,
        "precision_at_1": 0.59382,
        "precision_at_3": 0.31116,
        "precision_at_5": 0.2038,
        "precision_at_10": 0.10998,
        "precision_at_20": 0.05748,
        "precision_at_100": 0.01169,
        "precision_at_1000": 0.00117,
        "mrr_at_1": 0.695962,
        "mrr_at_3": 0.767221,
        "mrr_at_5": 0.77791,
        "mrr_at_10": 0.785429,
        "mrr_at_20": 0.78782,
        "mrr_at_100": 0.788314,
        "mrr_at_1000": 0.788314,
        "nauc_ndcg_at_1_max": 0.158644,
        "nauc_ndcg_at_1_std": -0.299494,
        "nauc_ndcg_at_1_diff1": 0.462376,
        "nauc_ndcg_at_3_max": 0.161284,
        "nauc_ndcg_at_3_std": -0.308595,
        "nauc_ndcg_at_3_diff1": 0.404227,
        "nauc_ndcg_at_5_max": 0.159949,
        "nauc_ndcg_at_5_std": -0.32718,
        "nauc_ndcg_at_5_diff1": 0.413086,
        "nauc_ndcg_at_10_max": 0.140948,
        "nauc_ndcg_at_10_std": -0.357355,
        "nauc_ndcg_at_10_diff1": 0.432761,
        "nauc_ndcg_at_20_max": 0.174987,
        "nauc_ndcg_at_20_std": -0.32058,
        "nauc_ndcg_at_20_diff1": 0.42792,
        "nauc_ndcg_at_100_max": 0.168783,
        "nauc_ndcg_at_100_std": -0.320967,
        "nauc_ndcg_at_100_diff1": 0.429088,
        "nauc_ndcg_at_1000_max": 0.168783,
        "nauc_ndcg_at_1000_std": -0.320967,
        "nauc_ndcg_at_1000_diff1": 0.429088,
        "nauc_map_at_1_max": 0.157049,
        "nauc_map_at_1_std": -0.292579,
        "nauc_map_at_1_diff1": 0.458964,
        "nauc_map_at_3_max": 0.161894,
        "nauc_map_at_3_std": -0.320817,
        "nauc_map_at_3_diff1": 0.431876,
        "nauc_map_at_5_max": 0.162058,
        "nauc_map_at_5_std": -0.330494,
        "nauc_map_at_5_diff1": 0.436075,
        "nauc_map_at_10_max": 0.15771,
        "nauc_map_at_10_std": -0.339573,
        "nauc_map_at_10_diff1": 0.441903,
        "nauc_map_at_20_max": 0.166847,
        "nauc_map_at_20_std": -0.328463,
        "nauc_map_at_20_diff1": 0.440151,
        "nauc_map_at_100_max": 0.165987,
        "nauc_map_at_100_std": -0.328581,
        "nauc_map_at_100_diff1": 0.440385,
        "nauc_map_at_1000_max": 0.165987,
        "nauc_map_at_1000_std": -0.328581,
        "nauc_map_at_1000_diff1": 0.440385,
        "nauc_recall_at_1_max": 0.157049,
        "nauc_recall_at_1_std": -0.292579,
        "nauc_recall_at_1_diff1": 0.458964,
        "nauc_recall_at_3_max": 0.134865,
        "nauc_recall_at_3_std": -0.289967,
        "nauc_recall_at_3_diff1": 0.315752,
        "nauc_recall_at_5_max": 0.111935,
        "nauc_recall_at_5_std": -0.357039,
        "nauc_recall_at_5_diff1": 0.318202,
        "nauc_recall_at_10_max": -0.148804,
        "nauc_recall_at_10_std": -0.72691,
        "nauc_recall_at_10_diff1": 0.444229,
        "nauc_recall_at_20_max": 0.479415,
        "nauc_recall_at_20_std": -0.310211,
        "nauc_recall_at_20_diff1": 0.377563,
        "nauc_recall_at_100_max": NaN,
        "nauc_recall_at_100_std": NaN,
        "nauc_recall_at_100_diff1": NaN,
        "nauc_recall_at_1000_max": NaN,
        "nauc_recall_at_1000_std": NaN,
        "nauc_recall_at_1000_diff1": NaN,
        "nauc_precision_at_1_max": 0.158644,
        "nauc_precision_at_1_std": -0.299494,
        "nauc_precision_at_1_diff1": 0.462376,
        "nauc_precision_at_3_max": 0.066315,
        "nauc_precision_at_3_std": -0.130434,
        "nauc_precision_at_3_diff1": 0.104267,
        "nauc_precision_at_5_max": 0.025662,
        "nauc_precision_at_5_std": -0.091969,
        "nauc_precision_at_5_diff1": 0.022634,
        "nauc_precision_at_10_max": -0.040107,
        "nauc_precision_at_10_std": -0.06291,
        "nauc_precision_at_10_diff1": -0.054705,
        "nauc_precision_at_20_max": 0.028182,
        "nauc_precision_at_20_std": 0.114897,
        "nauc_precision_at_20_diff1": -0.14933,
        "nauc_precision_at_100_max": -3.4e-05,
        "nauc_precision_at_100_std": 0.142057,
        "nauc_precision_at_100_diff1": -0.181484,
        "nauc_precision_at_1000_max": -3.4e-05,
        "nauc_precision_at_1000_std": 0.142057,
        "nauc_precision_at_1000_diff1": -0.181484,
        "nauc_mrr_at_1_max": 0.391066,
        "nauc_mrr_at_1_std": 0.050409,
        "nauc_mrr_at_1_diff1": 0.192872,
        "nauc_mrr_at_3_max": 0.35063,
        "nauc_mrr_at_3_std": -0.024649,
        "nauc_mrr_at_3_diff1": 0.209466,
        "nauc_mrr_at_5_max": 0.354451,
        "nauc_mrr_at_5_std": -0.027021,
        "nauc_mrr_at_5_diff1": 0.209874,
        "nauc_mrr_at_10_max": 0.346789,
        "nauc_mrr_at_10_std": -0.032974,
        "nauc_mrr_at_10_diff1": 0.213057,
        "nauc_mrr_at_20_max": 0.357555,
        "nauc_mrr_at_20_std": -0.022901,
        "nauc_mrr_at_20_diff1": 0.210486,
        "nauc_mrr_at_100_max": 0.356845,
        "nauc_mrr_at_100_std": -0.022322,
        "nauc_mrr_at_100_diff1": 0.210115,
        "nauc_mrr_at_1000_max": 0.356845,
        "nauc_mrr_at_1000_std": -0.022322,
        "nauc_mrr_at_1000_diff1": 0.210115,
        "main_score": 0.77746,
        "hf_subset": "korean",
        "languages": [
          "kor-Kore"
        ]
      }
    ]
  },
  "evaluation_time": 69.99516224861145,
  "kg_co2_emissions": null
}