{
  "dataset_revision": "d67138e705d963e346253a80e59676ddb418810a",
  "task_name": "MultiLongDocRetrieval",
  "mteb_version": "1.38.57",
  "scores": {
    "test": [
      {
        "ndcg_at_1": 0.225,
        "ndcg_at_3": 0.30297,
        "ndcg_at_5": 0.32535,
        "ndcg_at_10": 0.3723,
        "ndcg_at_20": 0.41571,
        "ndcg_at_100": 0.46894,
        "ndcg_at_1000": 0.46894,
        "map_at_1": 0.225,
        "map_at_3": 0.28333,
        "map_at_5": 0.29558,
        "map_at_10": 0.315,
        "map_at_20": 0.32713,
        "map_at_100": 0.33551,
        "map_at_1000": 0.33551,
        "recall_at_1": 0.225,
        "recall_at_3": 0.36,
        "recall_at_5": 0.415,
        "recall_at_10": 0.56,
        "recall_at_20": 0.73,
        "recall_at_100": 1.0,
        "recall_at_1000": 1.0,
        "precision_at_1": 0.225,
        "precision_at_3": 0.12,
        "precision_at_5": 0.083,
        "precision_at_10": 0.056,
        "precision_at_20": 0.0365,
        "precision_at_100": 0.01,
        "precision_at_1000": 0.001,
        "mrr_at_1": 0.225,
        "mrr_at_3": 0.284167,
        "mrr_at_5": 0.298667,
        "mrr_at_10": 0.318401,
        "mrr_at_20": 0.330103,
        "mrr_at_100": 0.338715,
        "mrr_at_1000": 0.338715,
        "nauc_ndcg_at_1_max": 0.538798,
        "nauc_ndcg_at_1_std": 0.51857,
        "nauc_ndcg_at_1_diff1": 0.597868,
        "nauc_ndcg_at_3_max": 0.52106,
        "nauc_ndcg_at_3_std": 0.49999,
        "nauc_ndcg_at_3_diff1": 0.570356,
        "nauc_ndcg_at_5_max": 0.486535,
        "nauc_ndcg_at_5_std": 0.464715,
        "nauc_ndcg_at_5_diff1": 0.531448,
        "nauc_ndcg_at_10_max": 0.470185,
        "nauc_ndcg_at_10_std": 0.449651,
        "nauc_ndcg_at_10_diff1": 0.50649,
        "nauc_ndcg_at_20_max": 0.451265,
        "nauc_ndcg_at_20_std": 0.432419,
        "nauc_ndcg_at_20_diff1": 0.501709,
        "nauc_ndcg_at_100_max": 0.484383,
        "nauc_ndcg_at_100_std": 0.463678,
        "nauc_ndcg_at_100_diff1": 0.533148,
        "nauc_ndcg_at_1000_max": 0.484383,
        "nauc_ndcg_at_1000_std": 0.463678,
        "nauc_ndcg_at_1000_diff1": 0.533148,
        "nauc_map_at_1_max": 0.538798,
        "nauc_map_at_1_std": 0.51857,
        "nauc_map_at_1_diff1": 0.597868,
        "nauc_map_at_3_max": 0.521951,
        "nauc_map_at_3_std": 0.501004,
        "nauc_map_at_3_diff1": 0.573849,
        "nauc_map_at_5_max": 0.502423,
        "nauc_map_at_5_std": 0.481017,
        "nauc_map_at_5_diff1": 0.551764,
        "nauc_map_at_10_max": 0.496776,
        "nauc_map_at_10_std": 0.475742,
        "nauc_map_at_10_diff1": 0.542279,
        "nauc_map_at_20_max": 0.491374,
        "nauc_map_at_20_std": 0.470741,
        "nauc_map_at_20_diff1": 0.541005,
        "nauc_map_at_100_max": 0.496105,
        "nauc_map_at_100_std": 0.475191,
        "nauc_map_at_100_diff1": 0.545765,
        "nauc_map_at_1000_max": 0.496105,
        "nauc_map_at_1000_std": 0.475191,
        "nauc_map_at_1000_diff1": 0.545765,
        "nauc_recall_at_1_max": 0.538798,
        "nauc_recall_at_1_std": 0.51857,
        "nauc_recall_at_1_diff1": 0.597868,
        "nauc_recall_at_3_max": 0.519859,
        "nauc_recall_at_3_std": 0.498484,
        "nauc_recall_at_3_diff1": 0.56207,
        "nauc_recall_at_5_max": 0.441111,
        "nauc_recall_at_5_std": 0.418157,
        "nauc_recall_at_5_diff1": 0.473685,
        "nauc_recall_at_10_max": 0.381189,
        "nauc_recall_at_10_std": 0.362963,
        "nauc_recall_at_10_diff1": 0.38779,
        "nauc_recall_at_20_max": 0.260679,
        "nauc_recall_at_20_std": 0.252187,
        "nauc_recall_at_20_diff1": 0.324923,
        "nauc_recall_at_100_max": NaN,
        "nauc_recall_at_100_std": NaN,
        "nauc_recall_at_100_diff1": NaN,
        "nauc_recall_at_1000_max": NaN,
        "nauc_recall_at_1000_std": NaN,
        "nauc_recall_at_1000_diff1": NaN,
        "nauc_precision_at_1_max": 0.538798,
        "nauc_precision_at_1_std": 0.51857,
        "nauc_precision_at_1_diff1": 0.597868,
        "nauc_precision_at_3_max": 0.519859,
        "nauc_precision_at_3_std": 0.498484,
        "nauc_precision_at_3_diff1": 0.56207,
        "nauc_precision_at_5_max": 0.441111,
        "nauc_precision_at_5_std": 0.418157,
        "nauc_precision_at_5_diff1": 0.473685,
        "nauc_precision_at_10_max": 0.381189,
        "nauc_precision_at_10_std": 0.362963,
        "nauc_precision_at_10_diff1": 0.38779,
        "nauc_precision_at_20_max": 0.260679,
        "nauc_precision_at_20_std": 0.252187,
        "nauc_precision_at_20_diff1": 0.324923,
        "nauc_precision_at_100_max": 1.0,
        "nauc_precision_at_100_std": 1.0,
        "nauc_precision_at_100_diff1": 1.0,
        "nauc_precision_at_1000_max": 1.0,
        "nauc_precision_at_1000_std": 1.0,
        "nauc_precision_at_1000_diff1": 1.0,
        "nauc_mrr_at_1_max": 0.538798,
        "nauc_mrr_at_1_std": 0.51857,
        "nauc_mrr_at_1_diff1": 0.597868,
        "nauc_mrr_at_3_max": 0.519889,
        "nauc_mrr_at_3_std": 0.498951,
        "nauc_mrr_at_3_diff1": 0.57269,
        "nauc_mrr_at_5_max": 0.494585,
        "nauc_mrr_at_5_std": 0.473048,
        "nauc_mrr_at_5_diff1": 0.545963,
        "nauc_mrr_at_10_max": 0.489199,
        "nauc_mrr_at_10_std": 0.468003,
        "nauc_mrr_at_10_diff1": 0.537048,
        "nauc_mrr_at_20_max": 0.484444,
        "nauc_mrr_at_20_std": 0.463666,
        "nauc_mrr_at_20_diff1": 0.536017,
        "nauc_mrr_at_100_max": 0.48889,
        "nauc_mrr_at_100_std": 0.467823,
        "nauc_mrr_at_100_diff1": 0.540638,
        "nauc_mrr_at_1000_max": 0.48889,
        "nauc_mrr_at_1000_std": 0.467823,
        "nauc_mrr_at_1000_diff1": 0.540638,
        "main_score": 0.3723,
        "hf_subset": "ko",
        "languages": [
          "kor-Hang"
        ]
      }
    ]
  },
  "evaluation_time": 328.16086506843567,
  "kg_co2_emissions": null
}