{
  "dataset_revision": "main",
  "task_name": "PublicHealthQA",
  "mteb_version": "1.38.57",
  "scores": {
    "test": [
      {
        "ndcg_at_1": 0.33766,
        "ndcg_at_3": 0.39332,
        "ndcg_at_5": 0.40451,
        "ndcg_at_10": 0.41756,
        "ndcg_at_20": 0.42393,
        "ndcg_at_100": 0.43426,
        "ndcg_at_1000": 0.43426,
        "map_at_1": 0.33766,
        "map_at_3": 0.38095,
        "map_at_5": 0.38745,
        "map_at_10": 0.39309,
        "map_at_20": 0.39474,
        "map_at_100": 0.39639,
        "map_at_1000": 0.39639,
        "recall_at_1": 0.33766,
        "recall_at_3": 0.42857,
        "recall_at_5": 0.45455,
        "recall_at_10": 0.49351,
        "recall_at_20": 0.51948,
        "recall_at_100": 0.57143,
        "recall_at_1000": 0.57143,
        "precision_at_1": 0.33766,
        "precision_at_3": 0.14286,
        "precision_at_5": 0.09091,
        "precision_at_10": 0.04935,
        "precision_at_20": 0.02597,
        "precision_at_100": 0.00571,
        "precision_at_1000": 0.00057,
        "mrr_at_1": 0.285714,
        "mrr_at_3": 0.333333,
        "mrr_at_5": 0.348918,
        "mrr_at_10": 0.354561,
        "mrr_at_20": 0.356209,
        "mrr_at_100": 0.357864,
        "mrr_at_1000": 0.357864,
        "nauc_ndcg_at_1_max": 0.305485,
        "nauc_ndcg_at_1_std": 0.192295,
        "nauc_ndcg_at_1_diff1": 0.24543,
        "nauc_ndcg_at_3_max": 0.379491,
        "nauc_ndcg_at_3_std": 0.280998,
        "nauc_ndcg_at_3_diff1": 0.151144,
        "nauc_ndcg_at_5_max": 0.397412,
        "nauc_ndcg_at_5_std": 0.307476,
        "nauc_ndcg_at_5_diff1": 0.138574,
        "nauc_ndcg_at_10_max": 0.413339,
        "nauc_ndcg_at_10_std": 0.311488,
        "nauc_ndcg_at_10_diff1": 0.12976,
        "nauc_ndcg_at_20_max": 0.41062,
        "nauc_ndcg_at_20_std": 0.323544,
        "nauc_ndcg_at_20_diff1": 0.128234,
        "nauc_ndcg_at_100_max": 0.413378,
        "nauc_ndcg_at_100_std": 0.331971,
        "nauc_ndcg_at_100_diff1": 0.14264,
        "nauc_ndcg_at_1000_max": 0.413378,
        "nauc_ndcg_at_1000_std": 0.331971,
        "nauc_ndcg_at_1000_diff1": 0.14264,
        "nauc_map_at_1_max": 0.305485,
        "nauc_map_at_1_std": 0.192295,
        "nauc_map_at_1_diff1": 0.24543,
        "nauc_map_at_3_max": 0.361515,
        "nauc_map_at_3_std": 0.258731,
        "nauc_map_at_3_diff1": 0.172445,
        "nauc_map_at_5_max": 0.371887,
        "nauc_map_at_5_std": 0.274064,
        "nauc_map_at_5_diff1": 0.165191,
        "nauc_map_at_10_max": 0.377942,
        "nauc_map_at_10_std": 0.275742,
        "nauc_map_at_10_diff1": 0.161887,
        "nauc_map_at_20_max": 0.377467,
        "nauc_map_at_20_std": 0.279595,
        "nauc_map_at_20_diff1": 0.161344,
        "nauc_map_at_100_max": 0.378019,
        "nauc_map_at_100_std": 0.281008,
        "nauc_map_at_100_diff1": 0.163606,
        "nauc_map_at_1000_max": 0.378019,
        "nauc_map_at_1000_std": 0.281008,
        "nauc_map_at_1000_diff1": 0.163606,
        "nauc_recall_at_1_max": 0.305485,
        "nauc_recall_at_1_std": 0.192295,
        "nauc_recall_at_1_diff1": 0.24543,
        "nauc_recall_at_3_max": 0.430994,
        "nauc_recall_at_3_std": 0.345088,
        "nauc_recall_at_3_diff1": 0.090756,
        "nauc_recall_at_5_max": 0.472997,
        "nauc_recall_at_5_std": 0.407032,
        "nauc_recall_at_5_diff1": 0.061072,
        "nauc_recall_at_10_max": 0.525918,
        "nauc_recall_at_10_std": 0.420435,
        "nauc_recall_at_10_diff1": 0.031191,
        "nauc_recall_at_20_max": 0.514511,
        "nauc_recall_at_20_std": 0.466232,
        "nauc_recall_at_20_diff1": 0.024527,
        "nauc_recall_at_100_max": 0.533,
        "nauc_recall_at_100_std": 0.517684,
        "nauc_recall_at_100_diff1": 0.096655,
        "nauc_recall_at_1000_max": 0.533,
        "nauc_recall_at_1000_std": 0.517684,
        "nauc_recall_at_1000_diff1": 0.096655,
        "nauc_precision_at_1_max": 0.305485,
        "nauc_precision_at_1_std": 0.192295,
        "nauc_precision_at_1_diff1": 0.24543,
        "nauc_precision_at_3_max": 0.430994,
        "nauc_precision_at_3_std": 0.345088,
        "nauc_precision_at_3_diff1": 0.090756,
        "nauc_precision_at_5_max": 0.472997,
        "nauc_precision_at_5_std": 0.407032,
        "nauc_precision_at_5_diff1": 0.061072,
        "nauc_precision_at_10_max": 0.525918,
        "nauc_precision_at_10_std": 0.420435,
        "nauc_precision_at_10_diff1": 0.031191,
        "nauc_precision_at_20_max": 0.514511,
        "nauc_precision_at_20_std": 0.466232,
        "nauc_precision_at_20_diff1": 0.024527,
        "nauc_precision_at_100_max": 0.533,
        "nauc_precision_at_100_std": 0.517684,
        "nauc_precision_at_100_diff1": 0.096655,
        "nauc_precision_at_1000_max": 0.533,
        "nauc_precision_at_1000_std": 0.517684,
        "nauc_precision_at_1000_diff1": 0.096655,
        "nauc_mrr_at_1_max": 0.178235,
        "nauc_mrr_at_1_std": 0.037114,
        "nauc_mrr_at_1_diff1": 0.399671,
        "nauc_mrr_at_3_max": 0.225949,
        "nauc_mrr_at_3_std": 0.091336,
        "nauc_mrr_at_3_diff1": 0.302638,
        "nauc_mrr_at_5_max": 0.266585,
        "nauc_mrr_at_5_std": 0.146806,
        "nauc_mrr_at_5_diff1": 0.271897,
        "nauc_mrr_at_10_max": 0.272556,
        "nauc_mrr_at_10_std": 0.14826,
        "nauc_mrr_at_10_diff1": 0.268741,
        "nauc_mrr_at_20_max": 0.271961,
        "nauc_mrr_at_20_std": 0.152064,
        "nauc_mrr_at_20_diff1": 0.268297,
        "nauc_mrr_at_100_max": 0.272344,
        "nauc_mrr_at_100_std": 0.153289,
        "nauc_mrr_at_100_diff1": 0.270792,
        "nauc_mrr_at_1000_max": 0.272344,
        "nauc_mrr_at_1000_std": 0.153289,
        "nauc_mrr_at_1000_diff1": 0.270792,
        "main_score": 0.41756,
        "hf_subset": "korean",
        "languages": [
          "kor-Hang"
        ]
      }
    ]
  },
  "evaluation_time": 13.57596492767334,
  "kg_co2_emissions": null
}