{
  "dataset_revision": "c99d599f0a6ab9b85b065da6f9d94f9cf731679f",
  "task_name": "XPQARetrieval",
  "mteb_version": "1.38.57",
  "scores": {
    "test": [
      {
        "ndcg_at_1": 0.34098,
        "ndcg_at_3": 0.40964,
        "ndcg_at_5": 0.44929,
        "ndcg_at_10": 0.49791,
        "ndcg_at_20": 0.53778,
        "ndcg_at_100": 0.5778,
        "ndcg_at_1000": 0.5778,
        "map_at_1": 0.24972,
        "map_at_3": 0.37201,
        "map_at_5": 0.4049,
        "map_at_10": 0.42857,
        "map_at_20": 0.44146,
        "map_at_100": 0.44968,
        "map_at_1000": 0.44968,
        "recall_at_1": 0.24972,
        "recall_at_3": 0.44801,
        "recall_at_5": 0.54218,
        "recall_at_10": 0.67683,
        "recall_at_20": 0.82034,
        "recall_at_100": 1.0,
        "recall_at_1000": 1.0,
        "precision_at_1": 0.34098,
        "precision_at_3": 0.23598,
        "precision_at_5": 0.17554,
        "precision_at_10": 0.10826,
        "precision_at_20": 0.06506,
        "precision_at_100": 0.01564,
        "precision_at_1000": 0.00156,
        "mrr_at_1": 0.348624,
        "mrr_at_3": 0.422783,
        "mrr_at_5": 0.441208,
        "mrr_at_10": 0.457959,
        "mrr_at_20": 0.466718,
        "mrr_at_100": 0.471864,
        "mrr_at_1000": 0.471864,
        "nauc_ndcg_at_1_max": 0.289508,
        "nauc_ndcg_at_1_std": 0.130983,
        "nauc_ndcg_at_1_diff1": 0.396106,
        "nauc_ndcg_at_3_max": 0.207021,
        "nauc_ndcg_at_3_std": 0.057294,
        "nauc_ndcg_at_3_diff1": 0.319844,
        "nauc_ndcg_at_5_max": 0.188858,
        "nauc_ndcg_at_5_std": 0.042442,
        "nauc_ndcg_at_5_diff1": 0.311974,
        "nauc_ndcg_at_10_max": 0.16524,
        "nauc_ndcg_at_10_std": 0.016043,
        "nauc_ndcg_at_10_diff1": 0.31326,
        "nauc_ndcg_at_20_max": 0.172681,
        "nauc_ndcg_at_20_std": 0.032764,
        "nauc_ndcg_at_20_diff1": 0.311386,
        "nauc_ndcg_at_100_max": 0.211039,
        "nauc_ndcg_at_100_std": 0.065122,
        "nauc_ndcg_at_100_diff1": 0.323361,
        "nauc_ndcg_at_1000_max": 0.211039,
        "nauc_ndcg_at_1000_std": 0.065122,
        "nauc_ndcg_at_1000_diff1": 0.323361,
        "nauc_map_at_1_max": 0.203712,
        "nauc_map_at_1_std": 0.038059,
        "nauc_map_at_1_diff1": 0.408074,
        "nauc_map_at_3_max": 0.226473,
        "nauc_map_at_3_std": 0.072399,
        "nauc_map_at_3_diff1": 0.333198,
        "nauc_map_at_5_max": 0.213697,
        "nauc_map_at_5_std": 0.063559,
        "nauc_map_at_5_diff1": 0.32604,
        "nauc_map_at_10_max": 0.202295,
        "nauc_map_at_10_std": 0.050875,
        "nauc_map_at_10_diff1": 0.326107,
        "nauc_map_at_20_max": 0.205134,
        "nauc_map_at_20_std": 0.05689,
        "nauc_map_at_20_diff1": 0.327447,
        "nauc_map_at_100_max": 0.213514,
        "nauc_map_at_100_std": 0.06438,
        "nauc_map_at_100_diff1": 0.328213,
        "nauc_map_at_1000_max": 0.213514,
        "nauc_map_at_1000_std": 0.06438,
        "nauc_map_at_1000_diff1": 0.328213,
        "nauc_recall_at_1_max": 0.203712,
        "nauc_recall_at_1_std": 0.038059,
        "nauc_recall_at_1_diff1": 0.408074,
        "nauc_recall_at_3_max": 0.155454,
        "nauc_recall_at_3_std": 0.010206,
        "nauc_recall_at_3_diff1": 0.27823,
        "nauc_recall_at_5_max": 0.107272,
        "nauc_recall_at_5_std": -0.026078,
        "nauc_recall_at_5_diff1": 0.255466,
        "nauc_recall_at_10_max": 0.008261,
        "nauc_recall_at_10_std": -0.132256,
        "nauc_recall_at_10_diff1": 0.24559,
        "nauc_recall_at_20_max": -0.053017,
        "nauc_recall_at_20_std": -0.14377,
        "nauc_recall_at_20_diff1": 0.187099,
        "nauc_recall_at_100_max": NaN,
        "nauc_recall_at_100_std": NaN,
        "nauc_recall_at_100_diff1": NaN,
        "nauc_recall_at_1000_max": NaN,
        "nauc_recall_at_1000_std": NaN,
        "nauc_recall_at_1000_diff1": NaN,
        "nauc_precision_at_1_max": 0.289508,
        "nauc_precision_at_1_std": 0.130983,
        "nauc_precision_at_1_diff1": 0.396106,
        "nauc_precision_at_3_max": 0.203849,
        "nauc_precision_at_3_std": 0.115875,
        "nauc_precision_at_3_diff1": 0.153808,
        "nauc_precision_at_5_max": 0.144612,
        "nauc_precision_at_5_std": 0.083219,
        "nauc_precision_at_5_diff1": 0.101814,
        "nauc_precision_at_10_max": 0.085018,
        "nauc_precision_at_10_std": 0.03882,
        "nauc_precision_at_10_diff1": 0.06806,
        "nauc_precision_at_20_max": 0.091615,
        "nauc_precision_at_20_std": 0.095378,
        "nauc_precision_at_20_diff1": 0.017728,
        "nauc_precision_at_100_max": 0.188931,
        "nauc_precision_at_100_std": 0.228445,
        "nauc_precision_at_100_diff1": -0.072181,
        "nauc_precision_at_1000_max": 0.188931,
        "nauc_precision_at_1000_std": 0.228445,
        "nauc_precision_at_1000_diff1": -0.072181,
        "nauc_mrr_at_1_max": 0.310333,
        "nauc_mrr_at_1_std": 0.15751,
        "nauc_mrr_at_1_diff1": 0.373028,
        "nauc_mrr_at_3_max": 0.241767,
        "nauc_mrr_at_3_std": 0.094208,
        "nauc_mrr_at_3_diff1": 0.329531,
        "nauc_mrr_at_5_max": 0.232609,
        "nauc_mrr_at_5_std": 0.086732,
        "nauc_mrr_at_5_diff1": 0.326604,
        "nauc_mrr_at_10_max": 0.22789,
        "nauc_mrr_at_10_std": 0.081628,
        "nauc_mrr_at_10_diff1": 0.327204,
        "nauc_mrr_at_20_max": 0.231434,
        "nauc_mrr_at_20_std": 0.08663,
        "nauc_mrr_at_20_diff1": 0.326248,
        "nauc_mrr_at_100_max": 0.234555,
        "nauc_mrr_at_100_std": 0.088572,
        "nauc_mrr_at_100_diff1": 0.328599,
        "nauc_mrr_at_1000_max": 0.234555,
        "nauc_mrr_at_1000_std": 0.088572,
        "nauc_mrr_at_1000_diff1": 0.328599,
        "main_score": 0.49791,
        "hf_subset": "kor-kor",
        "languages": [
          "kor-Hang",
          "kor-Hang"
        ]
      },
      {
        "ndcg_at_1": 0.05505,
        "ndcg_at_3": 0.0437,
        "ndcg_at_5": 0.04444,
        "ndcg_at_10": 0.04662,
        "ndcg_at_20": 0.04681,
        "ndcg_at_100": 0.04681,
        "ndcg_at_1000": 0.04681,
        "map_at_1": 0.02803,
        "map_at_3": 0.03472,
        "map_at_5": 0.03576,
        "map_at_10": 0.03662,
        "map_at_20": 0.03667,
        "map_at_100": 0.03667,
        "map_at_1000": 0.03667,
        "recall_at_1": 0.02803,
        "recall_at_3": 0.04172,
        "recall_at_5": 0.04643,
        "recall_at_10": 0.05255,
        "recall_at_20": 0.05306,
        "recall_at_100": 0.05306,
        "recall_at_1000": 0.05306,
        "precision_at_1": 0.05505,
        "precision_at_3": 0.02497,
        "precision_at_5": 0.01713,
        "precision_at_10": 0.00948,
        "precision_at_20": 0.00482,
        "precision_at_100": 0.00096,
        "precision_at_1000": 0.0001,
        "mrr_at_1": 0.055046,
        "mrr_at_3": 0.061417,
        "mrr_at_5": 0.06371,
        "mrr_at_10": 0.064593,
        "mrr_at_20": 0.06486,
        "mrr_at_100": 0.06486,
        "mrr_at_1000": 0.06486,
        "nauc_ndcg_at_1_max": 0.45934,
        "nauc_ndcg_at_1_std": 0.472737,
        "nauc_ndcg_at_1_diff1": 0.452775,
        "nauc_ndcg_at_3_max": 0.395155,
        "nauc_ndcg_at_3_std": 0.40996,
        "nauc_ndcg_at_3_diff1": 0.382899,
        "nauc_ndcg_at_5_max": 0.396,
        "nauc_ndcg_at_5_std": 0.410557,
        "nauc_ndcg_at_5_diff1": 0.385976,
        "nauc_ndcg_at_10_max": 0.392017,
        "nauc_ndcg_at_10_std": 0.407492,
        "nauc_ndcg_at_10_diff1": 0.379821,
        "nauc_ndcg_at_20_max": 0.391732,
        "nauc_ndcg_at_20_std": 0.407143,
        "nauc_ndcg_at_20_diff1": 0.378654,
        "nauc_ndcg_at_100_max": 0.391732,
        "nauc_ndcg_at_100_std": 0.407143,
        "nauc_ndcg_at_100_diff1": 0.378654,
        "nauc_ndcg_at_1000_max": 0.391732,
        "nauc_ndcg_at_1000_std": 0.407143,
        "nauc_ndcg_at_1000_diff1": 0.378654,
        "nauc_map_at_1_max": 0.429053,
        "nauc_map_at_1_std": 0.443949,
        "nauc_map_at_1_diff1": 0.427098,