{
  "dataset_revision": "fd7df84ac089bbec763b1c6bb1b56e985df5cc5c",
  "task_name": "AutoRAGRetrieval",
  "mteb_version": "1.38.57",
  "scores": {
    "test": [
      {
        "ndcg_at_1": 0.82456,
        "ndcg_at_3": 0.89421,
        "ndcg_at_5": 0.89799,
        "ndcg_at_10": 0.90736,
        "ndcg_at_20": 0.91188,
        "ndcg_at_100": 0.91366,
        "ndcg_at_1000": 0.91366,
        "map_at_1": 0.82456,
        "map_at_3": 0.87865,
        "map_at_5": 0.88085,
        "map_at_10": 0.88523,
        "map_at_20": 0.88652,
        "map_at_100": 0.88682,
        "map_at_1000": 0.88682,
        "recall_at_1": 0.82456,
        "recall_at_3": 0.9386,
        "recall_at_5": 0.94737,
        "recall_at_10": 0.97368,
        "recall_at_20": 0.99123,
        "recall_at_100": 1.0,
        "recall_at_1000": 1.0,
        "precision_at_1": 0.82456,
        "precision_at_3": 0.31287,
        "precision_at_5": 0.18947,
        "precision_at_10": 0.09737,
        "precision_at_20": 0.04956,
        "precision_at_100": 0.01,
        "precision_at_1000": 0.001,
        "mrr_at_1": 0.824561,
        "mrr_at_3": 0.878655,
        "mrr_at_5": 0.880848,
        "mrr_at_10": 0.885234,
        "mrr_at_20": 0.886519,
        "mrr_at_100": 0.886821,
        "mrr_at_1000": 0.886821,
        "nauc_ndcg_at_1_max": 0.281259,
        "nauc_ndcg_at_1_std": -0.222878,
        "nauc_ndcg_at_1_diff1": 0.868259,
        "nauc_ndcg_at_3_max": 0.468027,
        "nauc_ndcg_at_3_std": 0.00851,
        "nauc_ndcg_at_3_diff1": 0.804162,
        "nauc_ndcg_at_5_max": 0.452573,
        "nauc_ndcg_at_5_std": -0.004915,
        "nauc_ndcg_at_5_diff1": 0.807307,
        "nauc_ndcg_at_10_max": 0.394813,
        "nauc_ndcg_at_10_std": -0.106366,
        "nauc_ndcg_at_10_diff1": 0.822161,
        "nauc_ndcg_at_20_max": 0.399551,
        "nauc_ndcg_at_20_std": -0.082389,
        "nauc_ndcg_at_20_diff1": 0.827327,
        "nauc_ndcg_at_100_max": 0.386547,
        "nauc_ndcg_at_100_std": -0.105831,
        "nauc_ndcg_at_100_diff1": 0.8296,
        "nauc_ndcg_at_1000_max": 0.386547,
        "nauc_ndcg_at_1000_std": -0.105831,
        "nauc_ndcg_at_1000_diff1": 0.8296,
        "nauc_map_at_1_max": 0.281259,
        "nauc_map_at_1_std": -0.222878,
        "nauc_map_at_1_diff1": 0.868259,
        "nauc_map_at_3_max": 0.407517,
        "nauc_map_at_3_std": -0.076499,
        "nauc_map_at_3_diff1": 0.824308,
        "nauc_map_at_5_max": 0.398625,
        "nauc_map_at_5_std": -0.084847,
        "nauc_map_at_5_diff1": 0.826269,
        "nauc_map_at_10_max": 0.374565,
        "nauc_map_at_10_std": -0.126514,
        "nauc_map_at_10_diff1": 0.83266,
        "nauc_map_at_20_max": 0.376341,
        "nauc_map_at_20_std": -0.118997,
        "nauc_map_at_20_diff1": 0.833636,
        "nauc_map_at_100_max": 0.374595,
        "nauc_map_at_100_std": -0.12213,
        "nauc_map_at_100_diff1": 0.833948,
        "nauc_map_at_1000_max": 0.374595,
        "nauc_map_at_1000_std": -0.12213,
        "nauc_map_at_1000_diff1": 0.833948,
        "nauc_recall_at_1_max": 0.281259,
        "nauc_recall_at_1_std": -0.222878,
        "nauc_recall_at_1_diff1": 0.868259,
        "nauc_recall_at_3_max": 0.79575,
        "nauc_recall_at_3_std": 0.477224,
        "nauc_recall_at_3_diff1": 0.695562,
        "nauc_recall_at_5_max": 0.78341,
        "nauc_recall_at_5_std": 0.497174,
        "nauc_recall_at_5_diff1": 0.691088,
        "nauc_recall_at_10_max": 0.566821,
        "nauc_recall_at_10_std": 0.037751,
        "nauc_recall_at_10_diff1": 0.715652,
        "nauc_recall_at_20_max": 1.0,
        "nauc_recall_at_20_std": 1.0,
        "nauc_recall_at_20_diff1": 0.722407,
        "nauc_recall_at_100_max": NaN,
        "nauc_recall_at_100_std": NaN,
        "nauc_recall_at_100_diff1": NaN,
        "nauc_recall_at_1000_max": NaN,
        "nauc_recall_at_1000_std": NaN,
        "nauc_recall_at_1000_diff1": NaN,
        "nauc_precision_at_1_max": 0.281259,
        "nauc_precision_at_1_std": -0.222878,
        "nauc_precision_at_1_diff1": 0.868259,
        "nauc_precision_at_3_max": 0.79575,
        "nauc_precision_at_3_std": 0.477224,
        "nauc_precision_at_3_diff1": 0.695562,
        "nauc_precision_at_5_max": 0.78341,
        "nauc_precision_at_5_std": 0.497174,
        "nauc_precision_at_5_diff1": 0.691088,
        "nauc_precision_at_10_max": 0.566821,
        "nauc_precision_at_10_std": 0.037751,
        "nauc_precision_at_10_diff1": 0.715652,
        "nauc_precision_at_20_max": 1.0,
        "nauc_precision_at_20_std": 1.0,
        "nauc_precision_at_20_diff1": 0.722407,
        "nauc_precision_at_100_max": 1.0,
        "nauc_precision_at_100_std": 1.0,
        "nauc_precision_at_100_diff1": 1.0,
        "nauc_precision_at_1000_max": 1.0,
        "nauc_precision_at_1000_std": 1.0,
        "nauc_precision_at_1000_diff1": 1.0,
        "nauc_mrr_at_1_max": 0.281259,
        "nauc_mrr_at_1_std": -0.222878,
        "nauc_mrr_at_1_diff1": 0.868259,
        "nauc_mrr_at_3_max": 0.407517,
        "nauc_mrr_at_3_std": -0.076499,
        "nauc_mrr_at_3_diff1": 0.824308,
        "nauc_mrr_at_5_max": 0.398625,
        "nauc_mrr_at_5_std": -0.084847,
        "nauc_mrr_at_5_diff1": 0.826269,
        "nauc_mrr_at_10_max": 0.374565,
        "nauc_mrr_at_10_std": -0.126514,
        "nauc_mrr_at_10_diff1": 0.83266,
        "nauc_mrr_at_20_max": 0.376341,
        "nauc_mrr_at_20_std": -0.118997,
        "nauc_mrr_at_20_diff1": 0.833636,
        "nauc_mrr_at_100_max": 0.374595,
        "nauc_mrr_at_100_std": -0.12213,
        "nauc_mrr_at_100_diff1": 0.833948,
        "nauc_mrr_at_1000_max": 0.374595,
        "nauc_mrr_at_1000_std": -0.12213,
        "nauc_mrr_at_1000_diff1": 0.833948,
        "main_score": 0.90736,
        "hf_subset": "default",
        "languages": [
          "kor-Hang"
        ]
      }
    ]
  },
  "evaluation_time": 23.091795206069946,
  "kg_co2_emissions": null
}