{
  "dataset_revision": "75b399394a9803252cfec289d103de462763db7c",
  "task_name": "BelebeleRetrieval",
  "mteb_version": "1.38.57",
  "scores": {
    "test": [
      {
        "ndcg_at_1": 0.82778,
        "ndcg_at_3": 0.8766,
        "ndcg_at_5": 0.88573,
        "ndcg_at_10": 0.89661,
        "ndcg_at_20": 0.90424,
        "ndcg_at_100": 0.90512,
        "ndcg_at_1000": 0.90512,
        "map_at_1": 0.82778,
        "map_at_3": 0.865,
        "map_at_5": 0.87006,
        "map_at_10": 0.8746,
        "map_at_20": 0.87672,
        "map_at_100": 0.87686,
        "map_at_1000": 0.87686,
        "recall_at_1": 0.82778,
        "recall_at_3": 0.91,
        "recall_at_5": 0.93222,
        "recall_at_10": 0.96556,
        "recall_at_20": 0.99556,
        "recall_at_100": 1.0,
        "recall_at_1000": 1.0,
        "precision_at_1": 0.82778,
        "precision_at_3": 0.30333,
        "precision_at_5": 0.18644,
        "precision_at_10": 0.09656,
        "precision_at_20": 0.04978,
        "precision_at_100": 0.01,
        "precision_at_1000": 0.001,
        "mrr_at_1": 0.827778,
        "mrr_at_3": 0.865,
        "mrr_at_5": 0.870056,
        "mrr_at_10": 0.874954,
        "mrr_at_20": 0.876816,
        "mrr_at_100": 0.876959,
        "mrr_at_1000": 0.876959,
        "nauc_ndcg_at_1_max": 0.825114,
        "nauc_ndcg_at_1_std": 0.730636,
        "nauc_ndcg_at_1_diff1": 0.900564,
        "nauc_ndcg_at_3_max": 0.821884,
        "nauc_ndcg_at_3_std": 0.729485,
        "nauc_ndcg_at_3_diff1": 0.884556,
        "nauc_ndcg_at_5_max": 0.823363,
        "nauc_ndcg_at_5_std": 0.73342,
        "nauc_ndcg_at_5_diff1": 0.887226,
        "nauc_ndcg_at_10_max": 0.828991,
        "nauc_ndcg_at_10_std": 0.737942,
        "nauc_ndcg_at_10_diff1": 0.894254,
        "nauc_ndcg_at_20_max": 0.826615,
        "nauc_ndcg_at_20_std": 0.735686,
        "nauc_ndcg_at_20_diff1": 0.892862,
        "nauc_ndcg_at_100_max": 0.825861,
        "nauc_ndcg_at_100_std": 0.734414,
        "nauc_ndcg_at_100_diff1": 0.892459,
        "nauc_ndcg_at_1000_max": 0.825861,
        "nauc_ndcg_at_1000_std": 0.734414,
        "nauc_ndcg_at_1000_diff1": 0.892459,
        "nauc_map_at_1_max": 0.825114,
        "nauc_map_at_1_std": 0.730636,
        "nauc_map_at_1_diff1": 0.900564,
        "nauc_map_at_3_max": 0.823849,
        "nauc_map_at_3_std": 0.731346,
        "nauc_map_at_3_diff1": 0.889238,
        "nauc_map_at_5_max": 0.824705,
        "nauc_map_at_5_std": 0.733345,
        "nauc_map_at_5_diff1": 0.890851,
        "nauc_map_at_10_max": 0.826302,
        "nauc_map_at_10_std": 0.734458,
        "nauc_map_at_10_diff1": 0.893245,
        "nauc_map_at_20_max": 0.825827,
        "nauc_map_at_20_std": 0.734073,
        "nauc_map_at_20_diff1": 0.892999,
        "nauc_map_at_100_max": 0.825725,
        "nauc_map_at_100_std": 0.733908,
        "nauc_map_at_100_diff1": 0.892949,
        "nauc_map_at_1000_max": 0.825725,
        "nauc_map_at_1000_std": 0.733908,
        "nauc_map_at_1000_diff1": 0.892949,
        "nauc_recall_at_1_max": 0.825114,
        "nauc_recall_at_1_std": 0.730636,
        "nauc_recall_at_1_diff1": 0.900564,
        "nauc_recall_at_3_max": 0.813103,
        "nauc_recall_at_3_std": 0.720827,
        "nauc_recall_at_3_diff1": 0.865131,
        "nauc_recall_at_5_max": 0.815692,
        "nauc_recall_at_5_std": 0.733633,
        "nauc_recall_at_5_diff1": 0.868477,
        "nauc_recall_at_10_max": 0.865606,
        "nauc_recall_at_10_std": 0.782251,
        "nauc_recall_at_10_diff1": 0.915891,
        "nauc_recall_at_20_max": 0.901961,
        "nauc_recall_at_20_std": 0.865196,
        "nauc_recall_at_20_diff1": 0.934641,
        "nauc_recall_at_100_max": NaN,
        "nauc_recall_at_100_std": NaN,
        "nauc_recall_at_100_diff1": NaN,
        "nauc_recall_at_1000_max": NaN,
        "nauc_recall_at_1000_std": NaN,
        "nauc_recall_at_1000_diff1": NaN,
        "nauc_precision_at_1_max": 0.825114,
        "nauc_precision_at_1_std": 0.730636,
        "nauc_precision_at_1_diff1": 0.900564,
        "nauc_precision_at_3_max": 0.813103,
        "nauc_precision_at_3_std": 0.720827,
        "nauc_precision_at_3_diff1": 0.865131,
        "nauc_precision_at_5_max": 0.815692,
        "nauc_precision_at_5_std": 0.733633,
        "nauc_precision_at_5_diff1": 0.868477,
        "nauc_precision_at_10_max": 0.865606,
        "nauc_precision_at_10_std": 0.782251,
        "nauc_precision_at_10_diff1": 0.915891,
        "nauc_precision_at_20_max": 0.901961,
        "nauc_precision_at_20_std": 0.865196,
        "nauc_precision_at_20_diff1": 0.934641,
        "nauc_precision_at_100_max": 1.0,
        "nauc_precision_at_100_std": 1.0,
        "nauc_precision_at_100_diff1": 1.0,
        "nauc_precision_at_1000_max": NaN,
        "nauc_precision_at_1000_std": NaN,
        "nauc_precision_at_1000_diff1": NaN,
        "nauc_mrr_at_1_max": 0.825114,
        "nauc_mrr_at_1_std": 0.730636,
        "nauc_mrr_at_1_diff1": 0.900564,
        "nauc_mrr_at_3_max": 0.823849,
        "nauc_mrr_at_3_std": 0.731346,
        "nauc_mrr_at_3_diff1": 0.889238,
        "nauc_mrr_at_5_max": 0.824705,
        "nauc_mrr_at_5_std": 0.733345,
        "nauc_mrr_at_5_diff1": 0.890851,
        "nauc_mrr_at_10_max": 0.826048,
        "nauc_mrr_at_10_std": 0.734512,
        "nauc_mrr_at_10_diff1": 0.893173,
        "nauc_mrr_at_20_max": 0.825745,
        "nauc_mrr_at_20_std": 0.733992,
        "nauc_mrr_at_20_diff1": 0.892958,
        "nauc_mrr_at_100_max": 0.825643,
        "nauc_mrr_at_100_std": 0.733827,
        "nauc_mrr_at_100_diff1": 0.892908,
        "nauc_mrr_at_1000_max": 0.825643,
        "nauc_mrr_at_1000_std": 0.733827,
        "nauc_mrr_at_1000_diff1": 0.892908,
        "main_score": 0.89661,
        "hf_subset": "kor_Hang-kor_Hang",
        "languages": [
          "kor-Hang",
          "kor-Hang"
        ]
      },
      {
        "ndcg_at_1": 0.08667,
        "ndcg_at_3": 0.0938,
        "ndcg_at_5": 0.09475,
        "ndcg_at_10": 0.09475,
        "ndcg_at_20": 0.09534,
        "ndcg_at_100": 0.09534,
        "ndcg_at_1000": 0.09534,
        "map_at_1": 0.08667,
        "map_at_3": 0.09204,
        "map_at_5": 0.09259,
        "map_at_10": 0.09259,
        "map_at_20": 0.09276,
        "map_at_100": 0.09276,
        "map_at_1000": 0.09276,
        "recall_at_1": 0.08667,
        "recall_at_3": 0.09889,
        "recall_at_5": 0.10111,
        "recall_at_10": 0.10111,
        "recall_at_20": 0.10333,
        "recall_at_100": 0.10333,
        "recall_at_1000": 0.10333,
        "precision_at_1": 0.08667,
        "precision_at_3": 0.03296,
        "precision_at_5": 0.02022,
        "precision_at_10": 0.01011,
        "precision_at_20": 0.00517,
        "precision_at_100": 0.00103,
        "precision_at_1000": 0.0001,
        "mrr_at_1": 0.086667,
        "mrr_at_3": 0.092037,
        "mrr_at_5": 0.092593,
        "mrr_at_10": 0.092593,
        "mrr_at_20": 0.092757,
        "mrr_at_100": 0.092757,
        "mrr_at_1000": 0.092757,
        "nauc_ndcg_at_1_max": 0.846893,
        "nauc_ndcg_at_1_std": 0.817998,
        "nauc_ndcg_at_1_diff1": 0.855153,
        "nauc_ndcg_at_3_max": 0.801724,
        "nauc_ndcg_at_3_std": 0.776337,
        "nauc_ndcg_at_3_diff1": 0.799136,
        "nauc_ndcg_at_5_max": 0.791273,
        "nauc_ndcg_at_5_std": 0.766669,
        "nauc_ndcg_at_5_diff1": 0.788849,
        "nauc_ndcg_at_10_max": 0.791273,
        "nauc_ndcg_at_10_std": 0.766669,
        "nauc_ndcg_at_10_diff1": 0.788849,
        "nauc_ndcg_at_20_max": 0.786443,
        "nauc_ndcg_at_20_std": 0.764155,
        "nauc_ndcg_at_20_diff1": 0.782829,
        "nauc_ndcg_at_100_max": 0.786443,
        "nauc_ndcg_at_100_std": 0.764155,
        "nauc_ndcg_at_100_diff1": 0.782829,
        "nauc_ndcg_at_1000_max": 0.786443,
        "nauc_ndcg_at_1000_std": 0.764155,
        "nauc_ndcg_at_1000_diff1": 0.782829,
        "nauc_map_at_1_max": 0.846893,
        "nauc_map_at_1_std": 0.817998,
        "nauc_map_at_1_diff1": 0.855153,