{
  "dataset_revision": "d243889a3eb6654029dbd7e7f9319ae31d58f97c",
  "task_name": "Ko-StrategyQA",
  "mteb_version": "1.38.57",
  "scores": {
    "dev": [
      {
        "ndcg_at_1": 0.76014,
        "ndcg_at_3": 0.75723,
        "ndcg_at_5": 0.78772,
        "ndcg_at_10": 0.80857,
        "ndcg_at_20": 0.82651,
        "ndcg_at_100": 0.84326,
        "ndcg_at_1000": 0.84326,
        "map_at_1": 0.49013,
        "map_at_3": 0.71443,
        "map_at_5": 0.74481,
        "map_at_10": 0.75802,
        "map_at_20": 0.76517,
        "map_at_100": 0.76974,
        "map_at_1000": 0.76974,
        "recall_at_1": 0.49013,
        "recall_at_3": 0.76719,
        "recall_at_5": 0.82987,
        "recall_at_10": 0.8808,
        "recall_at_20": 0.93725,
        "recall_at_100": 1.0,
        "recall_at_1000": 1.0,
        "precision_at_1": 0.76014,
        "precision_at_3": 0.45439,
        "precision_at_5": 0.30473,
        "precision_at_10": 0.1647,
        "precision_at_20": 0.08868,
        "precision_at_100": 0.01934,
        "precision_at_1000": 0.00193,
        "mrr_at_1": 0.760135,
        "mrr_at_3": 0.813908,
        "mrr_at_5": 0.819989,
        "mrr_at_10": 0.824672,
        "mrr_at_20": 0.82735,
        "mrr_at_100": 0.828441,
        "mrr_at_1000": 0.828441,
        "nauc_ndcg_at_1_max": 0.728007,
        "nauc_ndcg_at_1_std": 0.50198,
        "nauc_ndcg_at_1_diff1": 0.731808,
        "nauc_ndcg_at_3_max": 0.71484,
        "nauc_ndcg_at_3_std": 0.533415,
        "nauc_ndcg_at_3_diff1": 0.62125,
        "nauc_ndcg_at_5_max": 0.745855,
        "nauc_ndcg_at_5_std": 0.579175,
        "nauc_ndcg_at_5_diff1": 0.666984,
        "nauc_ndcg_at_10_max": 0.750024,
        "nauc_ndcg_at_10_std": 0.593347,
        "nauc_ndcg_at_10_diff1": 0.662571,
        "nauc_ndcg_at_20_max": 0.748896,
        "nauc_ndcg_at_20_std": 0.582084,
        "nauc_ndcg_at_20_diff1": 0.665913,
        "nauc_ndcg_at_100_max": 0.730939,
        "nauc_ndcg_at_100_std": 0.55231,
        "nauc_ndcg_at_100_diff1": 0.663721,
        "nauc_ndcg_at_1000_max": 0.730939,
        "nauc_ndcg_at_1000_std": 0.55231,
        "nauc_ndcg_at_1000_diff1": 0.663721,
        "nauc_map_at_1_max": 0.367374,
        "nauc_map_at_1_std": 0.11527,
        "nauc_map_at_1_diff1": 0.651474,
        "nauc_map_at_3_max": 0.683849,
        "nauc_map_at_3_std": 0.489781,
        "nauc_map_at_3_diff1": 0.601865,
        "nauc_map_at_5_max": 0.71093,
        "nauc_map_at_5_std": 0.526895,
        "nauc_map_at_5_diff1": 0.63969,
        "nauc_map_at_10_max": 0.711994,
        "nauc_map_at_10_std": 0.533842,
        "nauc_map_at_10_diff1": 0.63827,
        "nauc_map_at_20_max": 0.712096,
        "nauc_map_at_20_std": 0.530336,
        "nauc_map_at_20_diff1": 0.639417,
        "nauc_map_at_100_max": 0.708105,
        "nauc_map_at_100_std": 0.524111,
        "nauc_map_at_100_diff1": 0.6386,
        "nauc_map_at_1000_max": 0.708105,
        "nauc_map_at_1000_std": 0.524111,
        "nauc_map_at_1000_diff1": 0.6386,
        "nauc_recall_at_1_max": 0.367374,
        "nauc_recall_at_1_std": 0.11527,
        "nauc_recall_at_1_diff1": 0.651474,
        "nauc_recall_at_3_max": 0.709,
        "nauc_recall_at_3_std": 0.553073,
        "nauc_recall_at_3_diff1": 0.566392,
        "nauc_recall_at_5_max": 0.782615,
        "nauc_recall_at_5_std": 0.67129,
        "nauc_recall_at_5_diff1": 0.657323,
        "nauc_recall_at_10_max": 0.817627,
        "nauc_recall_at_10_std": 0.755898,
        "nauc_recall_at_10_diff1": 0.649667,
        "nauc_recall_at_20_max": 0.8583,
        "nauc_recall_at_20_std": 0.796876,
        "nauc_recall_at_20_diff1": 0.657542,
        "nauc_recall_at_100_max": NaN,
        "nauc_recall_at_100_std": NaN,
        "nauc_recall_at_100_diff1": NaN,
        "nauc_recall_at_1000_max": NaN,
        "nauc_recall_at_1000_std": NaN,
        "nauc_recall_at_1000_diff1": NaN,
        "nauc_precision_at_1_max": 0.728007,
        "nauc_precision_at_1_std": 0.50198,
        "nauc_precision_at_1_diff1": 0.731808,
        "nauc_precision_at_3_max": 0.411523,
        "nauc_precision_at_3_std": 0.489211,
        "nauc_precision_at_3_diff1": 0.025873,
        "nauc_precision_at_5_max": 0.288203,
        "nauc_precision_at_5_std": 0.412229,
        "nauc_precision_at_5_diff1": -0.031479,
        "nauc_precision_at_10_max": 0.177199,
        "nauc_precision_at_10_std": 0.338002,
        "nauc_precision_at_10_diff1": -0.131947,
        "nauc_precision_at_20_max": 0.053358,
        "nauc_precision_at_20_std": 0.227559,
        "nauc_precision_at_20_diff1": -0.237506,
        "nauc_precision_at_100_max": -0.145936,
        "nauc_precision_at_100_std": 0.036452,
        "nauc_precision_at_100_diff1": -0.378459,
        "nauc_precision_at_1000_max": -0.145936,
        "nauc_precision_at_1000_std": 0.036452,
        "nauc_precision_at_1000_diff1": -0.378459,
        "nauc_mrr_at_1_max": 0.728007,
        "nauc_mrr_at_1_std": 0.50198,
        "nauc_mrr_at_1_diff1": 0.731808,
        "nauc_mrr_at_3_max": 0.778039,
        "nauc_mrr_at_3_std": 0.586978,
        "nauc_mrr_at_3_diff1": 0.725492,
        "nauc_mrr_at_5_max": 0.776968,
        "nauc_mrr_at_5_std": 0.591671,
        "nauc_mrr_at_5_diff1": 0.728297,
        "nauc_mrr_at_10_max": 0.774926,
        "nauc_mrr_at_10_std": 0.588596,
        "nauc_mrr_at_10_diff1": 0.726512,
        "nauc_mrr_at_20_max": 0.772384,
        "nauc_mrr_at_20_std": 0.583495,
        "nauc_mrr_at_20_diff1": 0.726662,
        "nauc_mrr_at_100_max": 0.771427,
        "nauc_mrr_at_100_std": 0.581396,
        "nauc_mrr_at_100_diff1": 0.726773,
        "nauc_mrr_at_1000_max": 0.771427,
        "nauc_mrr_at_1000_std": 0.581396,
        "nauc_mrr_at_1000_diff1": 0.726773,
        "main_score": 0.80857,
        "hf_subset": "default",
        "languages": [
          "kor-Hang"
        ]
      }
    ]
  },
  "evaluation_time": 75.40934896469116,
  "kg_co2_emissions": null
}