{
  "dataset_revision": "main",
  "task_name": "MIRACLRetrieval",
  "mteb_version": "1.38.57",
  "scores": {
    "dev": [
      {
        "ndcg_at_1": 0.85446,
        "ndcg_at_3": 0.86196,
        "ndcg_at_5": 0.8769,
        "ndcg_at_10": 0.90132,
        "ndcg_at_20": 0.91089,
        "ndcg_at_100": 0.91429,
        "ndcg_at_1000": 0.91429,
        "map_at_1": 0.53878,
        "map_at_3": 0.74054,
        "map_at_5": 0.80687,
        "map_at_10": 0.84962,
        "map_at_20": 0.85949,
        "map_at_100": 0.86097,
        "map_at_1000": 0.86097,
        "recall_at_1": 0.53878,
        "recall_at_3": 0.78867,
        "recall_at_5": 0.88856,
        "recall_at_10": 0.96764,
        "recall_at_20": 0.9892,
        "recall_at_100": 1.0,
        "recall_at_1000": 1.0,
        "precision_at_1": 0.85446,
        "precision_at_3": 0.53365,
        "precision_at_5": 0.39812,
        "precision_at_10": 0.2385,
        "precision_at_20": 0.12629,
        "precision_at_100": 0.02568,
        "precision_at_1000": 0.00257,
        "mrr_at_1": 0.85446,
        "mrr_at_3": 0.907668,
        "mrr_at_5": 0.912128,
        "mrr_at_10": 0.913991,
        "mrr_at_20": 0.913991,
        "mrr_at_100": 0.913991,
        "mrr_at_1000": 0.913991,
        "nauc_ndcg_at_1_max": 0.309153,
        "nauc_ndcg_at_1_std": 0.043459,
        "nauc_ndcg_at_1_diff1": 0.525775,
        "nauc_ndcg_at_3_max": 0.200781,
        "nauc_ndcg_at_3_std": -0.187688,
        "nauc_ndcg_at_3_diff1": 0.529791,
        "nauc_ndcg_at_5_max": 0.162257,
        "nauc_ndcg_at_5_std": -0.283177,
        "nauc_ndcg_at_5_diff1": 0.557228,
        "nauc_ndcg_at_10_max": 0.164193,
        "nauc_ndcg_at_10_std": -0.219338,
        "nauc_ndcg_at_10_diff1": 0.533414,
        "nauc_ndcg_at_20_max": 0.241421,
        "nauc_ndcg_at_20_std": -0.104103,
        "nauc_ndcg_at_20_diff1": 0.526498,
        "nauc_ndcg_at_100_max": 0.241606,
        "nauc_ndcg_at_100_std": -0.092263,
        "nauc_ndcg_at_100_diff1": 0.52759,
        "nauc_ndcg_at_1000_max": 0.241606,
        "nauc_ndcg_at_1000_std": -0.092263,
        "nauc_ndcg_at_1000_diff1": 0.52759,
        "nauc_map_at_1_max": -0.13971,
        "nauc_map_at_1_std": -0.562512,
        "nauc_map_at_1_diff1": 0.644414,
        "nauc_map_at_3_max": -0.0986,
        "nauc_map_at_3_std": -0.603951,
        "nauc_map_at_3_diff1": 0.588499,
        "nauc_map_at_5_max": -0.018666,
        "nauc_map_at_5_std": -0.520237,
        "nauc_map_at_5_diff1": 0.583657,
        "nauc_map_at_10_max": 0.098375,
        "nauc_map_at_10_std": -0.307916,
        "nauc_map_at_10_diff1": 0.544661,
        "nauc_map_at_20_max": 0.160541,
        "nauc_map_at_20_std": -0.220028,
        "nauc_map_at_20_diff1": 0.533447,
        "nauc_map_at_100_max": 0.160665,
        "nauc_map_at_100_std": -0.216915,
        "nauc_map_at_100_diff1": 0.533884,
        "nauc_map_at_1000_max": 0.160665,
        "nauc_map_at_1000_std": -0.216915,
        "nauc_map_at_1000_diff1": 0.533884,
        "nauc_recall_at_1_max": -0.13971,
        "nauc_recall_at_1_std": -0.562512,
        "nauc_recall_at_1_diff1": 0.644414,
        "nauc_recall_at_3_max": -0.186879,
        "nauc_recall_at_3_std": -0.756433,
        "nauc_recall_at_3_diff1": 0.581636,
        "nauc_recall_at_5_max": -0.24174,
        "nauc_recall_at_5_std": -0.909903,
        "nauc_recall_at_5_diff1": 0.568521,
        "nauc_recall_at_10_max": -0.220984,
        "nauc_recall_at_10_std": -0.818335,
        "nauc_recall_at_10_diff1": 0.466068,
        "nauc_recall_at_20_max": 0.250469,
        "nauc_recall_at_20_std": -0.304562,
        "nauc_recall_at_20_diff1": 0.420236,
        "nauc_recall_at_100_max": NaN,
        "nauc_recall_at_100_std": NaN,
        "nauc_recall_at_100_diff1": NaN,
        "nauc_recall_at_1000_max": NaN,
        "nauc_recall_at_1000_std": NaN,
        "nauc_recall_at_1000_diff1": NaN,
        "nauc_precision_at_1_max": 0.309153,
        "nauc_precision_at_1_std": 0.043459,
        "nauc_precision_at_1_diff1": 0.525775,
        "nauc_precision_at_3_max": 0.319975,
        "nauc_precision_at_3_std": 0.54094,
        "nauc_precision_at_3_diff1": -0.343283,
        "nauc_precision_at_5_max": 0.318196,
        "nauc_precision_at_5_std": 0.623786,
        "nauc_precision_at_5_diff1": -0.385701,
        "nauc_precision_at_10_max": 0.340676,
        "nauc_precision_at_10_std": 0.733463,
        "nauc_precision_at_10_diff1": -0.417983,
        "nauc_precision_at_20_max": 0.367773,
        "nauc_precision_at_20_std": 0.762436,
        "nauc_precision_at_20_diff1": -0.413399,
        "nauc_precision_at_100_max": 0.357806,
        "nauc_precision_at_100_std": 0.759914,
        "nauc_precision_at_100_diff1": -0.417592,
        "nauc_precision_at_1000_max": 0.357806,
        "nauc_precision_at_1000_std": 0.759914,
        "nauc_precision_at_1000_diff1": -0.417592,
        "nauc_mrr_at_1_max": 0.309153,
        "nauc_mrr_at_1_std": 0.043459,
        "nauc_mrr_at_1_diff1": 0.525775,
        "nauc_mrr_at_3_max": 0.367326,
        "nauc_mrr_at_3_std": 0.098813,
        "nauc_mrr_at_3_diff1": 0.534189,
        "nauc_mrr_at_5_max": 0.340227,
        "nauc_mrr_at_5_std": 0.062108,
        "nauc_mrr_at_5_diff1": 0.529508,
        "nauc_mrr_at_10_max": 0.340845,
        "nauc_mrr_at_10_std": 0.071632,
        "nauc_mrr_at_10_diff1": 0.52896,
        "nauc_mrr_at_20_max": 0.340845,
        "nauc_mrr_at_20_std": 0.071632,
        "nauc_mrr_at_20_diff1": 0.52896,
        "nauc_mrr_at_100_max": 0.340845,
        "nauc_mrr_at_100_std": 0.071632,
        "nauc_mrr_at_100_diff1": 0.52896,
        "nauc_mrr_at_1000_max": 0.340845,
        "nauc_mrr_at_1000_std": 0.071632,
        "nauc_mrr_at_1000_diff1": 0.52896,
        "main_score": 0.90132,
        "hf_subset": "ko",
        "languages": [
          "kor-Kore"
        ]
      }
    ]
  },
  "evaluation_time": 24.19685125350952,
  "kg_co2_emissions": null
}