{
  "dataset_revision": "fc24a3ce8f09746410daee3d5cd823ff7a0675b7",
  "task_name": "MrTidyRetrieval",
  "mteb_version": "1.38.57",
  "scores": {
    "test": [
      {
        "ndcg_at_1": 0.71496,
        "ndcg_at_3": 0.78248,
        "ndcg_at_5": 0.80707,
        "ndcg_at_10": 0.82351,
        "ndcg_at_20": 0.83073,
        "ndcg_at_100": 0.83846,
        "ndcg_at_1000": 0.83846,
        "map_at_1": 0.65321,
        "map_at_3": 0.75396,
        "map_at_5": 0.7695,
        "map_at_10": 0.77765,
        "map_at_20": 0.78033,
        "map_at_100": 0.78184,
        "map_at_1000": 0.78184,
        "recall_at_1": 0.65321,
        "recall_at_3": 0.83571,
        "recall_at_5": 0.89192,
        "recall_at_10": 0.93864,
        "recall_at_20": 0.96358,
        "recall_at_100": 1.0,
        "recall_at_1000": 1.0,
        "precision_at_1": 0.71496,
        "precision_at_3": 0.3175,
        "precision_at_5": 0.20475,
        "precision_at_10": 0.10879,
        "precision_at_20": 0.05629,
        "precision_at_100": 0.01169,
        "precision_at_1000": 0.00117,
        "mrr_at_1": 0.71734,
        "mrr_at_3": 0.786223,
        "mrr_at_5": 0.796912,
        "mrr_at_10": 0.801935,
        "mrr_at_20": 0.80321,
        "mrr_at_100": 0.804334,
        "mrr_at_1000": 0.804334,
        "nauc_ndcg_at_1_max": 0.532556,
        "nauc_ndcg_at_1_std": 0.022122,
        "nauc_ndcg_at_1_diff1": 0.581893,
        "nauc_ndcg_at_3_max": 0.466363,
        "nauc_ndcg_at_3_std": -0.099203,
        "nauc_ndcg_at_3_diff1": 0.536635,
        "nauc_ndcg_at_5_max": 0.450306,
        "nauc_ndcg_at_5_std": -0.073642,
        "nauc_ndcg_at_5_diff1": 0.538238,
        "nauc_ndcg_at_10_max": 0.471569,
        "nauc_ndcg_at_10_std": -0.039685,
        "nauc_ndcg_at_10_diff1": 0.545166,
        "nauc_ndcg_at_20_max": 0.481106,
        "nauc_ndcg_at_20_std": -0.038846,
        "nauc_ndcg_at_20_diff1": 0.553241,
        "nauc_ndcg_at_100_max": 0.48006,
        "nauc_ndcg_at_100_std": -0.042738,
        "nauc_ndcg_at_100_diff1": 0.550976,
        "nauc_ndcg_at_1000_max": 0.48006,
        "nauc_ndcg_at_1000_std": -0.042738,
        "nauc_ndcg_at_1000_diff1": 0.550976,
        "nauc_map_at_1_max": 0.436623,
        "nauc_map_at_1_std": -0.059152,
        "nauc_map_at_1_diff1": 0.546677,
        "nauc_map_at_3_max": 0.456957,
        "nauc_map_at_3_std": -0.091204,
        "nauc_map_at_3_diff1": 0.53804,
        "nauc_map_at_5_max": 0.448447,
        "nauc_map_at_5_std": -0.072297,
        "nauc_map_at_5_diff1": 0.538133,
        "nauc_map_at_10_max": 0.459018,
        "nauc_map_at_10_std": -0.05842,
        "nauc_map_at_10_diff1": 0.542814,
        "nauc_map_at_20_max": 0.462361,
        "nauc_map_at_20_std": -0.057349,
        "nauc_map_at_20_diff1": 0.5453,
        "nauc_map_at_100_max": 0.462112,
        "nauc_map_at_100_std": -0.057893,
        "nauc_map_at_100_diff1": 0.545045,
        "nauc_map_at_1000_max": 0.462112,
        "nauc_map_at_1000_std": -0.057893,
        "nauc_map_at_1000_diff1": 0.545045,
        "nauc_recall_at_1_max": 0.436623,
        "nauc_recall_at_1_std": -0.059152,
        "nauc_recall_at_1_diff1": 0.546677,
        "nauc_recall_at_3_max": 0.406067,
        "nauc_recall_at_3_std": -0.200651,
        "nauc_recall_at_3_diff1": 0.484921,
        "nauc_recall_at_5_max": 0.321659,
        "nauc_recall_at_5_std": -0.170991,
        "nauc_recall_at_5_diff1": 0.475231,
        "nauc_recall_at_10_max": 0.39138,
        "nauc_recall_at_10_std": 0.016754,
        "nauc_recall_at_10_diff1": 0.481569,
        "nauc_recall_at_20_max": 0.490696,
        "nauc_recall_at_20_std": 0.045552,
        "nauc_recall_at_20_diff1": 0.58911,
        "nauc_recall_at_100_max": NaN,
        "nauc_recall_at_100_std": NaN,
        "nauc_recall_at_100_diff1": NaN,
        "nauc_recall_at_1000_max": NaN,
        "nauc_recall_at_1000_std": NaN,
        "nauc_recall_at_1000_diff1": NaN,
        "nauc_precision_at_1_max": 0.532556,
        "nauc_precision_at_1_std": 0.022122,
        "nauc_precision_at_1_diff1": 0.581893,
        "nauc_precision_at_3_max": 0.242622,
        "nauc_precision_at_3_std": -0.002953,
        "nauc_precision_at_3_diff1": 0.181048,
        "nauc_precision_at_5_max": 0.118302,
        "nauc_precision_at_5_std": 0.088229,
        "nauc_precision_at_5_diff1": 0.059138,
        "nauc_precision_at_10_max": 0.083066,
        "nauc_precision_at_10_std": 0.183341,
        "nauc_precision_at_10_diff1": -0.034697,
        "nauc_precision_at_20_max": 0.055439,
        "nauc_precision_at_20_std": 0.196054,
        "nauc_precision_at_20_diff1": -0.077395,
        "nauc_precision_at_100_max": -0.022064,
        "nauc_precision_at_100_std": 0.194782,
        "nauc_precision_at_100_diff1": -0.179074,
        "nauc_precision_at_1000_max": -0.022064,
        "nauc_precision_at_1000_std": 0.194782,
        "nauc_precision_at_1000_diff1": -0.179074,
        "nauc_mrr_at_1_max": 0.547377,
        "nauc_mrr_at_1_std": 0.039071,
        "nauc_mrr_at_1_diff1": 0.576308,
        "nauc_mrr_at_3_max": 0.538195,
        "nauc_mrr_at_3_std": -0.011595,
        "nauc_mrr_at_3_diff1": 0.562749,
        "nauc_mrr_at_5_max": 0.533473,
        "nauc_mrr_at_5_std": -0.00402,
        "nauc_mrr_at_5_diff1": 0.564698,
        "nauc_mrr_at_10_max": 0.537115,
        "nauc_mrr_at_10_std": 0.003562,
        "nauc_mrr_at_10_diff1": 0.565304,
        "nauc_mrr_at_20_max": 0.537351,
        "nauc_mrr_at_20_std": 0.002329,
        "nauc_mrr_at_20_diff1": 0.566378,
        "nauc_mrr_at_100_max": 0.537461,
        "nauc_mrr_at_100_std": 0.002542,
        "nauc_mrr_at_100_diff1": 0.566302,
        "nauc_mrr_at_1000_max": 0.537461,
        "nauc_mrr_at_1000_std": 0.002542,
        "nauc_mrr_at_1000_diff1": 0.566302,
        "main_score": 0.82351,
        "hf_subset": "korean",
        "languages": [
          "kor-Kore"
        ]
      }
    ]
  },
  "evaluation_time": 48.35400724411011,
  "kg_co2_emissions": null
}