{
  "dataset_revision": "d67138e705d963e346253a80e59676ddb418810a",
  "task_name": "MultiLongDocRetrieval",
  "mteb_version": "1.38.57",
  "scores": {
    "test": [
      {
        "ndcg_at_1": 0.27,
        "ndcg_at_3": 0.33667,
        "ndcg_at_5": 0.35064,
        "ndcg_at_10": 0.38972,
        "ndcg_at_20": 0.43796,
        "ndcg_at_100": 0.49048,
        "ndcg_at_1000": 0.49048,
        "map_at_1": 0.27,
        "map_at_3": 0.32,
        "map_at_5": 0.3275,
        "map_at_10": 0.34381,
        "map_at_20": 0.35717,
        "map_at_100": 0.36515,
        "map_at_1000": 0.36515,
        "recall_at_1": 0.27,
        "recall_at_3": 0.385,
        "recall_at_5": 0.42,
        "recall_at_10": 0.54,
        "recall_at_20": 0.73,
        "recall_at_100": 1.0,
        "recall_at_1000": 1.0,
        "precision_at_1": 0.27,
        "precision_at_3": 0.12833,
        "precision_at_5": 0.084,
        "precision_at_10": 0.054,
        "precision_at_20": 0.0365,
        "precision_at_100": 0.01,
        "precision_at_1000": 0.001,
        "mrr_at_1": 0.27,
        "mrr_at_3": 0.321667,
        "mrr_at_5": 0.328917,
        "mrr_at_10": 0.344512,
        "mrr_at_20": 0.357958,
        "mrr_at_100": 0.365995,
        "mrr_at_1000": 0.365995,
        "nauc_ndcg_at_1_max": 0.326876,
        "nauc_ndcg_at_1_std": 0.243845,
        "nauc_ndcg_at_1_diff1": 0.388036,
        "nauc_ndcg_at_3_max": 0.287011,
        "nauc_ndcg_at_3_std": 0.217988,
        "nauc_ndcg_at_3_diff1": 0.346415,
        "nauc_ndcg_at_5_max": 0.281491,
        "nauc_ndcg_at_5_std": 0.214948,
        "nauc_ndcg_at_5_diff1": 0.342421,
        "nauc_ndcg_at_10_max": 0.290467,
        "nauc_ndcg_at_10_std": 0.231542,
        "nauc_ndcg_at_10_diff1": 0.349182,
        "nauc_ndcg_at_20_max": 0.291619,
        "nauc_ndcg_at_20_std": 0.230836,
        "nauc_ndcg_at_20_diff1": 0.35296,
        "nauc_ndcg_at_100_max": 0.294082,
        "nauc_ndcg_at_100_std": 0.22726,
        "nauc_ndcg_at_100_diff1": 0.353188,
        "nauc_ndcg_at_1000_max": 0.294082,
        "nauc_ndcg_at_1000_std": 0.22726,
        "nauc_ndcg_at_1000_diff1": 0.353188,
        "nauc_map_at_1_max": 0.326876,
        "nauc_map_at_1_std": 0.243845,
        "nauc_map_at_1_diff1": 0.388036,
        "nauc_map_at_3_max": 0.295688,
        "nauc_map_at_3_std": 0.223523,
        "nauc_map_at_3_diff1": 0.354949,
        "nauc_map_at_5_max": 0.293051,
        "nauc_map_at_5_std": 0.222194,
        "nauc_map_at_5_diff1": 0.353154,
        "nauc_map_at_10_max": 0.296362,
        "nauc_map_at_10_std": 0.228749,
        "nauc_map_at_10_diff1": 0.354239,
        "nauc_map_at_20_max": 0.297177,
        "nauc_map_at_20_std": 0.228958,
        "nauc_map_at_20_diff1": 0.355745,
        "nauc_map_at_100_max": 0.297373,
        "nauc_map_at_100_std": 0.228058,
        "nauc_map_at_100_diff1": 0.355918,
        "nauc_map_at_1000_max": 0.297373,
        "nauc_map_at_1000_std": 0.228058,
        "nauc_map_at_1000_diff1": 0.355918,
        "nauc_recall_at_1_max": 0.326876,
        "nauc_recall_at_1_std": 0.243845,
        "nauc_recall_at_1_diff1": 0.388036,
        "nauc_recall_at_3_max": 0.263362,
        "nauc_recall_at_3_std": 0.202944,
        "nauc_recall_at_3_diff1": 0.323378,
        "nauc_recall_at_5_max": 0.248594,
        "nauc_recall_at_5_std": 0.194319,
        "nauc_recall_at_5_diff1": 0.312239,
        "nauc_recall_at_10_max": 0.277236,
        "nauc_recall_at_10_std": 0.246965,
        "nauc_recall_at_10_diff1": 0.341196,
        "nauc_recall_at_20_max": 0.273831,
        "nauc_recall_at_20_std": 0.245238,
        "nauc_recall_at_20_diff1": 0.353162,
        "nauc_recall_at_100_max": NaN,
        "nauc_recall_at_100_std": NaN,
        "nauc_recall_at_100_diff1": NaN,
        "nauc_recall_at_1000_max": NaN,
        "nauc_recall_at_1000_std": NaN,
        "nauc_recall_at_1000_diff1": NaN,
        "nauc_precision_at_1_max": 0.326876,
        "nauc_precision_at_1_std": 0.243845,
        "nauc_precision_at_1_diff1": 0.388036,
        "nauc_precision_at_3_max": 0.263362,
        "nauc_precision_at_3_std": 0.202944,
        "nauc_precision_at_3_diff1": 0.323378,
        "nauc_precision_at_5_max": 0.248594,
        "nauc_precision_at_5_std": 0.194319,
        "nauc_precision_at_5_diff1": 0.312239,
        "nauc_precision_at_10_max": 0.277236,
        "nauc_precision_at_10_std": 0.246965,
        "nauc_precision_at_10_diff1": 0.341196,
        "nauc_precision_at_20_max": 0.273831,
        "nauc_precision_at_20_std": 0.245238,
        "nauc_precision_at_20_diff1": 0.353162,
        "nauc_precision_at_100_max": 1.0,
        "nauc_precision_at_100_std": 1.0,
        "nauc_precision_at_100_diff1": 1.0,
        "nauc_precision_at_1000_max": 1.0,
        "nauc_precision_at_1000_std": 1.0,
        "nauc_precision_at_1000_diff1": 1.0,
        "nauc_mrr_at_1_max": 0.326876,
        "nauc_mrr_at_1_std": 0.243845,
        "nauc_mrr_at_1_diff1": 0.388036,
        "nauc_mrr_at_3_max": 0.290588,
        "nauc_mrr_at_3_std": 0.218483,
        "nauc_mrr_at_3_diff1": 0.350434,
        "nauc_mrr_at_5_max": 0.291523,
        "nauc_mrr_at_5_std": 0.219969,
        "nauc_mrr_at_5_diff1": 0.352651,
        "nauc_mrr_at_10_max": 0.294742,
        "nauc_mrr_at_10_std": 0.226975,
        "nauc_mrr_at_10_diff1": 0.353095,
        "nauc_mrr_at_20_max": 0.295604,
        "nauc_mrr_at_20_std": 0.227226,
        "nauc_mrr_at_20_diff1": 0.354601,
        "nauc_mrr_at_100_max": 0.295706,
        "nauc_mrr_at_100_std": 0.226214,
        "nauc_mrr_at_100_diff1": 0.354736,
        "nauc_mrr_at_1000_max": 0.295706,
        "nauc_mrr_at_1000_std": 0.226214,
        "nauc_mrr_at_1000_diff1": 0.354736,
        "main_score": 0.38972,
        "hf_subset": "ko",
        "languages": [
          "kor-Hang"
        ]
      }
    ]
  },
  "evaluation_time": 373.917848110199,
  "kg_co2_emissions": null
}