{
  "dataset_revision": "main",
  "task_name": "PublicHealthQA",
  "mteb_version": "1.38.57",
  "scores": {
    "test": [
      {
        "ndcg_at_1": 0.41558,
        "ndcg_at_3": 0.46475,
        "ndcg_at_5": 0.47537,
        "ndcg_at_10": 0.48462,
        "ndcg_at_20": 0.49763,
        "ndcg_at_100": 0.5002,
        "ndcg_at_1000": 0.5002,
        "map_at_1": 0.41558,
        "map_at_3": 0.45455,
        "map_at_5": 0.46039,
        "map_at_10": 0.46472,
        "map_at_20": 0.46821,
        "map_at_100": 0.46861,
        "map_at_1000": 0.46861,
        "recall_at_1": 0.41558,
        "recall_at_3": 0.49351,
        "recall_at_5": 0.51948,
        "recall_at_10": 0.54545,
        "recall_at_20": 0.5974,
        "recall_at_100": 0.61039,
        "recall_at_1000": 0.61039,
        "precision_at_1": 0.41558,
        "precision_at_3": 0.1645,
        "precision_at_5": 0.1039,
        "precision_at_10": 0.05455,
        "precision_at_20": 0.02987,
        "precision_at_100": 0.0061,
        "precision_at_1000": 0.00061,
        "mrr_at_1": 0.402597,
        "mrr_at_3": 0.448052,
        "mrr_at_5": 0.453896,
        "mrr_at_10": 0.458225,
        "mrr_at_20": 0.461713,
        "mrr_at_100": 0.462119,
        "mrr_at_1000": 0.462119,
        "nauc_ndcg_at_1_max": 0.3674,
        "nauc_ndcg_at_1_std": 0.11971,
        "nauc_ndcg_at_1_diff1": 0.49682,
        "nauc_ndcg_at_3_max": 0.367834,
        "nauc_ndcg_at_3_std": 0.148878,
        "nauc_ndcg_at_3_diff1": 0.43602,
        "nauc_ndcg_at_5_max": 0.346498,
        "nauc_ndcg_at_5_std": 0.130475,
        "nauc_ndcg_at_5_diff1": 0.419104,
        "nauc_ndcg_at_10_max": 0.338707,
        "nauc_ndcg_at_10_std": 0.133906,
        "nauc_ndcg_at_10_diff1": 0.401917,
        "nauc_ndcg_at_20_max": 0.346181,
        "nauc_ndcg_at_20_std": 0.14359,
        "nauc_ndcg_at_20_diff1": 0.41458,
        "nauc_ndcg_at_100_max": 0.348885,
        "nauc_ndcg_at_100_std": 0.143244,
        "nauc_ndcg_at_100_diff1": 0.429361,
        "nauc_ndcg_at_1000_max": 0.348885,
        "nauc_ndcg_at_1000_std": 0.143244,
        "nauc_ndcg_at_1000_diff1": 0.429361,
        "nauc_map_at_1_max": 0.3674,
        "nauc_map_at_1_std": 0.11971,
        "nauc_map_at_1_diff1": 0.49682,
        "nauc_map_at_3_max": 0.367743,
        "nauc_map_at_3_std": 0.142741,
        "nauc_map_at_3_diff1": 0.448812,
        "nauc_map_at_5_max": 0.356108,
        "nauc_map_at_5_std": 0.132563,
        "nauc_map_at_5_diff1": 0.43987,
        "nauc_map_at_10_max": 0.352549,
        "nauc_map_at_10_std": 0.134158,
        "nauc_map_at_10_diff1": 0.432016,
        "nauc_map_at_20_max": 0.354379,
        "nauc_map_at_20_std": 0.136459,
        "nauc_map_at_20_diff1": 0.435577,
        "nauc_map_at_100_max": 0.3548,
        "nauc_map_at_100_std": 0.136401,
        "nauc_map_at_100_diff1": 0.437862,
        "nauc_map_at_1000_max": 0.3548,
        "nauc_map_at_1000_std": 0.136401,
        "nauc_map_at_1000_diff1": 0.437862,
        "nauc_recall_at_1_max": 0.3674,
        "nauc_recall_at_1_std": 0.11971,
        "nauc_recall_at_1_diff1": 0.49682,
        "nauc_recall_at_3_max": 0.368096,
        "nauc_recall_at_3_std": 0.166417,
        "nauc_recall_at_3_diff1": 0.399459,
        "nauc_recall_at_5_max": 0.314658,
        "nauc_recall_at_5_std": 0.121159,
        "nauc_recall_at_5_diff1": 0.35542,
        "nauc_recall_at_10_max": 0.291023,
        "nauc_recall_at_10_std": 0.130917,
        "nauc_recall_at_10_diff1": 0.303466,
        "nauc_recall_at_20_max": 0.322109,
        "nauc_recall_at_20_std": 0.174702,
        "nauc_recall_at_20_diff1": 0.351493,
        "nauc_recall_at_100_max": 0.336651,
        "nauc_recall_at_100_std": 0.173493,
        "nauc_recall_at_100_diff1": 0.432584,
        "nauc_recall_at_1000_max": 0.336651,
        "nauc_recall_at_1000_std": 0.173493,
        "nauc_recall_at_1000_diff1": 0.432584,
        "nauc_precision_at_1_max": 0.3674,
        "nauc_precision_at_1_std": 0.11971,
        "nauc_precision_at_1_diff1": 0.49682,
        "nauc_precision_at_3_max": 0.368096,
        "nauc_precision_at_3_std": 0.166417,
        "nauc_precision_at_3_diff1": 0.399459,
        "nauc_precision_at_5_max": 0.314658,
        "nauc_precision_at_5_std": 0.121159,
        "nauc_precision_at_5_diff1": 0.35542,
        "nauc_precision_at_10_max": 0.291023,
        "nauc_precision_at_10_std": 0.130917,
        "nauc_precision_at_10_diff1": 0.303466,
        "nauc_precision_at_20_max": 0.322109,
        "nauc_precision_at_20_std": 0.174702,
        "nauc_precision_at_20_diff1": 0.351493,
        "nauc_precision_at_100_max": 0.336651,
        "nauc_precision_at_100_std": 0.173493,
        "nauc_precision_at_100_diff1": 0.432584,
        "nauc_precision_at_1000_max": 0.336651,
        "nauc_precision_at_1000_std": 0.173493,
        "nauc_precision_at_1000_diff1": 0.432584,
        "nauc_mrr_at_1_max": 0.370257,
        "nauc_mrr_at_1_std": 0.099018,
        "nauc_mrr_at_1_diff1": 0.530533,
        "nauc_mrr_at_3_max": 0.369194,
        "nauc_mrr_at_3_std": 0.132176,
        "nauc_mrr_at_3_diff1": 0.466049,
        "nauc_mrr_at_5_max": 0.357592,
        "nauc_mrr_at_5_std": 0.121981,
        "nauc_mrr_at_5_diff1": 0.457193,
        "nauc_mrr_at_10_max": 0.354047,
        "nauc_mrr_at_10_std": 0.123526,
        "nauc_mrr_at_10_diff1": 0.449433,
        "nauc_mrr_at_20_max": 0.355878,
        "nauc_mrr_at_20_std": 0.125784,
        "nauc_mrr_at_20_diff1": 0.453047,
        "nauc_mrr_at_100_max": 0.356299,
        "nauc_mrr_at_100_std": 0.125719,
        "nauc_mrr_at_100_diff1": 0.455338,
        "nauc_mrr_at_1000_max": 0.356299,
        "nauc_mrr_at_1000_std": 0.125719,
        "nauc_mrr_at_1000_diff1": 0.455338,
        "main_score": 0.48462,
        "hf_subset": "korean",
        "languages": [
          "kor-Hang"
        ]
      }
    ]
  },
  "evaluation_time": 10.406980514526367,
  "kg_co2_emissions": null
}