{
  "dataset_revision": "c99d599f0a6ab9b85b065da6f9d94f9cf731679f",
  "task_name": "XPQARetrieval",
  "mteb_version": "1.38.57",
  "scores": {
    "test": [
      {
        "ndcg_at_1": 0.36086,
        "ndcg_at_3": 0.4161,
        "ndcg_at_5": 0.45356,
        "ndcg_at_10": 0.49156,
        "ndcg_at_20": 0.53751,
        "ndcg_at_100": 0.5782,
        "ndcg_at_1000": 0.5782,
        "map_at_1": 0.25278,
        "map_at_3": 0.37666,
        "map_at_5": 0.40768,
        "map_at_10": 0.42617,
        "map_at_20": 0.44103,
        "map_at_100": 0.44935,
        "map_at_1000": 0.44935,
        "recall_at_1": 0.25278,
        "recall_at_3": 0.45673,
        "recall_at_5": 0.54651,
        "recall_at_10": 0.65094,
        "recall_at_20": 0.81448,
        "recall_at_100": 1.0,
        "recall_at_1000": 1.0,
        "precision_at_1": 0.36086,
        "precision_at_3": 0.23955,
        "precision_at_5": 0.17523,
        "precision_at_10": 0.10459,
        "precision_at_20": 0.06491,
        "precision_at_100": 0.01564,
        "precision_at_1000": 0.00156,
        "mrr_at_1": 0.360856,
        "mrr_at_3": 0.429154,
        "mrr_at_5": 0.44735,
        "mrr_at_10": 0.461006,
        "mrr_at_20": 0.471283,
        "mrr_at_100": 0.476104,
        "mrr_at_1000": 0.476104,
        "nauc_ndcg_at_1_max": 0.278772,
        "nauc_ndcg_at_1_std": 0.038182,
        "nauc_ndcg_at_1_diff1": 0.376759,
        "nauc_ndcg_at_3_max": 0.202612,
        "nauc_ndcg_at_3_std": -0.019569,
        "nauc_ndcg_at_3_diff1": 0.338289,
        "nauc_ndcg_at_5_max": 0.193399,
        "nauc_ndcg_at_5_std": -0.019299,
        "nauc_ndcg_at_5_diff1": 0.332558,
        "nauc_ndcg_at_10_max": 0.178388,
        "nauc_ndcg_at_10_std": -0.028523,
        "nauc_ndcg_at_10_diff1": 0.325649,
        "nauc_ndcg_at_20_max": 0.189832,
        "nauc_ndcg_at_20_std": -0.017365,
        "nauc_ndcg_at_20_diff1": 0.328482,
        "nauc_ndcg_at_100_max": 0.216383,
        "nauc_ndcg_at_100_std": 0.001387,
        "nauc_ndcg_at_100_diff1": 0.336235,
        "nauc_ndcg_at_1000_max": 0.216383,
        "nauc_ndcg_at_1000_std": 0.001387,
        "nauc_ndcg_at_1000_diff1": 0.336235,
        "nauc_map_at_1_max": 0.19008,
        "nauc_map_at_1_std": -0.054248,
        "nauc_map_at_1_diff1": 0.428435,
        "nauc_map_at_3_max": 0.211156,
        "nauc_map_at_3_std": -0.019484,
        "nauc_map_at_3_diff1": 0.359609,
        "nauc_map_at_5_max": 0.209592,
        "nauc_map_at_5_std": -0.011775,
        "nauc_map_at_5_diff1": 0.346007,
        "nauc_map_at_10_max": 0.202878,
        "nauc_map_at_10_std": -0.014315,
        "nauc_map_at_10_diff1": 0.340596,
        "nauc_map_at_20_max": 0.207815,
        "nauc_map_at_20_std": -0.009894,
        "nauc_map_at_20_diff1": 0.341937,
        "nauc_map_at_100_max": 0.213071,
        "nauc_map_at_100_std": -0.005942,
        "nauc_map_at_100_diff1": 0.342699,
        "nauc_map_at_1000_max": 0.213071,
        "nauc_map_at_1000_std": -0.005942,
        "nauc_map_at_1000_diff1": 0.342699,
        "nauc_recall_at_1_max": 0.19008,
        "nauc_recall_at_1_std": -0.054248,
        "nauc_recall_at_1_diff1": 0.428435,
        "nauc_recall_at_3_max": 0.136229,
        "nauc_recall_at_3_std": -0.070526,
        "nauc_recall_at_3_diff1": 0.312524,
        "nauc_recall_at_5_max": 0.116084,
        "nauc_recall_at_5_std": -0.066703,
        "nauc_recall_at_5_diff1": 0.289377,
        "nauc_recall_at_10_max": 0.055082,
        "nauc_recall_at_10_std": -0.10987,
        "nauc_recall_at_10_diff1": 0.264401,
        "nauc_recall_at_20_max": 0.016073,
        "nauc_recall_at_20_std": -0.126127,
        "nauc_recall_at_20_diff1": 0.246418,
        "nauc_recall_at_100_max": NaN,
        "nauc_recall_at_100_std": NaN,
        "nauc_recall_at_100_diff1": NaN,
        "nauc_recall_at_1000_max": NaN,
        "nauc_recall_at_1000_std": NaN,
        "nauc_recall_at_1000_diff1": NaN,
        "nauc_precision_at_1_max": 0.278772,
        "nauc_precision_at_1_std": 0.038182,
        "nauc_precision_at_1_diff1": 0.376759,
        "nauc_precision_at_3_max": 0.230351,
        "nauc_precision_at_3_std": 0.09159,
        "nauc_precision_at_3_diff1": 0.161275,
        "nauc_precision_at_5_max": 0.188918,
        "nauc_precision_at_5_std": 0.094987,
        "nauc_precision_at_5_diff1": 0.096034,
        "nauc_precision_at_10_max": 0.149084,
        "nauc_precision_at_10_std": 0.093961,
        "nauc_precision_at_10_diff1": 0.047922,
        "nauc_precision_at_20_max": 0.173528,
        "nauc_precision_at_20_std": 0.157597,
        "nauc_precision_at_20_diff1": -0.011448,
        "nauc_precision_at_100_max": 0.229013,
        "nauc_precision_at_100_std": 0.254202,
        "nauc_precision_at_100_diff1": -0.101856,
        "nauc_precision_at_1000_max": 0.229013,
        "nauc_precision_at_1000_std": 0.254202,
        "nauc_precision_at_1000_diff1": -0.101856,
        "nauc_mrr_at_1_max": 0.278772,
        "nauc_mrr_at_1_std": 0.038182,
        "nauc_mrr_at_1_diff1": 0.376759,
        "nauc_mrr_at_3_max": 0.232914,
        "nauc_mrr_at_3_std": 0.008143,
        "nauc_mrr_at_3_diff1": 0.345035,
        "nauc_mrr_at_5_max": 0.227761,
        "nauc_mrr_at_5_std": 0.007622,
        "nauc_mrr_at_5_diff1": 0.340487,
        "nauc_mrr_at_10_max": 0.22344,
        "nauc_mrr_at_10_std": 0.003125,
        "nauc_mrr_at_10_diff1": 0.341795,
        "nauc_mrr_at_20_max": 0.226839,
        "nauc_mrr_at_20_std": 0.00662,
        "nauc_mrr_at_20_diff1": 0.341966,
        "nauc_mrr_at_100_max": 0.22817,
        "nauc_mrr_at_100_std": 0.006988,
        "nauc_mrr_at_100_diff1": 0.342879,
        "nauc_mrr_at_1000_max": 0.22817,
        "nauc_mrr_at_1000_std": 0.006988,
        "nauc_mrr_at_1000_diff1": 0.342879,
        "main_score": 0.49156,
        "hf_subset": "kor-kor",
        "languages": [
          "kor-Hang",
          "kor-Hang"
        ]
      },
      {
        "ndcg_at_1": 0.05657,
        "ndcg_at_3": 0.04277,
        "ndcg_at_5": 0.04453,
        "ndcg_at_10": 0.04575,
        "ndcg_at_20": 0.04648,
        "ndcg_at_100": 0.04693,
        "ndcg_at_1000": 0.04693,
        "map_at_1": 0.03094,
        "map_at_3": 0.03495,
        "map_at_5": 0.03642,
        "map_at_10": 0.03689,
        "map_at_20": 0.03707,
        "map_at_100": 0.03715,
        "map_at_1000": 0.03715,
        "recall_at_1": 0.03094,
        "recall_at_3": 0.03805,
        "recall_at_5": 0.04498,
        "recall_at_10": 0.04817,
        "recall_at_20": 0.05122,
        "recall_at_100": 0.05306,
        "recall_at_1000": 0.05306,
        "precision_at_1": 0.05657,
        "precision_at_3": 0.02396,
        "precision_at_5": 0.01682,
        "precision_at_10": 0.00902,
        "precision_at_20": 0.00466,
        "precision_at_100": 0.00096,
        "precision_at_1000": 0.0001,
        "mrr_at_1": 0.056575,
        "mrr_at_3": 0.061927,
        "mrr_at_5": 0.063991,
        "mrr_at_10": 0.064835,
        "mrr_at_20": 0.065014,
        "mrr_at_100": 0.065142,
        "mrr_at_1000": 0.065142,
        "nauc_ndcg_at_1_max": 0.40789,
        "nauc_ndcg_at_1_std": 0.269344,
        "nauc_ndcg_at_1_diff1": 0.522484,
        "nauc_ndcg_at_3_max": 0.330256,
        "nauc_ndcg_at_3_std": 0.219934,
        "nauc_ndcg_at_3_diff1": 0.401391,
        "nauc_ndcg_at_5_max": 0.326422,
        "nauc_ndcg_at_5_std": 0.230766,
        "nauc_ndcg_at_5_diff1": 0.357633,
        "nauc_ndcg_at_10_max": 0.324644,
        "nauc_ndcg_at_10_std": 0.234703,
        "nauc_ndcg_at_10_diff1": 0.339687,
        "nauc_ndcg_at_20_max": 0.317245,
        "nauc_ndcg_at_20_std": 0.228717,
        "nauc_ndcg_at_20_diff1": 0.329102,
        "nauc_ndcg_at_100_max": 0.322177,
        "nauc_ndcg_at_100_std": 0.234493,
        "nauc_ndcg_at_100_diff1": 0.333921,
        "nauc_ndcg_at_1000_max": 0.322177,
        "nauc_ndcg_at_1000_std": 0.234493,
        "nauc_ndcg_at_1000_diff1": 0.333921,
        "nauc_map_at_1_max": 0.320639,
        "nauc_map_at_1_std": 0.194451,