{
  "dataset_revision": "fd7df84ac089bbec763b1c6bb1b56e985df5cc5c",
  "task_name": "AutoRAGRetrieval",
  "mteb_version": "1.15.4",
  "scores": {
    "test": [
      {
        "ndcg_at_1": 0.76316,
        "ndcg_at_3": 0.87803,
        "ndcg_at_5": 0.88859,
        "ndcg_at_10": 0.89171,
        "ndcg_at_20": 0.89416,
        "ndcg_at_100": 0.89416,
        "ndcg_at_1000": 0.89416,
        "map_at_1": 0.76316,
        "map_at_3": 0.85088,
        "map_at_5": 0.85658,
        "map_at_10": 0.85804,
        "map_at_20": 0.85884,
        "map_at_100": 0.85884,
        "map_at_1000": 0.85884,
        "recall_at_1": 0.76316,
        "recall_at_3": 0.95614,
        "recall_at_5": 0.98246,
        "recall_at_10": 0.99123,
        "recall_at_20": 1.0,
        "recall_at_100": 1.0,
        "recall_at_1000": 1.0,
        "precision_at_1": 0.76316,
        "precision_at_3": 0.31871,
        "precision_at_5": 0.19649,
        "precision_at_10": 0.09912,
        "precision_at_20": 0.05,
        "precision_at_100": 0.01,
        "precision_at_1000": 0.001,
        "mrr_at_1": 0.763158,
        "mrr_at_3": 0.850877,
        "mrr_at_5": 0.856579,
        "mrr_at_10": 0.858041,
        "mrr_at_20": 0.858838,
        "mrr_at_100": 0.858838,
        "mrr_at_1000": 0.858838,
        "nauc_ndcg_at_1_max": 0.476497,
        "nauc_ndcg_at_1_std": 0.08065,
        "nauc_ndcg_at_1_diff1": 0.882627,
        "nauc_ndcg_at_3_max": 0.457882,
        "nauc_ndcg_at_3_std": 0.062728,
        "nauc_ndcg_at_3_diff1": 0.820415,
        "nauc_ndcg_at_5_max": 0.44477,
        "nauc_ndcg_at_5_std": 0.034872,
        "nauc_ndcg_at_5_diff1": 0.842659,
        "nauc_ndcg_at_10_max": 0.44132,
        "nauc_ndcg_at_10_std": 0.041276,
        "nauc_ndcg_at_10_diff1": 0.837725,
        "nauc_ndcg_at_20_max": 0.44343,
        "nauc_ndcg_at_20_std": 0.046578,
        "nauc_ndcg_at_20_diff1": 0.849815,
        "nauc_ndcg_at_100_max": 0.44343,
        "nauc_ndcg_at_100_std": 0.046578,
        "nauc_ndcg_at_100_diff1": 0.849815,
        "nauc_ndcg_at_1000_max": 0.44343,
        "nauc_ndcg_at_1000_std": 0.046578,
        "nauc_ndcg_at_1000_diff1": 0.849815,
        "nauc_map_at_1_max": 0.476497,
        "nauc_map_at_1_std": 0.08065,
        "nauc_map_at_1_diff1": 0.882627,
        "nauc_map_at_3_max": 0.450918,
        "nauc_map_at_3_std": 0.055717,
        "nauc_map_at_3_diff1": 0.841959,
        "nauc_map_at_5_max": 0.44551,
        "nauc_map_at_5_std": 0.044599,
        "nauc_map_at_5_diff1": 0.851775,
        "nauc_map_at_10_max": 0.444284,
        "nauc_map_at_10_std": 0.047001,
        "nauc_map_at_10_diff1": 0.850111,
        "nauc_map_at_20_max": 0.444818,
        "nauc_map_at_20_std": 0.048333,
        "nauc_map_at_20_diff1": 0.853146,
        "nauc_map_at_100_max": 0.444818,
        "nauc_map_at_100_std": 0.048333,
        "nauc_map_at_100_diff1": 0.853146,
        "nauc_map_at_1000_max": 0.444818,
        "nauc_map_at_1000_std": 0.048333,
        "nauc_map_at_1000_diff1": 0.853146,
        "nauc_recall_at_1_max": 0.476497,
        "nauc_recall_at_1_std": 0.08065,
        "nauc_recall_at_1_diff1": 0.882627,
        "nauc_recall_at_3_max": 0.538873,
        "nauc_recall_at_3_std": 0.143867,
        "nauc_recall_at_3_diff1": 0.627921,
        "nauc_recall_at_5_max": 0.456144,
        "nauc_recall_at_5_std": -0.169326,
        "nauc_recall_at_5_diff1": 0.678764,
        "nauc_recall_at_10_max": 0.357528,
        "nauc_recall_at_10_std": -0.169326,
        "nauc_recall_at_10_diff1": 0.357528,
        "nauc_recall_at_20_max": NaN,
        "nauc_recall_at_20_std": NaN,
        "nauc_recall_at_20_diff1": NaN,
        "nauc_recall_at_100_max": NaN,
        "nauc_recall_at_100_std": NaN,
        "nauc_recall_at_100_diff1": NaN,
        "nauc_recall_at_1000_max": NaN,
        "nauc_recall_at_1000_std": NaN,
        "nauc_recall_at_1000_diff1": NaN,
        "nauc_precision_at_1_max": 0.476497,
        "nauc_precision_at_1_std": 0.08065,
        "nauc_precision_at_1_diff1": 0.882627,
        "nauc_precision_at_3_max": 0.538873,
        "nauc_precision_at_3_std": 0.143867,
        "nauc_precision_at_3_diff1": 0.627921,
        "nauc_precision_at_5_max": 0.456144,
        "nauc_precision_at_5_std": -0.169326,
        "nauc_precision_at_5_diff1": 0.678764,
        "nauc_precision_at_10_max": 0.357528,
        "nauc_precision_at_10_std": -0.169326,
        "nauc_precision_at_10_diff1": 0.357528,
        "nauc_precision_at_20_max": 1.0,
        "nauc_precision_at_20_std": 1.0,
        "nauc_precision_at_20_diff1": 1.0,
        "nauc_precision_at_100_max": 1.0,
        "nauc_precision_at_100_std": 1.0,
        "nauc_precision_at_100_diff1": 1.0,
        "nauc_precision_at_1000_max": 1.0,
        "nauc_precision_at_1000_std": 1.0,
        "nauc_precision_at_1000_diff1": 1.0,
        "nauc_mrr_at_1_max": 0.476497,
        "nauc_mrr_at_1_std": 0.08065,
        "nauc_mrr_at_1_diff1": 0.882627,
        "nauc_mrr_at_3_max": 0.450918,
        "nauc_mrr_at_3_std": 0.055717,
        "nauc_mrr_at_3_diff1": 0.841959,
        "nauc_mrr_at_5_max": 0.44551,
        "nauc_mrr_at_5_std": 0.044599,
        "nauc_mrr_at_5_diff1": 0.851775,
        "nauc_mrr_at_10_max": 0.444284,
        "nauc_mrr_at_10_std": 0.047001,
        "nauc_mrr_at_10_diff1": 0.850111,
        "nauc_mrr_at_20_max": 0.444818,
        "nauc_mrr_at_20_std": 0.048333,
        "nauc_mrr_at_20_diff1": 0.853146,
        "nauc_mrr_at_100_max": 0.444818,
        "nauc_mrr_at_100_std": 0.048333,
        "nauc_mrr_at_100_diff1": 0.853146,
        "nauc_mrr_at_1000_max": 0.444818,
        "nauc_mrr_at_1000_std": 0.048333,
        "nauc_mrr_at_1000_diff1": 0.853146,
        "main_score": 0.89171,
        "hf_subset": "default",
        "languages": [
          "kor-Hang"
        ]
      }
    ]
  },
  "evaluation_time": 18.566166400909424,
  "kg_co2_emissions": null
}