{
  "dataset_revision": "75b399394a9803252cfec289d103de462763db7c",
  "task_name": "BelebeleRetrieval",
  "mteb_version": "1.15.4",
  "scores": {
    "test": [
      {
        "ndcg_at_1": 0.73111,
        "ndcg_at_3": 0.81403,
        "ndcg_at_5": 0.82852,
        "ndcg_at_10": 0.83964,
        "ndcg_at_20": 0.84418,
        "ndcg_at_100": 0.84866,
        "ndcg_at_1000": 0.85081,
        "map_at_1": 0.73111,
        "map_at_3": 0.79389,
        "map_at_5": 0.80183,
        "map_at_10": 0.80641,
        "map_at_20": 0.80768,
        "map_at_100": 0.80835,
        "map_at_1000": 0.80844,
        "recall_at_1": 0.73111,
        "recall_at_3": 0.87222,
        "recall_at_5": 0.90778,
        "recall_at_10": 0.94222,
        "recall_at_20": 0.96,
        "recall_at_100": 0.98333,
        "recall_at_1000": 1.0,
        "precision_at_1": 0.73111,
        "precision_at_3": 0.29074,
        "precision_at_5": 0.18156,
        "precision_at_10": 0.09422,
        "precision_at_20": 0.048,
        "precision_at_100": 0.00983,
        "precision_at_1000": 0.001,
        "mrr_at_1": 0.731111,
        "mrr_at_3": 0.793889,
        "mrr_at_5": 0.801833,
        "mrr_at_10": 0.806414,
        "mrr_at_20": 0.807685,
        "mrr_at_100": 0.808355,
        "mrr_at_1000": 0.808437,
        "nauc_ndcg_at_1_max": 0.78443,
        "nauc_ndcg_at_1_std": 0.304736,
        "nauc_ndcg_at_1_diff1": 0.791516,
        "nauc_ndcg_at_3_max": 0.789738,
        "nauc_ndcg_at_3_std": 0.314599,
        "nauc_ndcg_at_3_diff1": 0.758378,
        "nauc_ndcg_at_5_max": 0.793983,
        "nauc_ndcg_at_5_std": 0.333302,
        "nauc_ndcg_at_5_diff1": 0.762737,
        "nauc_ndcg_at_10_max": 0.791333,
        "nauc_ndcg_at_10_std": 0.322545,
        "nauc_ndcg_at_10_diff1": 0.764809,
        "nauc_ndcg_at_20_max": 0.790123,
        "nauc_ndcg_at_20_std": 0.320961,
        "nauc_ndcg_at_20_diff1": 0.766571,
        "nauc_ndcg_at_100_max": 0.788623,
        "nauc_ndcg_at_100_std": 0.320162,
        "nauc_ndcg_at_100_diff1": 0.76666,
        "nauc_ndcg_at_1000_max": 0.789126,
        "nauc_ndcg_at_1000_std": 0.319237,
        "nauc_ndcg_at_1000_diff1": 0.767916,
        "nauc_map_at_1_max": 0.78443,
        "nauc_map_at_1_std": 0.304736,
        "nauc_map_at_1_diff1": 0.791516,
        "nauc_map_at_3_max": 0.788,
        "nauc_map_at_3_std": 0.311231,
        "nauc_map_at_3_diff1": 0.767022,
        "nauc_map_at_5_max": 0.789768,
        "nauc_map_at_5_std": 0.320172,
        "nauc_map_at_5_diff1": 0.769368,
        "nauc_map_at_10_max": 0.788745,
        "nauc_map_at_10_std": 0.31589,
        "nauc_map_at_10_diff1": 0.770398,
        "nauc_map_at_20_max": 0.788396,
        "nauc_map_at_20_std": 0.315497,
        "nauc_map_at_20_diff1": 0.770747,
        "nauc_map_at_100_max": 0.788234,
        "nauc_map_at_100_std": 0.31566,
        "nauc_map_at_100_diff1": 0.770677,
        "nauc_map_at_1000_max": 0.788277,
        "nauc_map_at_1000_std": 0.315668,
        "nauc_map_at_1000_diff1": 0.770739,
        "nauc_recall_at_1_max": 0.78443,
        "nauc_recall_at_1_std": 0.304736,
        "nauc_recall_at_1_diff1": 0.791516,
        "nauc_recall_at_3_max": 0.797376,
        "nauc_recall_at_3_std": 0.329474,
        "nauc_recall_at_3_diff1": 0.721677,
        "nauc_recall_at_5_max": 0.819536,
        "nauc_recall_at_5_std": 0.412698,
        "nauc_recall_at_5_diff1": 0.728061,
        "nauc_recall_at_10_max": 0.813896,
        "nauc_recall_at_10_std": 0.378995,
        "nauc_recall_at_10_diff1": 0.721378,
        "nauc_recall_at_20_max": 0.808733,
        "nauc_recall_at_20_std": 0.381354,
        "nauc_recall_at_20_diff1": 0.729731,
        "nauc_recall_at_100_max": 0.768472,
        "nauc_recall_at_100_std": 0.395238,
        "nauc_recall_at_100_diff1": 0.695705,
        "nauc_recall_at_1000_max": NaN,
        "nauc_recall_at_1000_std": NaN,
        "nauc_recall_at_1000_diff1": NaN,
        "nauc_precision_at_1_max": 0.78443,
        "nauc_precision_at_1_std": 0.304736,
        "nauc_precision_at_1_diff1": 0.791516,
        "nauc_precision_at_3_max": 0.797376,
        "nauc_precision_at_3_std": 0.329474,
        "nauc_precision_at_3_diff1": 0.721677,
        "nauc_precision_at_5_max": 0.819536,
        "nauc_precision_at_5_std": 0.412698,
        "nauc_precision_at_5_diff1": 0.728061,
        "nauc_precision_at_10_max": 0.813896,
        "nauc_precision_at_10_std": 0.378995,
        "nauc_precision_at_10_diff1": 0.721378,
        "nauc_precision_at_20_max": 0.808733,
        "nauc_precision_at_20_std": 0.381354,
        "nauc_precision_at_20_diff1": 0.729731,
        "nauc_precision_at_100_max": 0.768472,
        "nauc_precision_at_100_std": 0.395238,
        "nauc_precision_at_100_diff1": 0.695705,
        "nauc_precision_at_1000_max": NaN,
        "nauc_precision_at_1000_std": NaN,
        "nauc_precision_at_1000_diff1": NaN,
        "nauc_mrr_at_1_max": 0.78443,
        "nauc_mrr_at_1_std": 0.304736,
        "nauc_mrr_at_1_diff1": 0.791516,
        "nauc_mrr_at_3_max": 0.788,
        "nauc_mrr_at_3_std": 0.311231,
        "nauc_mrr_at_3_diff1": 0.767022,
        "nauc_mrr_at_5_max": 0.789768,
        "nauc_mrr_at_5_std": 0.320172,
        "nauc_mrr_at_5_diff1": 0.769368,
        "nauc_mrr_at_10_max": 0.788745,
        "nauc_mrr_at_10_std": 0.31589,
        "nauc_mrr_at_10_diff1": 0.770398,
        "nauc_mrr_at_20_max": 0.788396,
        "nauc_mrr_at_20_std": 0.315497,
        "nauc_mrr_at_20_diff1": 0.770747,
        "nauc_mrr_at_100_max": 0.788234,
        "nauc_mrr_at_100_std": 0.315659,
        "nauc_mrr_at_100_diff1": 0.770676,
        "nauc_mrr_at_1000_max": 0.788277,
        "nauc_mrr_at_1000_std": 0.315667,
        "nauc_mrr_at_1000_diff1": 0.770739,
        "main_score": 0.83964,
        "hf_subset": "kor_Hang-kor_Hang",
        "languages": [
          "kor-Hang",
          "kor-Hang"
        ]
      },
      {
        "ndcg_at_1": 0.07667,
        "ndcg_at_3": 0.0966,
        "ndcg_at_5": 0.10482,
        "ndcg_at_10": 0.11669,
        "ndcg_at_20": 0.12263,
        "ndcg_at_100": 0.14811,
        "ndcg_at_1000": 0.2298,
        "map_at_1": 0.07667,
        "map_at_3": 0.09093,
        "map_at_5": 0.09548,
        "map_at_10": 0.10039,
        "map_at_20": 0.10204,
        "map_at_100": 0.10486,
        "map_at_1000": 0.10749,
        "recall_at_1": 0.07667,
        "recall_at_3": 0.11333,
        "recall_at_5": 0.13333,
        "recall_at_10": 0.17,
        "recall_at_20": 0.19333,
        "recall_at_100": 0.34111,
        "recall_at_1000": 1.0,
        "precision_at_1": 0.07667,
        "precision_at_3": 0.03778,
        "precision_at_5": 0.02667,
        "precision_at_10": 0.017,
        "precision_at_20": 0.00967,
        "precision_at_100": 0.00341,
        "precision_at_1000": 0.001,
        "mrr_at_1": 0.076667,
        "mrr_at_3": 0.090926,
        "mrr_at_5": 0.095481,
        "mrr_at_10": 0.100637,
        "mrr_at_20": 0.102192,
        "mrr_at_100": 0.105139,
        "mrr_at_1000": 0.107875,
        "nauc_ndcg_at_1_max": 0.454883,
        "nauc_ndcg_at_1_std": 0.151402,
        "nauc_ndcg_at_1_diff1": 0.556122,
        "nauc_ndcg_at_3_max": 0.345607,
        "nauc_ndcg_at_3_std": 0.114821,
        "nauc_ndcg_at_3_diff1": 0.420198,
        "nauc_ndcg_at_5_max": 0.324516,
        "nauc_ndcg_at_5_std": 0.111556,
        "nauc_ndcg_at_5_diff1": 0.393184,
        "nauc_ndcg_at_10_max": 0.312879,
        "nauc_ndcg_at_10_std": 0.130266,
        "nauc_ndcg_at_10_diff1": 0.370356,
        "nauc_ndcg_at_20_max": 0.300577,
        "nauc_ndcg_at_20_std": 0.138566,
        "nauc_ndcg_at_20_diff1": 0.357313,
        "nauc_ndcg_at_100_max": 0.285955,
        "nauc_ndcg_at_100_std": 0.139521,
        "nauc_ndcg_at_100_diff1": 0.327926,
        "nauc_ndcg_at_1000_max": 0.311748,
        "nauc_ndcg_at_1000_std": 0.133609,
        "nauc_ndcg_at_1000_diff1": 0.370228,
        "nauc_map_at_1_max": 0.454883,
        "nauc_map_at_1_std": 0.151402,
        "nauc_map_at_1_diff1": 0.556122,