{
  "dataset_revision": "d243889a3eb6654029dbd7e7f9319ae31d58f97c",
  "task_name": "Ko-StrategyQA",
  "mteb_version": "1.15.4",
  "scores": {
    "dev": [
      {
        "ndcg_at_1": 0.36655,
        "ndcg_at_3": 0.40062,
        "ndcg_at_5": 0.44062,
        "ndcg_at_10": 0.47826,
        "ndcg_at_20": 0.50156,
        "ndcg_at_100": 0.52717,
        "ndcg_at_1000": 0.53816,
        "map_at_1": 0.23538,
        "map_at_3": 0.35165,
        "map_at_5": 0.38059,
        "map_at_10": 0.40116,
        "map_at_20": 0.40957,
        "map_at_100": 0.41469,
        "map_at_1000": 0.41522,
        "recall_at_1": 0.23538,
        "recall_at_3": 0.43242,
        "recall_at_5": 0.51587,
        "recall_at_10": 0.61246,
        "recall_at_20": 0.68763,
        "recall_at_100": 0.79821,
        "recall_at_1000": 0.8685,
        "precision_at_1": 0.36655,
        "precision_at_3": 0.24268,
        "precision_at_5": 0.17872,
        "precision_at_10": 0.10777,
        "precision_at_20": 0.06149,
        "precision_at_100": 0.01471,
        "precision_at_1000": 0.00163,
        "mrr_at_1": 0.366554,
        "mrr_at_3": 0.456644,
        "mrr_at_5": 0.474296,
        "mrr_at_10": 0.485146,
        "mrr_at_20": 0.489296,
        "mrr_at_100": 0.49122,
        "mrr_at_1000": 0.491424,
        "nauc_ndcg_at_1_max": 0.546569,
        "nauc_ndcg_at_1_std": 0.313135,
        "nauc_ndcg_at_1_diff1": 0.271703,
        "nauc_ndcg_at_3_max": 0.472408,
        "nauc_ndcg_at_3_std": 0.27645,
        "nauc_ndcg_at_3_diff1": 0.205257,
        "nauc_ndcg_at_5_max": 0.483469,
        "nauc_ndcg_at_5_std": 0.282674,
        "nauc_ndcg_at_5_diff1": 0.201826,
        "nauc_ndcg_at_10_max": 0.488892,
        "nauc_ndcg_at_10_std": 0.310168,
        "nauc_ndcg_at_10_diff1": 0.195745,
        "nauc_ndcg_at_20_max": 0.489878,
        "nauc_ndcg_at_20_std": 0.320149,
        "nauc_ndcg_at_20_diff1": 0.191895,
        "nauc_ndcg_at_100_max": 0.499556,
        "nauc_ndcg_at_100_std": 0.340902,
        "nauc_ndcg_at_100_diff1": 0.188698,
        "nauc_ndcg_at_1000_max": 0.498343,
        "nauc_ndcg_at_1000_std": 0.336561,
        "nauc_ndcg_at_1000_diff1": 0.192315,
        "nauc_map_at_1_max": 0.416651,
        "nauc_map_at_1_std": 0.210376,
        "nauc_map_at_1_diff1": 0.298376,
        "nauc_map_at_3_max": 0.460115,
        "nauc_map_at_3_std": 0.253871,
        "nauc_map_at_3_diff1": 0.222201,
        "nauc_map_at_5_max": 0.472852,
        "nauc_map_at_5_std": 0.267648,
        "nauc_map_at_5_diff1": 0.217824,
        "nauc_map_at_10_max": 0.478812,
        "nauc_map_at_10_std": 0.284844,
        "nauc_map_at_10_diff1": 0.215453,
        "nauc_map_at_20_max": 0.479487,
        "nauc_map_at_20_std": 0.287389,
        "nauc_map_at_20_diff1": 0.214428,
        "nauc_map_at_100_max": 0.482218,
        "nauc_map_at_100_std": 0.290962,
        "nauc_map_at_100_diff1": 0.213929,
        "nauc_map_at_1000_max": 0.482217,
        "nauc_map_at_1000_std": 0.290826,
        "nauc_map_at_1000_diff1": 0.214173,
        "nauc_recall_at_1_max": 0.416651,
        "nauc_recall_at_1_std": 0.210376,
        "nauc_recall_at_1_diff1": 0.298376,
        "nauc_recall_at_3_max": 0.404515,
        "nauc_recall_at_3_std": 0.240584,
        "nauc_recall_at_3_diff1": 0.154975,
        "nauc_recall_at_5_max": 0.412374,
        "nauc_recall_at_5_std": 0.249306,
        "nauc_recall_at_5_diff1": 0.138579,
        "nauc_recall_at_10_max": 0.406631,
        "nauc_recall_at_10_std": 0.314269,
        "nauc_recall_at_10_diff1": 0.110722,
        "nauc_recall_at_20_max": 0.398572,
        "nauc_recall_at_20_std": 0.353302,
        "nauc_recall_at_20_diff1": 0.090929,
        "nauc_recall_at_100_max": 0.434599,
        "nauc_recall_at_100_std": 0.51715,
        "nauc_recall_at_100_diff1": 0.035268,
        "nauc_recall_at_1000_max": 0.405269,
        "nauc_recall_at_1000_std": 0.559241,
        "nauc_recall_at_1000_diff1": 0.016476,
        "nauc_precision_at_1_max": 0.546569,
        "nauc_precision_at_1_std": 0.313135,
        "nauc_precision_at_1_diff1": 0.271703,
        "nauc_precision_at_3_max": 0.514209,
        "nauc_precision_at_3_std": 0.324839,
        "nauc_precision_at_3_diff1": 0.11639,
        "nauc_precision_at_5_max": 0.467736,
        "nauc_precision_at_5_std": 0.316513,
        "nauc_precision_at_5_diff1": 0.080695,
        "nauc_precision_at_10_max": 0.431085,
        "nauc_precision_at_10_std": 0.34434,
        "nauc_precision_at_10_diff1": 0.051977,
        "nauc_precision_at_20_max": 0.383901,
        "nauc_precision_at_20_std": 0.343389,
        "nauc_precision_at_20_diff1": 0.007112,
        "nauc_precision_at_100_max": 0.319752,
        "nauc_precision_at_100_std": 0.359034,
        "nauc_precision_at_100_diff1": -0.047277,
        "nauc_precision_at_1000_max": 0.234866,
        "nauc_precision_at_1000_std": 0.277373,
        "nauc_precision_at_1000_diff1": -0.056987,
        "nauc_mrr_at_1_max": 0.546569,
        "nauc_mrr_at_1_std": 0.313135,
        "nauc_mrr_at_1_diff1": 0.271703,
        "nauc_mrr_at_3_max": 0.530547,
        "nauc_mrr_at_3_std": 0.31982,
        "nauc_mrr_at_3_diff1": 0.222043,
        "nauc_mrr_at_5_max": 0.531873,
        "nauc_mrr_at_5_std": 0.316815,
        "nauc_mrr_at_5_diff1": 0.222738,
        "nauc_mrr_at_10_max": 0.529131,
        "nauc_mrr_at_10_std": 0.322532,
        "nauc_mrr_at_10_diff1": 0.219101,
        "nauc_mrr_at_20_max": 0.529393,
        "nauc_mrr_at_20_std": 0.325088,
        "nauc_mrr_at_20_diff1": 0.218613,
        "nauc_mrr_at_100_max": 0.529614,
        "nauc_mrr_at_100_std": 0.325517,
        "nauc_mrr_at_100_diff1": 0.219622,
        "nauc_mrr_at_1000_max": 0.529556,
        "nauc_mrr_at_1000_std": 0.325317,
        "nauc_mrr_at_1000_diff1": 0.219701,
        "main_score": 0.47826,
        "hf_subset": "default",
        "languages": [
          "kor-Hang"
        ]
      }
    ]
  },
  "evaluation_time": 58.64104652404785,
  "kg_co2_emissions": null
}