{
  "dataset_revision": "main",
  "task_name": "PublicHealthQA",
  "mteb_version": "1.15.4",
  "scores": {
    "test": [
      {
        "ndcg_at_1": 0.51948,
        "ndcg_at_3": 0.62909,
        "ndcg_at_5": 0.64976,
        "ndcg_at_10": 0.67457,
        "ndcg_at_20": 0.70506,
        "ndcg_at_100": 0.71549,
        "ndcg_at_1000": 0.71549,
        "map_at_1": 0.51948,
        "map_at_3": 0.6039,
        "map_at_5": 0.61494,
        "map_at_10": 0.62494,
        "map_at_20": 0.63383,
        "map_at_100": 0.63554,
        "map_at_1000": 0.63554,
        "recall_at_1": 0.51948,
        "recall_at_3": 0.7013,
        "recall_at_5": 0.75325,
        "recall_at_10": 0.83117,
        "recall_at_20": 0.94805,
        "recall_at_100": 1.0,
        "recall_at_1000": 1.0,
        "precision_at_1": 0.51948,
        "precision_at_3": 0.23377,
        "precision_at_5": 0.15065,
        "precision_at_10": 0.08312,
        "precision_at_20": 0.0474,
        "precision_at_100": 0.01,
        "precision_at_1000": 0.001,
        "mrr_at_1": 0.519481,
        "mrr_at_3": 0.603896,
        "mrr_at_5": 0.614935,
        "mrr_at_10": 0.624943,
        "mrr_at_20": 0.633826,
        "mrr_at_100": 0.635545,
        "mrr_at_1000": 0.635545,
        "nauc_ndcg_at_1_max": 0.293744,
        "nauc_ndcg_at_1_std": -0.058992,
        "nauc_ndcg_at_1_diff1": 0.621124,
        "nauc_ndcg_at_3_max": 0.396247,
        "nauc_ndcg_at_3_std": 0.095027,
        "nauc_ndcg_at_3_diff1": 0.621669,
        "nauc_ndcg_at_5_max": 0.392992,
        "nauc_ndcg_at_5_std": 0.066058,
        "nauc_ndcg_at_5_diff1": 0.64286,
        "nauc_ndcg_at_10_max": 0.421086,
        "nauc_ndcg_at_10_std": 0.111264,
        "nauc_ndcg_at_10_diff1": 0.645981,
        "nauc_ndcg_at_20_max": 0.395992,
        "nauc_ndcg_at_20_std": 0.087421,
        "nauc_ndcg_at_20_diff1": 0.645477,
        "nauc_ndcg_at_100_max": 0.377603,
        "nauc_ndcg_at_100_std": 0.060324,
        "nauc_ndcg_at_100_diff1": 0.638661,
        "nauc_ndcg_at_1000_max": 0.377603,
        "nauc_ndcg_at_1000_std": 0.060324,
        "nauc_ndcg_at_1000_diff1": 0.638661,
        "nauc_map_at_1_max": 0.293744,
        "nauc_map_at_1_std": -0.058992,
        "nauc_map_at_1_diff1": 0.621124,
        "nauc_map_at_3_max": 0.371985,
        "nauc_map_at_3_std": 0.058908,
        "nauc_map_at_3_diff1": 0.62337,
        "nauc_map_at_5_max": 0.369671,
        "nauc_map_at_5_std": 0.043569,
        "nauc_map_at_5_diff1": 0.634409,
        "nauc_map_at_10_max": 0.378148,
        "nauc_map_at_10_std": 0.05944,
        "nauc_map_at_10_diff1": 0.636317,
        "nauc_map_at_20_max": 0.369999,
        "nauc_map_at_20_std": 0.050726,
        "nauc_map_at_20_diff1": 0.63622,
        "nauc_map_at_100_max": 0.367561,
        "nauc_map_at_100_std": 0.047059,
        "nauc_map_at_100_diff1": 0.635228,
        "nauc_map_at_1000_max": 0.367561,
        "nauc_map_at_1000_std": 0.047059,
        "nauc_map_at_1000_diff1": 0.635228,
        "nauc_recall_at_1_max": 0.293744,
        "nauc_recall_at_1_std": -0.058992,
        "nauc_recall_at_1_diff1": 0.621124,
        "nauc_recall_at_3_max": 0.477078,
        "nauc_recall_at_3_std": 0.215171,
        "nauc_recall_at_3_diff1": 0.614979,
        "nauc_recall_at_5_max": 0.48073,
        "nauc_recall_at_5_std": 0.143312,
        "nauc_recall_at_5_diff1": 0.678674,
        "nauc_recall_at_10_max": 0.666765,
        "nauc_recall_at_10_std": 0.400569,
        "nauc_recall_at_10_diff1": 0.698673,
        "nauc_recall_at_20_max": 0.790246,
        "nauc_recall_at_20_std": 0.662547,
        "nauc_recall_at_20_diff1": 0.786541,
        "nauc_recall_at_100_max": NaN,
        "nauc_recall_at_100_std": NaN,
        "nauc_recall_at_100_diff1": NaN,
        "nauc_recall_at_1000_max": NaN,
        "nauc_recall_at_1000_std": NaN,
        "nauc_recall_at_1000_diff1": NaN,
        "nauc_precision_at_1_max": 0.293744,
        "nauc_precision_at_1_std": -0.058992,
        "nauc_precision_at_1_diff1": 0.621124,
        "nauc_precision_at_3_max": 0.477078,
        "nauc_precision_at_3_std": 0.215171,
        "nauc_precision_at_3_diff1": 0.614979,
        "nauc_precision_at_5_max": 0.48073,
        "nauc_precision_at_5_std": 0.143312,
        "nauc_precision_at_5_diff1": 0.678674,
        "nauc_precision_at_10_max": 0.666765,
        "nauc_precision_at_10_std": 0.400569,
        "nauc_precision_at_10_diff1": 0.698673,
        "nauc_precision_at_20_max": 0.790246,
        "nauc_precision_at_20_std": 0.662547,
        "nauc_precision_at_20_diff1": 0.786541,
        "nauc_precision_at_100_max": 1.0,
        "nauc_precision_at_100_std": 1.0,
        "nauc_precision_at_100_diff1": 1.0,
        "nauc_precision_at_1000_max": NaN,
        "nauc_precision_at_1000_std": NaN,
        "nauc_precision_at_1000_diff1": NaN,
        "nauc_mrr_at_1_max": 0.293744,
        "nauc_mrr_at_1_std": -0.058992,
        "nauc_mrr_at_1_diff1": 0.621124,
        "nauc_mrr_at_3_max": 0.371985,
        "nauc_mrr_at_3_std": 0.058908,
        "nauc_mrr_at_3_diff1": 0.62337,
        "nauc_mrr_at_5_max": 0.369671,
        "nauc_mrr_at_5_std": 0.043569,
        "nauc_mrr_at_5_diff1": 0.634409,
        "nauc_mrr_at_10_max": 0.378148,
        "nauc_mrr_at_10_std": 0.05944,
        "nauc_mrr_at_10_diff1": 0.636317,
        "nauc_mrr_at_20_max": 0.369999,
        "nauc_mrr_at_20_std": 0.050726,
        "nauc_mrr_at_20_diff1": 0.63622,
        "nauc_mrr_at_100_max": 0.367561,
        "nauc_mrr_at_100_std": 0.047059,
        "nauc_mrr_at_100_diff1": 0.635228,
        "nauc_mrr_at_1000_max": 0.367561,
        "nauc_mrr_at_1000_std": 0.047059,
        "nauc_mrr_at_1000_diff1": 0.635228,
        "main_score": 0.67457,
        "hf_subset": "korean",
        "languages": [
          "kor-Hang"
        ]
      }
    ]
  },
  "evaluation_time": 5.600674390792847,
  "kg_co2_emissions": null
}