{
  "dataset_revision": "fd7df84ac089bbec763b1c6bb1b56e985df5cc5c",
  "task_name": "AutoRAGRetrieval",
  "mteb_version": "1.38.57",
  "scores": {
    "test": [
      {
        "ndcg_at_1": 0.88596,
        "ndcg_at_3": 0.94455,
        "ndcg_at_5": 0.95172,
        "ndcg_at_10": 0.95172,
        "ndcg_at_20": 0.95172,
        "ndcg_at_100": 0.95172,
        "ndcg_at_1000": 0.95172,
        "map_at_1": 0.88596,
        "map_at_3": 0.93129,
        "map_at_5": 0.93523,
        "map_at_10": 0.93523,
        "map_at_20": 0.93523,
        "map_at_100": 0.93523,
        "map_at_1000": 0.93523,
        "recall_at_1": 0.88596,
        "recall_at_3": 0.98246,
        "recall_at_5": 1.0,
        "recall_at_10": 1.0,
        "recall_at_20": 1.0,
        "recall_at_100": 1.0,
        "recall_at_1000": 1.0,
        "precision_at_1": 0.88596,
        "precision_at_3": 0.32749,
        "precision_at_5": 0.2,
        "precision_at_10": 0.1,
        "precision_at_20": 0.05,
        "precision_at_100": 0.01,
        "precision_at_1000": 0.001,
        "mrr_at_1": 0.894737,
        "mrr_at_3": 0.935673,
        "mrr_at_5": 0.93962,
        "mrr_at_10": 0.93962,
        "mrr_at_20": 0.93962,
        "mrr_at_100": 0.93962,
        "mrr_at_1000": 0.93962,
        "nauc_ndcg_at_1_max": 0.394943,
        "nauc_ndcg_at_1_std": -0.715947,
        "nauc_ndcg_at_1_diff1": 0.927105,
        "nauc_ndcg_at_3_max": 0.471565,
        "nauc_ndcg_at_3_std": -0.896031,
        "nauc_ndcg_at_3_diff1": 0.925912,
        "nauc_ndcg_at_5_max": 0.433645,
        "nauc_ndcg_at_5_std": -0.809556,
        "nauc_ndcg_at_5_diff1": 0.925082,
        "nauc_ndcg_at_10_max": 0.433645,
        "nauc_ndcg_at_10_std": -0.809556,
        "nauc_ndcg_at_10_diff1": 0.925082,
        "nauc_ndcg_at_20_max": 0.433645,
        "nauc_ndcg_at_20_std": -0.809556,
        "nauc_ndcg_at_20_diff1": 0.925082,
        "nauc_ndcg_at_100_max": 0.433645,
        "nauc_ndcg_at_100_std": -0.809556,
        "nauc_ndcg_at_100_diff1": 0.925082,
        "nauc_ndcg_at_1000_max": 0.433645,
        "nauc_ndcg_at_1000_std": -0.809556,
        "nauc_ndcg_at_1000_diff1": 0.925082,
        "nauc_map_at_1_max": 0.394943,
        "nauc_map_at_1_std": -0.715947,
        "nauc_map_at_1_diff1": 0.927105,
        "nauc_map_at_3_max": 0.447996,
        "nauc_map_at_3_std": -0.843302,
        "nauc_map_at_3_diff1": 0.925265,
        "nauc_map_at_5_max": 0.430971,
        "nauc_map_at_5_std": -0.803453,
        "nauc_map_at_5_diff1": 0.925116,
        "nauc_map_at_10_max": 0.430971,
        "nauc_map_at_10_std": -0.803453,
        "nauc_map_at_10_diff1": 0.925116,
        "nauc_map_at_20_max": 0.430971,
        "nauc_map_at_20_std": -0.803453,
        "nauc_map_at_20_diff1": 0.925116,
        "nauc_map_at_100_max": 0.430971,
        "nauc_map_at_100_std": -0.803453,
        "nauc_map_at_100_diff1": 0.925116,
        "nauc_map_at_1000_max": 0.430971,
        "nauc_map_at_1000_std": -0.803453,
        "nauc_map_at_1000_diff1": 0.925116,
        "nauc_recall_at_1_max": 0.394943,
        "nauc_recall_at_1_std": -0.715947,
        "nauc_recall_at_1_diff1": 0.927105,
        "nauc_recall_at_3_max": 0.722407,
        "nauc_recall_at_3_std": -1.451723,
        "nauc_recall_at_3_diff1": 0.934894,
        "nauc_recall_at_5_max": NaN,
        "nauc_recall_at_5_std": NaN,
        "nauc_recall_at_5_diff1": NaN,
        "nauc_recall_at_10_max": NaN,
        "nauc_recall_at_10_std": NaN,
        "nauc_recall_at_10_diff1": NaN,
        "nauc_recall_at_20_max": NaN,
        "nauc_recall_at_20_std": NaN,
        "nauc_recall_at_20_diff1": NaN,
        "nauc_recall_at_100_max": NaN,
        "nauc_recall_at_100_std": NaN,
        "nauc_recall_at_100_diff1": NaN,
        "nauc_recall_at_1000_max": NaN,
        "nauc_recall_at_1000_std": NaN,
        "nauc_recall_at_1000_diff1": NaN,
        "nauc_precision_at_1_max": 0.394943,
        "nauc_precision_at_1_std": -0.715947,
        "nauc_precision_at_1_diff1": 0.927105,
        "nauc_precision_at_3_max": 0.722407,
        "nauc_precision_at_3_std": -1.451723,
        "nauc_precision_at_3_diff1": 0.934894,
        "nauc_precision_at_5_max": 1.0,
        "nauc_precision_at_5_std": 1.0,
        "nauc_precision_at_5_diff1": 1.0,
        "nauc_precision_at_10_max": 1.0,
        "nauc_precision_at_10_std": 1.0,
        "nauc_precision_at_10_diff1": 1.0,
        "nauc_precision_at_20_max": 1.0,
        "nauc_precision_at_20_std": 1.0,
        "nauc_precision_at_20_diff1": 1.0,
        "nauc_precision_at_100_max": 1.0,
        "nauc_precision_at_100_std": 1.0,
        "nauc_precision_at_100_diff1": 1.0,
        "nauc_precision_at_1000_max": 1.0,
        "nauc_precision_at_1000_std": 1.0,
        "nauc_precision_at_1000_diff1": 1.0,
        "nauc_mrr_at_1_max": 0.471381,
        "nauc_mrr_at_1_std": -0.620426,
        "nauc_mrr_at_1_diff1": 0.910794,
        "nauc_mrr_at_3_max": 0.513587,
        "nauc_mrr_at_3_std": -0.772925,
        "nauc_mrr_at_3_diff1": 0.911835,
        "nauc_mrr_at_5_max": 0.499805,
        "nauc_mrr_at_5_std": -0.725889,
        "nauc_mrr_at_5_diff1": 0.910791,
        "nauc_mrr_at_10_max": 0.499805,
        "nauc_mrr_at_10_std": -0.725889,
        "nauc_mrr_at_10_diff1": 0.910791,
        "nauc_mrr_at_20_max": 0.499805,
        "nauc_mrr_at_20_std": -0.725889,
        "nauc_mrr_at_20_diff1": 0.910791,
        "nauc_mrr_at_100_max": 0.499805,
        "nauc_mrr_at_100_std": -0.725889,
        "nauc_mrr_at_100_diff1": 0.910791,
        "nauc_mrr_at_1000_max": 0.499805,
        "nauc_mrr_at_1000_std": -0.725889,
        "nauc_mrr_at_1000_diff1": 0.910791,
        "main_score": 0.95172,
        "hf_subset": "default",
        "languages": [
          "kor-Hang"
        ]
      }
    ]
  },
  "evaluation_time": 20.734380960464478,
  "kg_co2_emissions": null
}