{
  "dataset_revision": "75b399394a9803252cfec289d103de462763db7c",
  "task_name": "BelebeleRetrieval",
  "mteb_version": "1.38.57",
  "scores": {
    "test": [
      {
        "ndcg_at_1": 0.84222,
        "ndcg_at_3": 0.87284,
        "ndcg_at_5": 0.88485,
        "ndcg_at_10": 0.89478,
        "ndcg_at_20": 0.90183,
        "ndcg_at_100": 0.90562,
        "ndcg_at_1000": 0.90562,
        "map_at_1": 0.84222,
        "map_at_3": 0.86537,
        "map_at_5": 0.87209,
        "map_at_10": 0.87632,
        "map_at_20": 0.87827,
        "map_at_100": 0.8789,
        "map_at_1000": 0.8789,
        "recall_at_1": 0.84222,
        "recall_at_3": 0.89444,
        "recall_at_5": 0.92333,
        "recall_at_10": 0.95333,
        "recall_at_20": 0.98111,
        "recall_at_100": 1.0,
        "recall_at_1000": 1.0,
        "precision_at_1": 0.84222,
        "precision_at_3": 0.29815,
        "precision_at_5": 0.18467,
        "precision_at_10": 0.09533,
        "precision_at_20": 0.04906,
        "precision_at_100": 0.01,
        "precision_at_1000": 0.001,
        "mrr_at_1": 0.842222,
        "mrr_at_3": 0.86537,
        "mrr_at_5": 0.87237,
        "mrr_at_10": 0.876483,
        "mrr_at_20": 0.878434,
        "mrr_at_100": 0.879063,
        "mrr_at_1000": 0.879063,
        "nauc_ndcg_at_1_max": 0.8335,
        "nauc_ndcg_at_1_std": 0.047454,
        "nauc_ndcg_at_1_diff1": 0.933879,
        "nauc_ndcg_at_3_max": 0.826694,
        "nauc_ndcg_at_3_std": 0.028105,
        "nauc_ndcg_at_3_diff1": 0.922093,
        "nauc_ndcg_at_5_max": 0.826451,
        "nauc_ndcg_at_5_std": 0.003183,
        "nauc_ndcg_at_5_diff1": 0.927174,
        "nauc_ndcg_at_10_max": 0.82656,
        "nauc_ndcg_at_10_std": 0.016137,
        "nauc_ndcg_at_10_diff1": 0.928542,
        "nauc_ndcg_at_20_max": 0.826523,
        "nauc_ndcg_at_20_std": 0.011527,
        "nauc_ndcg_at_20_diff1": 0.929083,
        "nauc_ndcg_at_100_max": 0.827529,
        "nauc_ndcg_at_100_std": 0.019672,
        "nauc_ndcg_at_100_diff1": 0.928367,
        "nauc_ndcg_at_1000_max": 0.827529,
        "nauc_ndcg_at_1000_std": 0.019672,
        "nauc_ndcg_at_1000_diff1": 0.928367,
        "nauc_map_at_1_max": 0.8335,
        "nauc_map_at_1_std": 0.047454,
        "nauc_map_at_1_diff1": 0.933879,
        "nauc_map_at_3_max": 0.828493,
        "nauc_map_at_3_std": 0.031296,
        "nauc_map_at_3_diff1": 0.925412,
        "nauc_map_at_5_max": 0.82829,
        "nauc_map_at_5_std": 0.018165,
        "nauc_map_at_5_diff1": 0.928082,
        "nauc_map_at_10_max": 0.828355,
        "nauc_map_at_10_std": 0.023381,
        "nauc_map_at_10_diff1": 0.928686,
        "nauc_map_at_20_max": 0.828387,
        "nauc_map_at_20_std": 0.022425,
        "nauc_map_at_20_diff1": 0.928779,
        "nauc_map_at_100_max": 0.828422,
        "nauc_map_at_100_std": 0.023455,
        "nauc_map_at_100_diff1": 0.928672,
        "nauc_map_at_1000_max": 0.828422,
        "nauc_map_at_1000_std": 0.023455,
        "nauc_map_at_1000_diff1": 0.928672,
        "nauc_recall_at_1_max": 0.8335,
        "nauc_recall_at_1_std": 0.047454,
        "nauc_recall_at_1_diff1": 0.933879,
        "nauc_recall_at_3_max": 0.820303,
        "nauc_recall_at_3_std": 0.017804,
        "nauc_recall_at_3_diff1": 0.910189,
        "nauc_recall_at_5_max": 0.818265,
        "nauc_recall_at_5_std": -0.069142,
        "nauc_recall_at_5_diff1": 0.924221,
        "nauc_recall_at_10_max": 0.814203,
        "nauc_recall_at_10_std": -0.030234,
        "nauc_recall_at_10_diff1": 0.930361,
        "nauc_recall_at_20_max": 0.794447,
        "nauc_recall_at_20_std": -0.188691,
        "nauc_recall_at_20_diff1": 0.945213,
        "nauc_recall_at_100_max": NaN,
        "nauc_recall_at_100_std": NaN,
        "nauc_recall_at_100_diff1": NaN,
        "nauc_recall_at_1000_max": NaN,
        "nauc_recall_at_1000_std": NaN,
        "nauc_recall_at_1000_diff1": NaN,
        "nauc_precision_at_1_max": 0.8335,
        "nauc_precision_at_1_std": 0.047454,
        "nauc_precision_at_1_diff1": 0.933879,
        "nauc_precision_at_3_max": 0.820303,
        "nauc_precision_at_3_std": 0.017804,
        "nauc_precision_at_3_diff1": 0.910189,
        "nauc_precision_at_5_max": 0.818265,
        "nauc_precision_at_5_std": -0.069142,
        "nauc_precision_at_5_diff1": 0.924221,
        "nauc_precision_at_10_max": 0.814203,
        "nauc_precision_at_10_std": -0.030234,
        "nauc_precision_at_10_diff1": 0.930361,
        "nauc_precision_at_20_max": 0.794447,
        "nauc_precision_at_20_std": -0.188691,
        "nauc_precision_at_20_diff1": 0.945213,
        "nauc_precision_at_100_max": 1.0,
        "nauc_precision_at_100_std": 1.0,
        "nauc_precision_at_100_diff1": 1.0,
        "nauc_precision_at_1000_max": NaN,
        "nauc_precision_at_1000_std": NaN,
        "nauc_precision_at_1000_diff1": NaN,
        "nauc_mrr_at_1_max": 0.8335,
        "nauc_mrr_at_1_std": 0.047454,
        "nauc_mrr_at_1_diff1": 0.933879,
        "nauc_mrr_at_3_max": 0.828493,
        "nauc_mrr_at_3_std": 0.031296,
        "nauc_mrr_at_3_diff1": 0.925412,
        "nauc_mrr_at_5_max": 0.828028,
        "nauc_mrr_at_5_std": 0.016481,
        "nauc_mrr_at_5_diff1": 0.928479,
        "nauc_mrr_at_10_max": 0.828256,
        "nauc_mrr_at_10_std": 0.022655,
        "nauc_mrr_at_10_diff1": 0.928738,
        "nauc_mrr_at_20_max": 0.828286,
        "nauc_mrr_at_20_std": 0.021686,
        "nauc_mrr_at_20_diff1": 0.928832,
        "nauc_mrr_at_100_max": 0.828312,
        "nauc_mrr_at_100_std": 0.022685,
        "nauc_mrr_at_100_diff1": 0.928721,
        "nauc_mrr_at_1000_max": 0.828312,
        "nauc_mrr_at_1000_std": 0.022685,
        "nauc_mrr_at_1000_diff1": 0.928721,
        "main_score": 0.89478,
        "hf_subset": "kor_Hang-kor_Hang",
        "languages": [
          "kor-Hang",
          "kor-Hang"
        ]
      },
      {
        "ndcg_at_1": 0.03111,
        "ndcg_at_3": 0.03503,
        "ndcg_at_5": 0.03818,
        "ndcg_at_10": 0.03965,
        "ndcg_at_20": 0.04382,
        "ndcg_at_100": 0.05096,
        "ndcg_at_1000": 0.05096,
        "map_at_1": 0.03111,
        "map_at_3": 0.03407,
        "map_at_5": 0.0358,
        "map_at_10": 0.03642,
        "map_at_20": 0.03754,
        "map_at_100": 0.03863,
        "map_at_1000": 0.03863,
        "recall_at_1": 0.03111,
        "recall_at_3": 0.03778,
        "recall_at_5": 0.04556,
        "recall_at_10": 0.05,
        "recall_at_20": 0.06667,
        "recall_at_100": 0.10333,
        "recall_at_1000": 0.10333,
        "precision_at_1": 0.03111,
        "precision_at_3": 0.01259,
        "precision_at_5": 0.00911,
        "precision_at_10": 0.005,
        "precision_at_20": 0.00333,
        "precision_at_100": 0.00103,
        "precision_at_1000": 0.0001,
        "mrr_at_1": 0.031111,
        "mrr_at_3": 0.034074,
        "mrr_at_5": 0.036019,
        "mrr_at_10": 0.036459,
        "mrr_at_20": 0.037572,
        "mrr_at_100": 0.038662,
        "mrr_at_1000": 0.038662,
        "nauc_ndcg_at_1_max": 0.583589,
        "nauc_ndcg_at_1_std": -0.028029,
        "nauc_ndcg_at_1_diff1": 0.859136,
        "nauc_ndcg_at_3_max": 0.471451,
        "nauc_ndcg_at_3_std": -0.063984,
        "nauc_ndcg_at_3_diff1": 0.789446,
        "nauc_ndcg_at_5_max": 0.450889,
        "nauc_ndcg_at_5_std": -0.026939,
        "nauc_ndcg_at_5_diff1": 0.727437,
        "nauc_ndcg_at_10_max": 0.436234,
        "nauc_ndcg_at_10_std": -0.028496,
        "nauc_ndcg_at_10_diff1": 0.696506,
        "nauc_ndcg_at_20_max": 0.382387,
        "nauc_ndcg_at_20_std": -0.027636,
        "nauc_ndcg_at_20_diff1": 0.618042,
        "nauc_ndcg_at_100_max": 0.375377,
        "nauc_ndcg_at_100_std": 0.023991,
        "nauc_ndcg_at_100_diff1": 0.528509,
        "nauc_ndcg_at_1000_max": 0.375377,
        "nauc_ndcg_at_1000_std": 0.023991,
        "nauc_ndcg_at_1000_diff1": 0.528509,
        "nauc_map_at_1_max": 0.583589,
        "nauc_map_at_1_std": -0.028029,
        "nauc_map_at_1_diff1": 0.859136,