{
  "dataset_revision": "d243889a3eb6654029dbd7e7f9319ae31d58f97c",
  "task_name": "Ko-StrategyQA",
  "mteb_version": "1.38.57",
  "scores": {
    "dev": [
      {
        "ndcg_at_1": 0.70946,
        "ndcg_at_3": 0.69391,
        "ndcg_at_5": 0.73524,
        "ndcg_at_10": 0.76246,
        "ndcg_at_20": 0.78113,
        "ndcg_at_100": 0.80626,
        "ndcg_at_1000": 0.80626,
        "map_at_1": 0.46615,
        "map_at_3": 0.65263,
        "map_at_5": 0.68909,
        "map_at_10": 0.70593,
        "map_at_20": 0.71338,
        "map_at_100": 0.71976,
        "map_at_1000": 0.71976,
        "recall_at_1": 0.46615,
        "recall_at_3": 0.69683,
        "recall_at_5": 0.77935,
        "recall_at_10": 0.84686,
        "recall_at_20": 0.90364,
        "recall_at_100": 1.0,
        "recall_at_1000": 1.0,
        "precision_at_1": 0.70946,
        "precision_at_3": 0.40428,
        "precision_at_5": 0.28142,
        "precision_at_10": 0.15507,
        "precision_at_20": 0.08446,
        "precision_at_100": 0.01934,
        "precision_at_1000": 0.00193,
        "mrr_at_1": 0.711149,
        "mrr_at_3": 0.762387,
        "mrr_at_5": 0.772354,
        "mrr_at_10": 0.778472,
        "mrr_at_20": 0.781625,
        "mrr_at_100": 0.783272,
        "mrr_at_1000": 0.783272,
        "nauc_ndcg_at_1_max": 0.704031,
        "nauc_ndcg_at_1_std": 0.385809,
        "nauc_ndcg_at_1_diff1": 0.506273,
        "nauc_ndcg_at_3_max": 0.682085,
        "nauc_ndcg_at_3_std": 0.400409,
        "nauc_ndcg_at_3_diff1": 0.384395,
        "nauc_ndcg_at_5_max": 0.721641,
        "nauc_ndcg_at_5_std": 0.468139,
        "nauc_ndcg_at_5_diff1": 0.39251,
        "nauc_ndcg_at_10_max": 0.732321,
        "nauc_ndcg_at_10_std": 0.476447,
        "nauc_ndcg_at_10_diff1": 0.41506,
        "nauc_ndcg_at_20_max": 0.733347,
        "nauc_ndcg_at_20_std": 0.471754,
        "nauc_ndcg_at_20_diff1": 0.414912,
        "nauc_ndcg_at_100_max": 0.715121,
        "nauc_ndcg_at_100_std": 0.440869,
        "nauc_ndcg_at_100_diff1": 0.413602,
        "nauc_ndcg_at_1000_max": 0.715121,
        "nauc_ndcg_at_1000_std": 0.440869,
        "nauc_ndcg_at_1000_diff1": 0.413602,
        "nauc_map_at_1_max": 0.379582,
        "nauc_map_at_1_std": 0.033695,
        "nauc_map_at_1_diff1": 0.542492,
        "nauc_map_at_3_max": 0.644981,
        "nauc_map_at_3_std": 0.342463,
        "nauc_map_at_3_diff1": 0.373735,
        "nauc_map_at_5_max": 0.681616,
        "nauc_map_at_5_std": 0.402658,
        "nauc_map_at_5_diff1": 0.383714,
        "nauc_map_at_10_max": 0.6897,
        "nauc_map_at_10_std": 0.409794,
        "nauc_map_at_10_diff1": 0.393116,
        "nauc_map_at_20_max": 0.690881,
        "nauc_map_at_20_std": 0.409454,
        "nauc_map_at_20_diff1": 0.392993,
        "nauc_map_at_100_max": 0.686761,
        "nauc_map_at_100_std": 0.402644,
        "nauc_map_at_100_diff1": 0.392859,
        "nauc_map_at_1000_max": 0.686761,
        "nauc_map_at_1000_std": 0.402644,
        "nauc_map_at_1000_diff1": 0.392859,
        "nauc_recall_at_1_max": 0.379582,
        "nauc_recall_at_1_std": 0.033695,
        "nauc_recall_at_1_diff1": 0.542492,
        "nauc_recall_at_3_max": 0.671585,
        "nauc_recall_at_3_std": 0.414029,
        "nauc_recall_at_3_diff1": 0.338278,
        "nauc_recall_at_5_max": 0.743762,
        "nauc_recall_at_5_std": 0.556644,
        "nauc_recall_at_5_diff1": 0.34294,
        "nauc_recall_at_10_max": 0.783588,
        "nauc_recall_at_10_std": 0.60492,
        "nauc_recall_at_10_diff1": 0.413999,
        "nauc_recall_at_20_max": 0.823522,
        "nauc_recall_at_20_std": 0.650204,
        "nauc_recall_at_20_diff1": 0.417784,
        "nauc_recall_at_100_max": NaN,
        "nauc_recall_at_100_std": NaN,
        "nauc_recall_at_100_diff1": NaN,
        "nauc_recall_at_1000_max": NaN,
        "nauc_recall_at_1000_std": NaN,
        "nauc_recall_at_1000_diff1": NaN,
        "nauc_precision_at_1_max": 0.704031,
        "nauc_precision_at_1_std": 0.385809,
        "nauc_precision_at_1_diff1": 0.506273,
        "nauc_precision_at_3_max": 0.499582,
        "nauc_precision_at_3_std": 0.513354,
        "nauc_precision_at_3_diff1": -0.072818,
        "nauc_precision_at_5_max": 0.396866,
        "nauc_precision_at_5_std": 0.517473,
        "nauc_precision_at_5_diff1": -0.134374,
        "nauc_precision_at_10_max": 0.29799,
        "nauc_precision_at_10_std": 0.461927,
        "nauc_precision_at_10_diff1": -0.16974,
        "nauc_precision_at_20_max": 0.172658,
        "nauc_precision_at_20_std": 0.365478,
        "nauc_precision_at_20_diff1": -0.239897,
        "nauc_precision_at_100_max": -0.115357,
        "nauc_precision_at_100_std": 0.121535,
        "nauc_precision_at_100_diff1": -0.359019,
        "nauc_precision_at_1000_max": -0.115357,
        "nauc_precision_at_1000_std": 0.121535,
        "nauc_precision_at_1000_diff1": -0.359019,
        "nauc_mrr_at_1_max": 0.705044,
        "nauc_mrr_at_1_std": 0.399416,
        "nauc_mrr_at_1_diff1": 0.502004,
        "nauc_mrr_at_3_max": 0.755703,
        "nauc_mrr_at_3_std": 0.497707,
        "nauc_mrr_at_3_diff1": 0.469992,
        "nauc_mrr_at_5_max": 0.759015,
        "nauc_mrr_at_5_std": 0.504062,
        "nauc_mrr_at_5_diff1": 0.466013,
        "nauc_mrr_at_10_max": 0.755259,
        "nauc_mrr_at_10_std": 0.497702,
        "nauc_mrr_at_10_diff1": 0.475542,
        "nauc_mrr_at_20_max": 0.753509,
        "nauc_mrr_at_20_std": 0.493904,
        "nauc_mrr_at_20_diff1": 0.475354,
        "nauc_mrr_at_100_max": 0.752483,
        "nauc_mrr_at_100_std": 0.49179,
        "nauc_mrr_at_100_diff1": 0.474917,
        "nauc_mrr_at_1000_max": 0.752483,
        "nauc_mrr_at_1000_std": 0.49179,
        "nauc_mrr_at_1000_diff1": 0.474917,
        "main_score": 0.76246,
        "hf_subset": "default",
        "languages": [
          "kor-Hang"
        ]
      }
    ]
  },
  "evaluation_time": 64.96800994873047,
  "kg_co2_emissions": null
}