{
  "dataset_revision": "main",
  "task_name": "MIRACLRetrieval",
  "mteb_version": "1.38.57",
  "scores": {
    "dev": [
      {
        "ndcg_at_1": 0.83568,
        "ndcg_at_3": 0.84005,
        "ndcg_at_5": 0.85102,
        "ndcg_at_10": 0.88579,
        "ndcg_at_20": 0.89578,
        "ndcg_at_100": 0.8987,
        "ndcg_at_1000": 0.8987,
        "map_at_1": 0.51945,
        "map_at_3": 0.71725,
        "map_at_5": 0.78168,
        "map_at_10": 0.82866,
        "map_at_20": 0.83884,
        "map_at_100": 0.84038,
        "map_at_1000": 0.84038,
        "recall_at_1": 0.51945,
        "recall_at_3": 0.76305,
        "recall_at_5": 0.86091,
        "recall_at_10": 0.96907,
        "recall_at_20": 0.99155,
        "recall_at_100": 1.0,
        "recall_at_1000": 1.0,
        "precision_at_1": 0.83568,
        "precision_at_3": 0.52582,
        "precision_at_5": 0.38967,
        "precision_at_10": 0.2385,
        "precision_at_20": 0.12653,
        "precision_at_100": 0.02568,
        "precision_at_1000": 0.00257,
        "mrr_at_1": 0.835681,
        "mrr_at_3": 0.881847,
        "mrr_at_5": 0.889358,
        "mrr_at_10": 0.893954,
        "mrr_at_20": 0.893954,
        "mrr_at_100": 0.893954,
        "mrr_at_1000": 0.893954,
        "nauc_ndcg_at_1_max": 0.433292,
        "nauc_ndcg_at_1_std": -0.08116,
        "nauc_ndcg_at_1_diff1": 0.448916,
        "nauc_ndcg_at_3_max": 0.423459,
        "nauc_ndcg_at_3_std": -0.150723,
        "nauc_ndcg_at_3_diff1": 0.438506,
        "nauc_ndcg_at_5_max": 0.394561,
        "nauc_ndcg_at_5_std": -0.221,
        "nauc_ndcg_at_5_diff1": 0.450629,
        "nauc_ndcg_at_10_max": 0.424692,
        "nauc_ndcg_at_10_std": -0.170937,
        "nauc_ndcg_at_10_diff1": 0.414755,
        "nauc_ndcg_at_20_max": 0.433754,
        "nauc_ndcg_at_20_std": -0.105578,
        "nauc_ndcg_at_20_diff1": 0.406461,
        "nauc_ndcg_at_100_max": 0.431528,
        "nauc_ndcg_at_100_std": -0.115792,
        "nauc_ndcg_at_100_diff1": 0.416186,
        "nauc_ndcg_at_1000_max": 0.431528,
        "nauc_ndcg_at_1000_std": -0.115792,
        "nauc_ndcg_at_1000_diff1": 0.416186,
        "nauc_map_at_1_max": 0.462094,
        "nauc_map_at_1_std": -0.388803,
        "nauc_map_at_1_diff1": 0.597059,
        "nauc_map_at_3_max": 0.423795,
        "nauc_map_at_3_std": -0.411903,
        "nauc_map_at_3_diff1": 0.511996,
        "nauc_map_at_5_max": 0.378794,
        "nauc_map_at_5_std": -0.383512,
        "nauc_map_at_5_diff1": 0.479891,
        "nauc_map_at_10_max": 0.402054,
        "nauc_map_at_10_std": -0.230164,
        "nauc_map_at_10_diff1": 0.432311,
        "nauc_map_at_20_max": 0.406105,
        "nauc_map_at_20_std": -0.174699,
        "nauc_map_at_20_diff1": 0.421535,
        "nauc_map_at_100_max": 0.405164,
        "nauc_map_at_100_std": -0.178893,
        "nauc_map_at_100_diff1": 0.42419,
        "nauc_map_at_1000_max": 0.405164,
        "nauc_map_at_1000_std": -0.178893,
        "nauc_map_at_1000_diff1": 0.42419,
        "nauc_recall_at_1_max": 0.462094,
        "nauc_recall_at_1_std": -0.388803,
        "nauc_recall_at_1_diff1": 0.597059,
        "nauc_recall_at_3_max": 0.417735,
        "nauc_recall_at_3_std": -0.451127,
        "nauc_recall_at_3_diff1": 0.507131,
        "nauc_recall_at_5_max": 0.313927,
        "nauc_recall_at_5_std": -0.545921,
        "nauc_recall_at_5_diff1": 0.464539,
        "nauc_recall_at_10_max": 0.321795,
        "nauc_recall_at_10_std": -0.476997,
        "nauc_recall_at_10_diff1": 0.288262,
        "nauc_recall_at_20_max": 0.443577,
        "nauc_recall_at_20_std": 0.236156,
        "nauc_recall_at_20_diff1": -0.017636,
        "nauc_recall_at_100_max": NaN,
        "nauc_recall_at_100_std": NaN,
        "nauc_recall_at_100_diff1": NaN,
        "nauc_recall_at_1000_max": NaN,
        "nauc_recall_at_1000_std": NaN,
        "nauc_recall_at_1000_diff1": NaN,
        "nauc_precision_at_1_max": 0.433292,
        "nauc_precision_at_1_std": -0.08116,
        "nauc_precision_at_1_diff1": 0.448916,
        "nauc_precision_at_3_max": -0.173539,
        "nauc_precision_at_3_std": 0.318305,
        "nauc_precision_at_3_diff1": -0.325741,
        "nauc_precision_at_5_max": -0.235581,
        "nauc_precision_at_5_std": 0.380863,
        "nauc_precision_at_5_diff1": -0.361387,
        "nauc_precision_at_10_max": -0.22345,
        "nauc_precision_at_10_std": 0.520116,
        "nauc_precision_at_10_diff1": -0.406569,
        "nauc_precision_at_20_max": -0.220831,
        "nauc_precision_at_20_std": 0.539151,
        "nauc_precision_at_20_diff1": -0.399263,
        "nauc_precision_at_100_max": -0.224803,
        "nauc_precision_at_100_std": 0.523011,
        "nauc_precision_at_100_diff1": -0.392517,
        "nauc_precision_at_1000_max": -0.224803,
        "nauc_precision_at_1000_std": 0.523011,
        "nauc_precision_at_1000_diff1": -0.392517,
        "nauc_mrr_at_1_max": 0.433292,
        "nauc_mrr_at_1_std": -0.08116,
        "nauc_mrr_at_1_diff1": 0.448916,
        "nauc_mrr_at_3_max": 0.485333,
        "nauc_mrr_at_3_std": -0.048666,
        "nauc_mrr_at_3_diff1": 0.454234,
        "nauc_mrr_at_5_max": 0.47141,
        "nauc_mrr_at_5_std": -0.051607,
        "nauc_mrr_at_5_diff1": 0.44317,
        "nauc_mrr_at_10_max": 0.464875,
        "nauc_mrr_at_10_std": -0.058982,
        "nauc_mrr_at_10_diff1": 0.44398,
        "nauc_mrr_at_20_max": 0.464875,
        "nauc_mrr_at_20_std": -0.058982,
        "nauc_mrr_at_20_diff1": 0.44398,
        "nauc_mrr_at_100_max": 0.464875,
        "nauc_mrr_at_100_std": -0.058982,
        "nauc_mrr_at_100_diff1": 0.44398,
        "nauc_mrr_at_1000_max": 0.464875,
        "nauc_mrr_at_1000_std": -0.058982,
        "nauc_mrr_at_1000_diff1": 0.44398,
        "main_score": 0.88579,
        "hf_subset": "ko",
        "languages": [
          "kor-Kore"
        ]
      }
    ]
  },
  "evaluation_time": 21.969761610031128,
  "kg_co2_emissions": null
}