{
  "dataset_revision": "fc24a3ce8f09746410daee3d5cd823ff7a0675b7",
  "task_name": "MrTidyRetrieval",
  "mteb_version": "1.38.57",
  "scores": {
    "test": [
      {
        "ndcg_at_1": 0.62708,
        "ndcg_at_3": 0.72777,
        "ndcg_at_5": 0.75692,
        "ndcg_at_10": 0.77549,
        "ndcg_at_20": 0.78994,
        "ndcg_at_100": 0.79532,
        "ndcg_at_1000": 0.79532,
        "map_at_1": 0.57482,
        "map_at_3": 0.69299,
        "map_at_5": 0.71103,
        "map_at_10": 0.72009,
        "map_at_20": 0.72478,
        "map_at_100": 0.72584,
        "map_at_1000": 0.72584,
        "recall_at_1": 0.57482,
        "recall_at_3": 0.80206,
        "recall_at_5": 0.86817,
        "recall_at_10": 0.92162,
        "recall_at_20": 0.97466,
        "recall_at_100": 1.0,
        "recall_at_1000": 1.0,
        "precision_at_1": 0.62708,
        "precision_at_3": 0.30404,
        "precision_at_5": 0.19952,
        "precision_at_10": 0.10665,
        "precision_at_20": 0.05677,
        "precision_at_100": 0.01169,
        "precision_at_1000": 0.00117,
        "mrr_at_1": 0.64133,
        "mrr_at_3": 0.727633,
        "mrr_at_5": 0.742122,
        "mrr_at_10": 0.747372,
        "mrr_at_20": 0.750508,
        "mrr_at_100": 0.751136,
        "mrr_at_1000": 0.751136,
        "nauc_ndcg_at_1_max": 0.463992,
        "nauc_ndcg_at_1_std": -0.115048,
        "nauc_ndcg_at_1_diff1": 0.481543,
        "nauc_ndcg_at_3_max": 0.441346,
        "nauc_ndcg_at_3_std": -0.157697,
        "nauc_ndcg_at_3_diff1": 0.4391,
        "nauc_ndcg_at_5_max": 0.446723,
        "nauc_ndcg_at_5_std": -0.154667,
        "nauc_ndcg_at_5_diff1": 0.454794,
        "nauc_ndcg_at_10_max": 0.468783,
        "nauc_ndcg_at_10_std": -0.13191,
        "nauc_ndcg_at_10_diff1": 0.465295,
        "nauc_ndcg_at_20_max": 0.467628,
        "nauc_ndcg_at_20_std": -0.125506,
        "nauc_ndcg_at_20_diff1": 0.45945,
        "nauc_ndcg_at_100_max": 0.460178,
        "nauc_ndcg_at_100_std": -0.133513,
        "nauc_ndcg_at_100_diff1": 0.461922,
        "nauc_ndcg_at_1000_max": 0.460178,
        "nauc_ndcg_at_1000_std": -0.133513,
        "nauc_ndcg_at_1000_diff1": 0.461922,
        "nauc_map_at_1_max": 0.426759,
        "nauc_map_at_1_std": -0.133021,
        "nauc_map_at_1_diff1": 0.479169,
        "nauc_map_at_3_max": 0.43097,
        "nauc_map_at_3_std": -0.159416,
        "nauc_map_at_3_diff1": 0.452138,
        "nauc_map_at_5_max": 0.434679,
        "nauc_map_at_5_std": -0.155916,
        "nauc_map_at_5_diff1": 0.459498,
        "nauc_map_at_10_max": 0.446382,
        "nauc_map_at_10_std": -0.143514,
        "nauc_map_at_10_diff1": 0.463717,
        "nauc_map_at_20_max": 0.446868,
        "nauc_map_at_20_std": -0.142211,
        "nauc_map_at_20_diff1": 0.462477,
        "nauc_map_at_100_max": 0.445642,
        "nauc_map_at_100_std": -0.143238,
        "nauc_map_at_100_diff1": 0.462613,
        "nauc_map_at_1000_max": 0.445642,
        "nauc_map_at_1000_std": -0.143238,
        "nauc_map_at_1000_diff1": 0.462613,
        "nauc_recall_at_1_max": 0.426759,
        "nauc_recall_at_1_std": -0.133021,
        "nauc_recall_at_1_diff1": 0.479169,
        "nauc_recall_at_3_max": 0.41796,
        "nauc_recall_at_3_std": -0.191853,
        "nauc_recall_at_3_diff1": 0.379422,
        "nauc_recall_at_5_max": 0.4304,
        "nauc_recall_at_5_std": -0.189457,
        "nauc_recall_at_5_diff1": 0.413926,
        "nauc_recall_at_10_max": 0.549659,
        "nauc_recall_at_10_std": -0.081089,
        "nauc_recall_at_10_diff1": 0.466306,
        "nauc_recall_at_20_max": 0.697413,
        "nauc_recall_at_20_std": 0.144757,
        "nauc_recall_at_20_diff1": 0.359028,
        "nauc_recall_at_100_max": NaN,
        "nauc_recall_at_100_std": NaN,
        "nauc_recall_at_100_diff1": NaN,
        "nauc_recall_at_1000_max": NaN,
        "nauc_recall_at_1000_std": NaN,
        "nauc_recall_at_1000_diff1": NaN,
        "nauc_precision_at_1_max": 0.463992,
        "nauc_precision_at_1_std": -0.115048,
        "nauc_precision_at_1_diff1": 0.481543,
        "nauc_precision_at_3_max": 0.250455,
        "nauc_precision_at_3_std": -0.051584,
        "nauc_precision_at_3_diff1": 0.157635,
        "nauc_precision_at_5_max": 0.1619,
        "nauc_precision_at_5_std": -0.015623,
        "nauc_precision_at_5_diff1": 0.08419,
        "nauc_precision_at_10_max": 0.131902,
        "nauc_precision_at_10_std": 0.077409,
        "nauc_precision_at_10_diff1": 0.008789,
        "nauc_precision_at_20_max": 0.030507,
        "nauc_precision_at_20_std": 0.157497,
        "nauc_precision_at_20_diff1": -0.123097,
        "nauc_precision_at_100_max": -0.060232,
        "nauc_precision_at_100_std": 0.142177,
        "nauc_precision_at_100_diff1": -0.172463,
        "nauc_precision_at_1000_max": -0.060232,
        "nauc_precision_at_1000_std": 0.142177,
        "nauc_precision_at_1000_diff1": -0.172463,
        "nauc_mrr_at_1_max": 0.535068,
        "nauc_mrr_at_1_std": -0.088806,
        "nauc_mrr_at_1_diff1": 0.445702,
        "nauc_mrr_at_3_max": 0.527416,
        "nauc_mrr_at_3_std": -0.098883,
        "nauc_mrr_at_3_diff1": 0.426486,
        "nauc_mrr_at_5_max": 0.531375,
        "nauc_mrr_at_5_std": -0.101949,
        "nauc_mrr_at_5_diff1": 0.441691,
        "nauc_mrr_at_10_max": 0.532592,
        "nauc_mrr_at_10_std": -0.099706,
        "nauc_mrr_at_10_diff1": 0.440866,
        "nauc_mrr_at_20_max": 0.532521,
        "nauc_mrr_at_20_std": -0.097109,
        "nauc_mrr_at_20_diff1": 0.439528,
        "nauc_mrr_at_100_max": 0.532134,
        "nauc_mrr_at_100_std": -0.098167,
        "nauc_mrr_at_100_diff1": 0.43979,
        "nauc_mrr_at_1000_max": 0.532134,
        "nauc_mrr_at_1000_std": -0.098167,
        "nauc_mrr_at_1000_diff1": 0.43979,
        "main_score": 0.77549,
        "hf_subset": "korean",
        "languages": [
          "kor-Kore"
        ]
      }
    ]
  },
  "evaluation_time": 43.34592819213867,
  "kg_co2_emissions": null
}