{
  "dataset_revision": "d67138e705d963e346253a80e59676ddb418810a",
  "task_name": "MultiLongDocRetrieval",
  "mteb_version": "1.38.57",
  "scores": {
    "test": [
      {
        "ndcg_at_1": 0.67,
        "ndcg_at_3": 0.71655,
        "ndcg_at_5": 0.7372,
        "ndcg_at_10": 0.75239,
        "ndcg_at_20": 0.76512,
        "ndcg_at_100": 0.78624,
        "ndcg_at_1000": 0.78624,
        "map_at_1": 0.67,
        "map_at_3": 0.705,
        "map_at_5": 0.7165,
        "map_at_10": 0.72314,
        "map_at_20": 0.72668,
        "map_at_100": 0.73019,
        "map_at_1000": 0.73019,
        "recall_at_1": 0.67,
        "recall_at_3": 0.75,
        "recall_at_5": 0.8,
        "recall_at_10": 0.845,
        "recall_at_20": 0.895,
        "recall_at_100": 1.0,
        "recall_at_1000": 1.0,
        "precision_at_1": 0.67,
        "precision_at_3": 0.25,
        "precision_at_5": 0.16,
        "precision_at_10": 0.0845,
        "precision_at_20": 0.04475,
        "precision_at_100": 0.01,
        "precision_at_1000": 0.001,
        "mrr_at_1": 0.67,
        "mrr_at_3": 0.705,
        "mrr_at_5": 0.71775,
        "mrr_at_10": 0.723554,
        "mrr_at_20": 0.72737,
        "mrr_at_100": 0.730643,
        "mrr_at_1000": 0.730643,
        "nauc_ndcg_at_1_max": 0.758426,
        "nauc_ndcg_at_1_std": 0.020162,
        "nauc_ndcg_at_1_diff1": 0.8875,
        "nauc_ndcg_at_3_max": 0.750313,
        "nauc_ndcg_at_3_std": 0.072122,
        "nauc_ndcg_at_3_diff1": 0.86518,
        "nauc_ndcg_at_5_max": 0.748803,
        "nauc_ndcg_at_5_std": 0.117659,
        "nauc_ndcg_at_5_diff1": 0.846018,
        "nauc_ndcg_at_10_max": 0.746896,
        "nauc_ndcg_at_10_std": 0.098608,
        "nauc_ndcg_at_10_diff1": 0.850069,
        "nauc_ndcg_at_20_max": 0.748393,
        "nauc_ndcg_at_20_std": 0.110639,
        "nauc_ndcg_at_20_diff1": 0.855422,
        "nauc_ndcg_at_100_max": 0.750862,
        "nauc_ndcg_at_100_std": 0.083172,
        "nauc_ndcg_at_100_diff1": 0.860413,
        "nauc_ndcg_at_1000_max": 0.750862,
        "nauc_ndcg_at_1000_std": 0.083172,
        "nauc_ndcg_at_1000_diff1": 0.860413,
        "nauc_map_at_1_max": 0.758426,
        "nauc_map_at_1_std": 0.020162,
        "nauc_map_at_1_diff1": 0.8875,
        "nauc_map_at_3_max": 0.753073,
        "nauc_map_at_3_std": 0.058597,
        "nauc_map_at_3_diff1": 0.870305,
        "nauc_map_at_5_max": 0.752531,
        "nauc_map_at_5_std": 0.082828,
        "nauc_map_at_5_diff1": 0.860371,
        "nauc_map_at_10_max": 0.752359,
        "nauc_map_at_10_std": 0.074311,
        "nauc_map_at_10_diff1": 0.862577,
        "nauc_map_at_20_max": 0.752586,
        "nauc_map_at_20_std": 0.077003,
        "nauc_map_at_20_diff1": 0.863963,
        "nauc_map_at_100_max": 0.752737,
        "nauc_map_at_100_std": 0.072738,
        "nauc_map_at_100_diff1": 0.864584,
        "nauc_map_at_1000_max": 0.752737,
        "nauc_map_at_1000_std": 0.072738,
        "nauc_map_at_1000_diff1": 0.864584,
        "nauc_recall_at_1_max": 0.758426,
        "nauc_recall_at_1_std": 0.020162,
        "nauc_recall_at_1_diff1": 0.8875,
        "nauc_recall_at_3_max": 0.740984,
        "nauc_recall_at_3_std": 0.116337,
        "nauc_recall_at_3_diff1": 0.848749,
        "nauc_recall_at_5_max": 0.733829,
        "nauc_recall_at_5_std": 0.256294,
        "nauc_recall_at_5_diff1": 0.788749,
        "nauc_recall_at_10_max": 0.717539,
        "nauc_recall_at_10_std": 0.210938,
        "nauc_recall_at_10_diff1": 0.789204,
        "nauc_recall_at_20_max": 0.720639,
        "nauc_recall_at_20_std": 0.35032,
        "nauc_recall_at_20_diff1": 0.806742,
        "nauc_recall_at_100_max": NaN,
        "nauc_recall_at_100_std": NaN,
        "nauc_recall_at_100_diff1": NaN,
        "nauc_recall_at_1000_max": NaN,
        "nauc_recall_at_1000_std": NaN,
        "nauc_recall_at_1000_diff1": NaN,
        "nauc_precision_at_1_max": 0.758426,
        "nauc_precision_at_1_std": 0.020162,
        "nauc_precision_at_1_diff1": 0.8875,
        "nauc_precision_at_3_max": 0.740984,
        "nauc_precision_at_3_std": 0.116337,
        "nauc_precision_at_3_diff1": 0.848749,
        "nauc_precision_at_5_max": 0.733829,
        "nauc_precision_at_5_std": 0.256294,
        "nauc_precision_at_5_diff1": 0.788749,
        "nauc_precision_at_10_max": 0.717539,
        "nauc_precision_at_10_std": 0.210938,
        "nauc_precision_at_10_diff1": 0.789204,
        "nauc_precision_at_20_max": 0.720639,
        "nauc_precision_at_20_std": 0.35032,
        "nauc_precision_at_20_diff1": 0.806742,
        "nauc_precision_at_100_max": 1.0,
        "nauc_precision_at_100_std": 1.0,
        "nauc_precision_at_100_diff1": 1.0,
        "nauc_precision_at_1000_max": 1.0,
        "nauc_precision_at_1000_std": 1.0,
        "nauc_precision_at_1000_diff1": 1.0,
        "nauc_mrr_at_1_max": 0.758426,
        "nauc_mrr_at_1_std": 0.020162,
        "nauc_mrr_at_1_diff1": 0.8875,
        "nauc_mrr_at_3_max": 0.753073,
        "nauc_mrr_at_3_std": 0.058597,
        "nauc_mrr_at_3_diff1": 0.870305,
        "nauc_mrr_at_5_max": 0.752684,
        "nauc_mrr_at_5_std": 0.082696,
        "nauc_mrr_at_5_diff1": 0.860088,
        "nauc_mrr_at_10_max": 0.752752,
        "nauc_mrr_at_10_std": 0.075848,
        "nauc_mrr_at_10_diff1": 0.862201,
        "nauc_mrr_at_20_max": 0.753127,
        "nauc_mrr_at_20_std": 0.078846,
        "nauc_mrr_at_20_diff1": 0.863327,
        "nauc_mrr_at_100_max": 0.753182,
        "nauc_mrr_at_100_std": 0.074355,
        "nauc_mrr_at_100_diff1": 0.864196,
        "nauc_mrr_at_1000_max": 0.753182,
        "nauc_mrr_at_1000_std": 0.074355,
        "nauc_mrr_at_1000_diff1": 0.864196,
        "main_score": 0.75239,
        "hf_subset": "ko",
        "languages": [
          "kor-Hang"
        ]
      }
    ]
  },
  "evaluation_time": 902.656984090805,
  "kg_co2_emissions": null
}