{
  "dataset_revision": "main",
  "task_name": "PublicHealthQA",
  "mteb_version": "1.38.57",
  "scores": {
    "test": [
      {
        "ndcg_at_1": 0.45455,
        "ndcg_at_3": 0.52968,
        "ndcg_at_5": 0.54646,
        "ndcg_at_10": 0.55109,
        "ndcg_at_20": 0.55409,
        "ndcg_at_100": 0.55701,
        "ndcg_at_1000": 0.55701,
        "map_at_1": 0.45455,
        "map_at_3": 0.51082,
        "map_at_5": 0.52056,
        "map_at_10": 0.52273,
        "map_at_20": 0.52341,
        "map_at_100": 0.52403,
        "map_at_1000": 0.52403,
        "recall_at_1": 0.45455,
        "recall_at_3": 0.58442,
        "recall_at_5": 0.62338,
        "recall_at_10": 0.63636,
        "recall_at_20": 0.64935,
        "recall_at_100": 0.66234,
        "recall_at_1000": 0.66234,
        "precision_at_1": 0.45455,
        "precision_at_3": 0.19481,
        "precision_at_5": 0.12468,
        "precision_at_10": 0.06364,
        "precision_at_20": 0.03247,
        "precision_at_100": 0.00662,
        "precision_at_1000": 0.00066,
        "mrr_at_1": 0.454545,
        "mrr_at_3": 0.510823,
        "mrr_at_5": 0.520563,
        "mrr_at_10": 0.522727,
        "mrr_at_20": 0.523411,
        "mrr_at_100": 0.524029,
        "mrr_at_1000": 0.524029,
        "nauc_ndcg_at_1_max": 0.504811,
        "nauc_ndcg_at_1_std": -0.051636,
        "nauc_ndcg_at_1_diff1": 0.445572,
        "nauc_ndcg_at_3_max": 0.495623,
        "nauc_ndcg_at_3_std": 0.05564,
        "nauc_ndcg_at_3_diff1": 0.349462,
        "nauc_ndcg_at_5_max": 0.505696,
        "nauc_ndcg_at_5_std": 0.054674,
        "nauc_ndcg_at_5_diff1": 0.331375,
        "nauc_ndcg_at_10_max": 0.512069,
        "nauc_ndcg_at_10_std": 0.063094,
        "nauc_ndcg_at_10_diff1": 0.323697,
        "nauc_ndcg_at_20_max": 0.505407,
        "nauc_ndcg_at_20_std": 0.054114,
        "nauc_ndcg_at_20_diff1": 0.320205,
        "nauc_ndcg_at_100_max": 0.50681,
        "nauc_ndcg_at_100_std": 0.06494,
        "nauc_ndcg_at_100_diff1": 0.318571,
        "nauc_ndcg_at_1000_max": 0.50681,
        "nauc_ndcg_at_1000_std": 0.06494,
        "nauc_ndcg_at_1000_diff1": 0.318571,
        "nauc_map_at_1_max": 0.504811,
        "nauc_map_at_1_std": -0.051636,
        "nauc_map_at_1_diff1": 0.445572,
        "nauc_map_at_3_max": 0.499976,
        "nauc_map_at_3_std": 0.02648,
        "nauc_map_at_3_diff1": 0.376216,
        "nauc_map_at_5_max": 0.505735,
        "nauc_map_at_5_std": 0.02552,
        "nauc_map_at_5_diff1": 0.366366,
        "nauc_map_at_10_max": 0.508628,
        "nauc_map_at_10_std": 0.029237,
        "nauc_map_at_10_diff1": 0.363006,
        "nauc_map_at_20_max": 0.50716,
        "nauc_map_at_20_std": 0.027225,
        "nauc_map_at_20_diff1": 0.362283,
        "nauc_map_at_100_max": 0.507449,
        "nauc_map_at_100_std": 0.02941,
        "nauc_map_at_100_diff1": 0.361993,
        "nauc_map_at_1000_max": 0.507449,
        "nauc_map_at_1000_std": 0.02941,
        "nauc_map_at_1000_diff1": 0.361993,
        "nauc_recall_at_1_max": 0.504811,
        "nauc_recall_at_1_std": -0.051636,
        "nauc_recall_at_1_diff1": 0.445572,
        "nauc_recall_at_3_max": 0.481365,
        "nauc_recall_at_3_std": 0.146101,
        "nauc_recall_at_3_diff1": 0.266209,
        "nauc_recall_at_5_max": 0.50587,
        "nauc_recall_at_5_std": 0.149388,
        "nauc_recall_at_5_diff1": 0.215321,
        "nauc_recall_at_10_max": 0.525629,
        "nauc_recall_at_10_std": 0.177809,
        "nauc_recall_at_10_diff1": 0.188676,
        "nauc_recall_at_20_max": 0.493549,
        "nauc_recall_at_20_std": 0.13699,
        "nauc_recall_at_20_diff1": 0.168289,
        "nauc_recall_at_100_max": 0.500434,
        "nauc_recall_at_100_std": 0.194611,
        "nauc_recall_at_100_diff1": 0.156,
        "nauc_recall_at_1000_max": 0.500434,
        "nauc_recall_at_1000_std": 0.194611,
        "nauc_recall_at_1000_diff1": 0.156,
        "nauc_precision_at_1_max": 0.504811,
        "nauc_precision_at_1_std": -0.051636,
        "nauc_precision_at_1_diff1": 0.445572,
        "nauc_precision_at_3_max": 0.481365,
        "nauc_precision_at_3_std": 0.146101,
        "nauc_precision_at_3_diff1": 0.266209,
        "nauc_precision_at_5_max": 0.50587,
        "nauc_precision_at_5_std": 0.149388,
        "nauc_precision_at_5_diff1": 0.215321,
        "nauc_precision_at_10_max": 0.525629,
        "nauc_precision_at_10_std": 0.177809,
        "nauc_precision_at_10_diff1": 0.188676,
        "nauc_precision_at_20_max": 0.493549,
        "nauc_precision_at_20_std": 0.13699,
        "nauc_precision_at_20_diff1": 0.168289,
        "nauc_precision_at_100_max": 0.500434,
        "nauc_precision_at_100_std": 0.194611,
        "nauc_precision_at_100_diff1": 0.156,
        "nauc_precision_at_1000_max": 0.500434,
        "nauc_precision_at_1000_std": 0.194611,
        "nauc_precision_at_1000_diff1": 0.156,
        "nauc_mrr_at_1_max": 0.504811,
        "nauc_mrr_at_1_std": -0.051636,
        "nauc_mrr_at_1_diff1": 0.445572,
        "nauc_mrr_at_3_max": 0.499976,
        "nauc_mrr_at_3_std": 0.02648,
        "nauc_mrr_at_3_diff1": 0.376216,
        "nauc_mrr_at_5_max": 0.505735,
        "nauc_mrr_at_5_std": 0.02552,
        "nauc_mrr_at_5_diff1": 0.366366,
        "nauc_mrr_at_10_max": 0.508628,
        "nauc_mrr_at_10_std": 0.029237,
        "nauc_mrr_at_10_diff1": 0.363006,
        "nauc_mrr_at_20_max": 0.50716,
        "nauc_mrr_at_20_std": 0.027225,
        "nauc_mrr_at_20_diff1": 0.362283,
        "nauc_mrr_at_100_max": 0.507449,
        "nauc_mrr_at_100_std": 0.02941,
        "nauc_mrr_at_100_diff1": 0.361993,
        "nauc_mrr_at_1000_max": 0.507449,
        "nauc_mrr_at_1000_std": 0.02941,
        "nauc_mrr_at_1000_diff1": 0.361993,
        "main_score": 0.55109,
        "hf_subset": "korean",
        "languages": [
          "kor-Hang"
        ]
      }
    ]
  },
  "evaluation_time": 8.804672002792358,
  "kg_co2_emissions": null
}