{
  "dataset_revision": "c99d599f0a6ab9b85b065da6f9d94f9cf731679f",
  "task_name": "XPQARetrieval",
  "mteb_version": "1.38.57",
  "scores": {
    "test": [
      {
        "ndcg_at_1": 0.30428,
        "ndcg_at_3": 0.34751,
        "ndcg_at_5": 0.38473,
        "ndcg_at_10": 0.43262,
        "ndcg_at_20": 0.47702,
        "ndcg_at_100": 0.53093,
        "ndcg_at_1000": 0.53093,
        "map_at_1": 0.21914,
        "map_at_3": 0.31295,
        "map_at_5": 0.3395,
        "map_at_10": 0.36306,
        "map_at_20": 0.37808,
        "map_at_100": 0.38877,
        "map_at_1000": 0.38877,
        "recall_at_1": 0.21914,
        "recall_at_3": 0.37892,
        "recall_at_5": 0.46572,
        "recall_at_10": 0.59745,
        "recall_at_20": 0.75196,
        "recall_at_100": 1.0,
        "recall_at_1000": 1.0,
        "precision_at_1": 0.30428,
        "precision_at_3": 0.19623,
        "precision_at_5": 0.14771,
        "precision_at_10": 0.09541,
        "precision_at_20": 0.06047,
        "precision_at_100": 0.01564,
        "precision_at_1000": 0.00156,
        "mrr_at_1": 0.307339,
        "mrr_at_3": 0.369521,
        "mrr_at_5": 0.390545,
        "mrr_at_10": 0.40643,
        "mrr_at_20": 0.415455,
        "mrr_at_100": 0.422133,
        "mrr_at_1000": 0.422133,
        "nauc_ndcg_at_1_max": 0.182549,
        "nauc_ndcg_at_1_std": -0.056007,
        "nauc_ndcg_at_1_diff1": 0.475127,
        "nauc_ndcg_at_3_max": 0.144565,
        "nauc_ndcg_at_3_std": -0.083736,
        "nauc_ndcg_at_3_diff1": 0.424218,
        "nauc_ndcg_at_5_max": 0.141589,
        "nauc_ndcg_at_5_std": -0.083085,
        "nauc_ndcg_at_5_diff1": 0.412992,
        "nauc_ndcg_at_10_max": 0.135032,
        "nauc_ndcg_at_10_std": -0.088857,
        "nauc_ndcg_at_10_diff1": 0.41274,
        "nauc_ndcg_at_20_max": 0.146527,
        "nauc_ndcg_at_20_std": -0.074259,
        "nauc_ndcg_at_20_diff1": 0.41939,
        "nauc_ndcg_at_100_max": 0.160902,
        "nauc_ndcg_at_100_std": -0.062964,
        "nauc_ndcg_at_100_diff1": 0.421624,
        "nauc_ndcg_at_1000_max": 0.160902,
        "nauc_ndcg_at_1000_std": -0.062964,
        "nauc_ndcg_at_1000_diff1": 0.421624,
        "nauc_map_at_1_max": 0.156863,
        "nauc_map_at_1_std": -0.088988,
        "nauc_map_at_1_diff1": 0.50085,
        "nauc_map_at_3_max": 0.161614,
        "nauc_map_at_3_std": -0.070233,
        "nauc_map_at_3_diff1": 0.43171,
        "nauc_map_at_5_max": 0.157227,
        "nauc_map_at_5_std": -0.070416,
        "nauc_map_at_5_diff1": 0.418877,
        "nauc_map_at_10_max": 0.154017,
        "nauc_map_at_10_std": -0.073243,
        "nauc_map_at_10_diff1": 0.417602,
        "nauc_map_at_20_max": 0.158444,
        "nauc_map_at_20_std": -0.067173,
        "nauc_map_at_20_diff1": 0.419171,
        "nauc_map_at_100_max": 0.162053,
        "nauc_map_at_100_std": -0.063889,
        "nauc_map_at_100_diff1": 0.419695,
        "nauc_map_at_1000_max": 0.162053,
        "nauc_map_at_1000_std": -0.063889,
        "nauc_map_at_1000_diff1": 0.419695,
        "nauc_recall_at_1_max": 0.156863,
        "nauc_recall_at_1_std": -0.088988,
        "nauc_recall_at_1_diff1": 0.50085,
        "nauc_recall_at_3_max": 0.111035,
        "nauc_recall_at_3_std": -0.105302,
        "nauc_recall_at_3_diff1": 0.391791,
        "nauc_recall_at_5_max": 0.098213,
        "nauc_recall_at_5_std": -0.106245,
        "nauc_recall_at_5_diff1": 0.359234,
        "nauc_recall_at_10_max": 0.070867,
        "nauc_recall_at_10_std": -0.131889,
        "nauc_recall_at_10_diff1": 0.35647,
        "nauc_recall_at_20_max": 0.083203,
        "nauc_recall_at_20_std": -0.105337,
        "nauc_recall_at_20_diff1": 0.380271,
        "nauc_recall_at_100_max": NaN,
        "nauc_recall_at_100_std": NaN,
        "nauc_recall_at_100_diff1": NaN,
        "nauc_recall_at_1000_max": NaN,
        "nauc_recall_at_1000_std": NaN,
        "nauc_recall_at_1000_diff1": NaN,
        "nauc_precision_at_1_max": 0.182549,
        "nauc_precision_at_1_std": -0.056007,
        "nauc_precision_at_1_diff1": 0.475127,
        "nauc_precision_at_3_max": 0.134093,
        "nauc_precision_at_3_std": -0.022287,
        "nauc_precision_at_3_diff1": 0.257285,
        "nauc_precision_at_5_max": 0.118486,
        "nauc_precision_at_5_std": -0.008303,
        "nauc_precision_at_5_diff1": 0.194747,
        "nauc_precision_at_10_max": 0.086221,
        "nauc_precision_at_10_std": -0.002723,
        "nauc_precision_at_10_diff1": 0.133671,
        "nauc_precision_at_20_max": 0.119627,
        "nauc_precision_at_20_std": 0.078027,
        "nauc_precision_at_20_diff1": 0.08298,
        "nauc_precision_at_100_max": 0.132957,
        "nauc_precision_at_100_std": 0.157325,
        "nauc_precision_at_100_diff1": -0.063439,
        "nauc_precision_at_1000_max": 0.132957,
        "nauc_precision_at_1000_std": 0.157325,
        "nauc_precision_at_1000_diff1": -0.063439,
        "nauc_mrr_at_1_max": 0.175419,
        "nauc_mrr_at_1_std": -0.060875,
        "nauc_mrr_at_1_diff1": 0.465589,
        "nauc_mrr_at_3_max": 0.141099,
        "nauc_mrr_at_3_std": -0.089534,
        "nauc_mrr_at_3_diff1": 0.442236,
        "nauc_mrr_at_5_max": 0.142327,
        "nauc_mrr_at_5_std": -0.086707,
        "nauc_mrr_at_5_diff1": 0.439404,
        "nauc_mrr_at_10_max": 0.142695,
        "nauc_mrr_at_10_std": -0.086424,
        "nauc_mrr_at_10_diff1": 0.44019,
        "nauc_mrr_at_20_max": 0.144978,
        "nauc_mrr_at_20_std": -0.084258,
        "nauc_mrr_at_20_diff1": 0.44265,
        "nauc_mrr_at_100_max": 0.145871,
        "nauc_mrr_at_100_std": -0.083655,
        "nauc_mrr_at_100_diff1": 0.442419,
        "nauc_mrr_at_1000_max": 0.145871,
        "nauc_mrr_at_1000_std": -0.083655,
        "nauc_mrr_at_1000_diff1": 0.442419,
        "main_score": 0.43262,
        "hf_subset": "kor-kor",
        "languages": [
          "kor-Hang",
          "kor-Hang"
        ]
      },
      {
        "ndcg_at_1": 0.01529,
        "ndcg_at_3": 0.01622,
        "ndcg_at_5": 0.01718,
        "ndcg_at_10": 0.02145,
        "ndcg_at_20": 0.02457,
        "ndcg_at_100": 0.02691,
        "ndcg_at_1000": 0.02691,
        "map_at_1": 0.0068,
        "map_at_3": 0.01164,
        "map_at_5": 0.01253,
        "map_at_10": 0.01408,
        "map_at_20": 0.01483,
        "map_at_100": 0.01519,
        "map_at_1000": 0.01519,
        "recall_at_1": 0.0068,
        "recall_at_3": 0.01697,
        "recall_at_5": 0.02016,
        "recall_at_10": 0.0318,
        "recall_at_20": 0.04307,
        "recall_at_100": 0.05306,
        "recall_at_1000": 0.05306,
        "precision_at_1": 0.01529,
        "precision_at_3": 0.01172,
        "precision_at_5": 0.00826,
        "precision_at_10": 0.00612,
        "precision_at_20": 0.00398,
        "precision_at_100": 0.00096,
        "precision_at_1000": 0.0001,
        "mrr_at_1": 0.015291,
        "mrr_at_3": 0.023191,
        "mrr_at_5": 0.023879,
        "mrr_at_10": 0.02649,
        "mrr_at_20": 0.027591,
        "mrr_at_100": 0.028168,
        "mrr_at_1000": 0.028168,
        "nauc_ndcg_at_1_max": 0.038631,
        "nauc_ndcg_at_1_std": -0.045134,
        "nauc_ndcg_at_1_diff1": 0.275774,
        "nauc_ndcg_at_3_max": 0.036878,
        "nauc_ndcg_at_3_std": -0.014596,
        "nauc_ndcg_at_3_diff1": 0.16125,
        "nauc_ndcg_at_5_max": 0.064298,
        "nauc_ndcg_at_5_std": 0.01103,
        "nauc_ndcg_at_5_diff1": 0.141565,
        "nauc_ndcg_at_10_max": 0.037624,
        "nauc_ndcg_at_10_std": 0.014412,
        "nauc_ndcg_at_10_diff1": 0.109496,
        "nauc_ndcg_at_20_max": 0.056094,
        "nauc_ndcg_at_20_std": 0.033542,
        "nauc_ndcg_at_20_diff1": 0.117077,
        "nauc_ndcg_at_100_max": 0.071894,
        "nauc_ndcg_at_100_std": 0.045413,
        "nauc_ndcg_at_100_diff1": 0.134422,
        "nauc_ndcg_at_1000_max": 0.071894,
        "nauc_ndcg_at_1000_std": 0.045413,
        "nauc_ndcg_at_1000_diff1": 0.134422,
        "nauc_map_at_1_max": 0.175814,
        "nauc_map_at_1_std": -0.014338,