{
  "dataset_revision": "fd7df84ac089bbec763b1c6bb1b56e985df5cc5c",
  "task_name": "AutoRAGRetrieval",
  "mteb_version": "1.38.1",
  "scores": {
    "test": [
      {
        "ndcg_at_1": 0.80702,
        "ndcg_at_3": 0.8986,
        "ndcg_at_5": 0.90238,
        "ndcg_at_10": 0.90863,
        "ndcg_at_20": 0.911,
        "ndcg_at_100": 0.911,
        "ndcg_at_1000": 0.911,
        "map_at_1": 0.80702,
        "map_at_3": 0.87573,
        "map_at_5": 0.87792,
        "map_at_10": 0.88085,
        "map_at_20": 0.88158,
        "map_at_100": 0.88158,
        "map_at_1000": 0.88158,
        "recall_at_1": 0.80702,
        "recall_at_3": 0.96491,
        "recall_at_5": 0.97368,
        "recall_at_10": 0.99123,
        "recall_at_20": 1.0,
        "recall_at_100": 1.0,
        "recall_at_1000": 1.0,
        "precision_at_1": 0.80702,
        "precision_at_3": 0.32164,
        "precision_at_5": 0.19474,
        "precision_at_10": 0.09912,
        "precision_at_20": 0.05,
        "precision_at_100": 0.01,
        "precision_at_1000": 0.001,
        "mrr_at_1": 0.807018,
        "mrr_at_3": 0.875731,
        "mrr_at_5": 0.877924,
        "mrr_at_10": 0.880848,
        "mrr_at_20": 0.881579,
        "mrr_at_100": 0.881579,
        "mrr_at_1000": 0.881579,
        "nauc_ndcg_at_1_max": 0.445688,
        "nauc_ndcg_at_1_std": 0.122132,
        "nauc_ndcg_at_1_diff1": 0.854993,
        "nauc_ndcg_at_3_max": 0.472857,
        "nauc_ndcg_at_3_std": 0.149237,
        "nauc_ndcg_at_3_diff1": 0.782788,
        "nauc_ndcg_at_5_max": 0.462718,
        "nauc_ndcg_at_5_std": 0.119962,
        "nauc_ndcg_at_5_diff1": 0.792052,
        "nauc_ndcg_at_10_max": 0.450047,
        "nauc_ndcg_at_10_std": 0.104218,
        "nauc_ndcg_at_10_diff1": 0.804905,
        "nauc_ndcg_at_20_max": 0.452647,
        "nauc_ndcg_at_20_std": 0.111903,
        "nauc_ndcg_at_20_diff1": 0.817475,
        "nauc_ndcg_at_100_max": 0.452647,
        "nauc_ndcg_at_100_std": 0.111903,
        "nauc_ndcg_at_100_diff1": 0.817475,
        "nauc_ndcg_at_1000_max": 0.452647,
        "nauc_ndcg_at_1000_std": 0.111903,
        "nauc_ndcg_at_1000_diff1": 0.817475,
        "nauc_map_at_1_max": 0.445688,
        "nauc_map_at_1_std": 0.122132,
        "nauc_map_at_1_diff1": 0.854993,
        "nauc_map_at_3_max": 0.461107,
        "nauc_map_at_3_std": 0.130395,
        "nauc_map_at_3_diff1": 0.808468,
        "nauc_map_at_5_max": 0.456159,
        "nauc_map_at_5_std": 0.116392,
        "nauc_map_at_5_diff1": 0.813273,
        "nauc_map_at_10_max": 0.451433,
        "nauc_map_at_10_std": 0.110638,
        "nauc_map_at_10_diff1": 0.818444,
        "nauc_map_at_20_max": 0.452045,
        "nauc_map_at_20_std": 0.112463,
        "nauc_map_at_20_diff1": 0.821449,
        "nauc_map_at_100_max": 0.452045,
        "nauc_map_at_100_std": 0.112463,
        "nauc_map_at_100_diff1": 0.821449,
        "nauc_map_at_1000_max": 0.452045,
        "nauc_map_at_1000_std": 0.112463,
        "nauc_map_at_1000_diff1": 0.821449,
        "nauc_recall_at_1_max": 0.445688,
        "nauc_recall_at_1_std": 0.122132,
        "nauc_recall_at_1_diff1": 0.854993,
        "nauc_recall_at_3_max": 0.589275,
        "nauc_recall_at_3_std": 0.344364,
        "nauc_recall_at_3_diff1": 0.534901,
        "nauc_recall_at_5_max": 0.544898,
        "nauc_recall_at_5_std": 0.169222,
        "nauc_recall_at_5_diff1": 0.528281,
        "nauc_recall_at_10_max": 0.357528,
        "nauc_recall_at_10_std": -0.169326,
        "nauc_recall_at_10_diff1": 0.357528,
        "nauc_recall_at_20_max": NaN,
        "nauc_recall_at_20_std": NaN,
        "nauc_recall_at_20_diff1": NaN,
        "nauc_recall_at_100_max": NaN,
        "nauc_recall_at_100_std": NaN,
        "nauc_recall_at_100_diff1": NaN,
        "nauc_recall_at_1000_max": NaN,
        "nauc_recall_at_1000_std": NaN,
        "nauc_recall_at_1000_diff1": NaN,
        "nauc_precision_at_1_max": 0.445688,
        "nauc_precision_at_1_std": 0.122132,
        "nauc_precision_at_1_diff1": 0.854993,
        "nauc_precision_at_3_max": 0.589275,
        "nauc_precision_at_3_std": 0.344364,
        "nauc_precision_at_3_diff1": 0.534901,
        "nauc_precision_at_5_max": 0.544898,
        "nauc_precision_at_5_std": 0.169222,
        "nauc_precision_at_5_diff1": 0.528281,
        "nauc_precision_at_10_max": 0.357528,
        "nauc_precision_at_10_std": -0.169326,
        "nauc_precision_at_10_diff1": 0.357528,
        "nauc_precision_at_20_max": 1.0,
        "nauc_precision_at_20_std": 1.0,
        "nauc_precision_at_20_diff1": 1.0,
        "nauc_precision_at_100_max": 1.0,
        "nauc_precision_at_100_std": 1.0,
        "nauc_precision_at_100_diff1": 1.0,
        "nauc_precision_at_1000_max": 1.0,
        "nauc_precision_at_1000_std": 1.0,
        "nauc_precision_at_1000_diff1": 1.0,
        "nauc_mrr_at_1_max": 0.445688,
        "nauc_mrr_at_1_std": 0.122132,
        "nauc_mrr_at_1_diff1": 0.854993,
        "nauc_mrr_at_3_max": 0.461107,
        "nauc_mrr_at_3_std": 0.130395,
        "nauc_mrr_at_3_diff1": 0.808468,
        "nauc_mrr_at_5_max": 0.456159,
        "nauc_mrr_at_5_std": 0.116392,
        "nauc_mrr_at_5_diff1": 0.813273,
        "nauc_mrr_at_10_max": 0.451433,
        "nauc_mrr_at_10_std": 0.110638,
        "nauc_mrr_at_10_diff1": 0.818444,
        "nauc_mrr_at_20_max": 0.452045,
        "nauc_mrr_at_20_std": 0.112463,
        "nauc_mrr_at_20_diff1": 0.821449,
        "nauc_mrr_at_100_max": 0.452045,
        "nauc_mrr_at_100_std": 0.112463,
        "nauc_mrr_at_100_diff1": 0.821449,
        "nauc_mrr_at_1000_max": 0.452045,
        "nauc_mrr_at_1000_std": 0.112463,
        "nauc_mrr_at_1000_diff1": 0.821449,
        "main_score": 0.90863,
        "hf_subset": "default",
        "languages": [
          "kor-Hang"
        ]
      }
    ]
  },
  "evaluation_time": 0.6419541835784912,
  "kg_co2_emissions": null
}