{
  "dataset_revision": "75b399394a9803252cfec289d103de462763db7c",
  "task_name": "BelebeleRetrieval",
  "mteb_version": "1.38.1",
  "scores": {
    "test": [
      {
        "ndcg_at_1": 0.78111,
        "ndcg_at_3": 0.84501,
        "ndcg_at_5": 0.854,
        "ndcg_at_10": 0.86173,
        "ndcg_at_20": 0.86765,
        "ndcg_at_100": 0.87247,
        "ndcg_at_1000": 0.8746,
        "map_at_1": 0.78111,
        "map_at_3": 0.82944,
        "map_at_5": 0.83433,
        "map_at_10": 0.83763,
        "map_at_20": 0.83927,
        "map_at_100": 0.84005,
        "map_at_1000": 0.84013,
        "recall_at_1": 0.78111,
        "recall_at_3": 0.89,
        "recall_at_5": 0.91222,
        "recall_at_10": 0.93556,
        "recall_at_20": 0.95889,
        "recall_at_100": 0.98333,
        "recall_at_1000": 1.0,
        "precision_at_1": 0.78111,
        "precision_at_3": 0.29667,
        "precision_at_5": 0.18244,
        "precision_at_10": 0.09356,
        "precision_at_20": 0.04794,
        "precision_at_100": 0.00983,
        "precision_at_1000": 0.001,
        "mrr_at_1": 0.781111,
        "mrr_at_3": 0.829444,
        "mrr_at_5": 0.834333,
        "mrr_at_10": 0.83763,
        "mrr_at_20": 0.83927,
        "mrr_at_100": 0.840049,
        "mrr_at_1000": 0.840127,
        "nauc_ndcg_at_1_max": 0.814159,
        "nauc_ndcg_at_1_std": 0.3523,
        "nauc_ndcg_at_1_diff1": 0.857089,
        "nauc_ndcg_at_3_max": 0.833241,
        "nauc_ndcg_at_3_std": 0.349976,
        "nauc_ndcg_at_3_diff1": 0.838792,
        "nauc_ndcg_at_5_max": 0.8279,
        "nauc_ndcg_at_5_std": 0.348236,
        "nauc_ndcg_at_5_diff1": 0.834151,
        "nauc_ndcg_at_10_max": 0.829422,
        "nauc_ndcg_at_10_std": 0.341862,
        "nauc_ndcg_at_10_diff1": 0.838768,
        "nauc_ndcg_at_20_max": 0.827805,
        "nauc_ndcg_at_20_std": 0.347067,
        "nauc_ndcg_at_20_diff1": 0.838085,
        "nauc_ndcg_at_100_max": 0.828761,
        "nauc_ndcg_at_100_std": 0.347239,
        "nauc_ndcg_at_100_diff1": 0.841461,
        "nauc_ndcg_at_1000_max": 0.827862,
        "nauc_ndcg_at_1000_std": 0.347425,
        "nauc_ndcg_at_1000_diff1": 0.842084,
        "nauc_map_at_1_max": 0.814159,
        "nauc_map_at_1_std": 0.3523,
        "nauc_map_at_1_diff1": 0.857089,
        "nauc_map_at_3_max": 0.82929,
        "nauc_map_at_3_std": 0.351137,
        "nauc_map_at_3_diff1": 0.844557,
        "nauc_map_at_5_max": 0.826592,
        "nauc_map_at_5_std": 0.350143,
        "nauc_map_at_5_diff1": 0.842546,
        "nauc_map_at_10_max": 0.827028,
        "nauc_map_at_10_std": 0.347431,
        "nauc_map_at_10_diff1": 0.844427,
        "nauc_map_at_20_max": 0.826646,
        "nauc_map_at_20_std": 0.348504,
        "nauc_map_at_20_diff1": 0.844367,
        "nauc_map_at_100_max": 0.826691,
        "nauc_map_at_100_std": 0.34845,
        "nauc_map_at_100_diff1": 0.844759,
        "nauc_map_at_1000_max": 0.826673,
        "nauc_map_at_1000_std": 0.348516,
        "nauc_map_at_1000_diff1": 0.844778,
        "nauc_recall_at_1_max": 0.814159,
        "nauc_recall_at_1_std": 0.3523,
        "nauc_recall_at_1_diff1": 0.857089,
        "nauc_recall_at_3_max": 0.848915,
        "nauc_recall_at_3_std": 0.344768,
        "nauc_recall_at_3_diff1": 0.814172,
        "nauc_recall_at_5_max": 0.831797,
        "nauc_recall_at_5_std": 0.338108,
        "nauc_recall_at_5_diff1": 0.789721,
        "nauc_recall_at_10_max": 0.843644,
        "nauc_recall_at_10_std": 0.300807,
        "nauc_recall_at_10_diff1": 0.801716,
        "nauc_recall_at_20_max": 0.831996,
        "nauc_recall_at_20_std": 0.345143,
        "nauc_recall_at_20_diff1": 0.77157,
        "nauc_recall_at_100_max": 0.882353,
        "nauc_recall_at_100_std": 0.359944,
        "nauc_recall_at_100_diff1": 0.807345,
        "nauc_recall_at_1000_max": NaN,
        "nauc_recall_at_1000_std": NaN,
        "nauc_recall_at_1000_diff1": NaN,
        "nauc_precision_at_1_max": 0.814159,
        "nauc_precision_at_1_std": 0.3523,
        "nauc_precision_at_1_diff1": 0.857089,
        "nauc_precision_at_3_max": 0.848915,
        "nauc_precision_at_3_std": 0.344768,
        "nauc_precision_at_3_diff1": 0.814172,
        "nauc_precision_at_5_max": 0.831797,
        "nauc_precision_at_5_std": 0.338108,
        "nauc_precision_at_5_diff1": 0.789721,
        "nauc_precision_at_10_max": 0.843644,
        "nauc_precision_at_10_std": 0.300807,
        "nauc_precision_at_10_diff1": 0.801716,
        "nauc_precision_at_20_max": 0.831996,
        "nauc_precision_at_20_std": 0.345143,
        "nauc_precision_at_20_diff1": 0.77157,
        "nauc_precision_at_100_max": 0.882353,
        "nauc_precision_at_100_std": 0.359944,
        "nauc_precision_at_100_diff1": 0.807345,
        "nauc_precision_at_1000_max": NaN,
        "nauc_precision_at_1000_std": NaN,
        "nauc_precision_at_1000_diff1": NaN,
        "nauc_mrr_at_1_max": 0.814159,
        "nauc_mrr_at_1_std": 0.3523,
        "nauc_mrr_at_1_diff1": 0.857089,
        "nauc_mrr_at_3_max": 0.82929,
        "nauc_mrr_at_3_std": 0.351137,
        "nauc_mrr_at_3_diff1": 0.844557,
        "nauc_mrr_at_5_max": 0.826592,
        "nauc_mrr_at_5_std": 0.350143,
        "nauc_mrr_at_5_diff1": 0.842546,
        "nauc_mrr_at_10_max": 0.827028,
        "nauc_mrr_at_10_std": 0.347431,
        "nauc_mrr_at_10_diff1": 0.844427,
        "nauc_mrr_at_20_max": 0.826646,
        "nauc_mrr_at_20_std": 0.348504,
        "nauc_mrr_at_20_diff1": 0.844367,
        "nauc_mrr_at_100_max": 0.826691,
        "nauc_mrr_at_100_std": 0.34845,
        "nauc_mrr_at_100_diff1": 0.844759,
        "nauc_mrr_at_1000_max": 0.826673,
        "nauc_mrr_at_1000_std": 0.348516,
        "nauc_mrr_at_1000_diff1": 0.844778,
        "main_score": 0.86173,
        "hf_subset": "kor_Hang-kor_Hang",
        "languages": [
          "kor-Hang",
          "kor-Hang"
        ]
      },
      {
        "ndcg_at_1": 0.07778,
        "ndcg_at_3": 0.09841,
        "ndcg_at_5": 0.10707,
        "ndcg_at_10": 0.11852,
        "ndcg_at_20": 0.12528,
        "ndcg_at_100": 0.1497,
        "ndcg_at_1000": 0.23144,
        "map_at_1": 0.07778,
        "map_at_3": 0.09259,
        "map_at_5": 0.09737,
        "map_at_10": 0.10207,
        "map_at_20": 0.10393,
        "map_at_100": 0.1066,
        "map_at_1000": 0.10924,
        "recall_at_1": 0.07778,
        "recall_at_3": 0.11556,
        "recall_at_5": 0.13667,
        "recall_at_10": 0.17222,
        "recall_at_20": 0.19889,
        "recall_at_100": 0.34111,
        "recall_at_1000": 1.0,
        "precision_at_1": 0.07778,
        "precision_at_3": 0.03852,
        "precision_at_5": 0.02733,
        "precision_at_10": 0.01722,
        "precision_at_20": 0.00994,
        "precision_at_100": 0.00341,
        "precision_at_1000": 0.001,
        "mrr_at_1": 0.077778,
        "mrr_at_3": 0.092593,
        "mrr_at_5": 0.09737,
        "mrr_at_10": 0.102071,
        "mrr_at_20": 0.103935,
        "mrr_at_100": 0.106676,
        "mrr_at_1000": 0.10934,
        "nauc_ndcg_at_1_max": 0.493001,
        "nauc_ndcg_at_1_std": 0.205661,
        "nauc_ndcg_at_1_diff1": 0.591728,
        "nauc_ndcg_at_3_max": 0.368988,
        "nauc_ndcg_at_3_std": 0.15134,
        "nauc_ndcg_at_3_diff1": 0.43112,
        "nauc_ndcg_at_5_max": 0.339903,
        "nauc_ndcg_at_5_std": 0.143991,
        "nauc_ndcg_at_5_diff1": 0.401276,
        "nauc_ndcg_at_10_max": 0.325866,
        "nauc_ndcg_at_10_std": 0.16095,
        "nauc_ndcg_at_10_diff1": 0.382445,
        "nauc_ndcg_at_20_max": 0.315304,
        "nauc_ndcg_at_20_std": 0.167713,
        "nauc_ndcg_at_20_diff1": 0.366202,
        "nauc_ndcg_at_100_max": 0.29131,
        "nauc_ndcg_at_100_std": 0.166524,
        "nauc_ndcg_at_100_diff1": 0.332588,
        "nauc_ndcg_at_1000_max": 0.326928,
        "nauc_ndcg_at_1000_std": 0.165909,
        "nauc_ndcg_at_1000_diff1": 0.380332,
        "nauc_map_at_1_max": 0.493001,
        "nauc_map_at_1_std": 0.205661,
        "nauc_map_at_1_diff1": 0.591728,