{
  "dataset_revision": "d243889a3eb6654029dbd7e7f9319ae31d58f97c",
  "task_name": "Ko-StrategyQA",
  "mteb_version": "1.38.1",
  "scores": {
    "dev": [
      {
        "ndcg_at_1": 0.41216,
        "ndcg_at_3": 0.44951,
        "ndcg_at_5": 0.49136,
        "ndcg_at_10": 0.5277,
        "ndcg_at_20": 0.54994,
        "ndcg_at_100": 0.57128,
        "ndcg_at_1000": 0.5801,
        "map_at_1": 0.26301,
        "map_at_3": 0.39541,
        "map_at_5": 0.42609,
        "map_at_10": 0.44498,
        "map_at_20": 0.45346,
        "map_at_100": 0.45814,
        "map_at_1000": 0.45862,
        "recall_at_1": 0.26301,
        "recall_at_3": 0.48957,
        "recall_at_5": 0.57668,
        "recall_at_10": 0.66964,
        "recall_at_20": 0.74058,
        "recall_at_100": 0.82983,
        "recall_at_1000": 0.88441,
        "precision_at_1": 0.41216,
        "precision_at_3": 0.27309,
        "precision_at_5": 0.19831,
        "precision_at_10": 0.11757,
        "precision_at_20": 0.0663,
        "precision_at_100": 0.0153,
        "precision_at_1000": 0.00166,
        "mrr_at_1": 0.412162,
        "mrr_at_3": 0.509291,
        "mrr_at_5": 0.525845,
        "mrr_at_10": 0.537708,
        "mrr_at_20": 0.541028,
        "mrr_at_100": 0.542364,
        "mrr_at_1000": 0.54251,
        "nauc_ndcg_at_1_max": 0.534383,
        "nauc_ndcg_at_1_std": 0.345299,
        "nauc_ndcg_at_1_diff1": 0.194509,
        "nauc_ndcg_at_3_max": 0.445237,
        "nauc_ndcg_at_3_std": 0.269004,
        "nauc_ndcg_at_3_diff1": 0.128649,
        "nauc_ndcg_at_5_max": 0.458196,
        "nauc_ndcg_at_5_std": 0.28862,
        "nauc_ndcg_at_5_diff1": 0.122672,
        "nauc_ndcg_at_10_max": 0.473934,
        "nauc_ndcg_at_10_std": 0.299387,
        "nauc_ndcg_at_10_diff1": 0.123836,
        "nauc_ndcg_at_20_max": 0.470082,
        "nauc_ndcg_at_20_std": 0.305592,
        "nauc_ndcg_at_20_diff1": 0.119128,
        "nauc_ndcg_at_100_max": 0.481562,
        "nauc_ndcg_at_100_std": 0.33407,
        "nauc_ndcg_at_100_diff1": 0.109466,
        "nauc_ndcg_at_1000_max": 0.482168,
        "nauc_ndcg_at_1000_std": 0.336594,
        "nauc_ndcg_at_1000_diff1": 0.1103,
        "nauc_map_at_1_max": 0.390037,
        "nauc_map_at_1_std": 0.246735,
        "nauc_map_at_1_diff1": 0.212898,
        "nauc_map_at_3_max": 0.44026,
        "nauc_map_at_3_std": 0.262611,
        "nauc_map_at_3_diff1": 0.153054,
        "nauc_map_at_5_max": 0.448999,
        "nauc_map_at_5_std": 0.277017,
        "nauc_map_at_5_diff1": 0.149951,
        "nauc_map_at_10_max": 0.46276,
        "nauc_map_at_10_std": 0.286074,
        "nauc_map_at_10_diff1": 0.151355,
        "nauc_map_at_20_max": 0.461498,
        "nauc_map_at_20_std": 0.288401,
        "nauc_map_at_20_diff1": 0.149633,
        "nauc_map_at_100_max": 0.464416,
        "nauc_map_at_100_std": 0.293604,
        "nauc_map_at_100_diff1": 0.147724,
        "nauc_map_at_1000_max": 0.464473,
        "nauc_map_at_1000_std": 0.293883,
        "nauc_map_at_1000_diff1": 0.147661,
        "nauc_recall_at_1_max": 0.390037,
        "nauc_recall_at_1_std": 0.246735,
        "nauc_recall_at_1_diff1": 0.212898,
        "nauc_recall_at_3_max": 0.354649,
        "nauc_recall_at_3_std": 0.204545,
        "nauc_recall_at_3_diff1": 0.070842,
        "nauc_recall_at_5_max": 0.375088,
        "nauc_recall_at_5_std": 0.252385,
        "nauc_recall_at_5_diff1": 0.047635,
        "nauc_recall_at_10_max": 0.394876,
        "nauc_recall_at_10_std": 0.264806,
        "nauc_recall_at_10_diff1": 0.044032,
        "nauc_recall_at_20_max": 0.366894,
        "nauc_recall_at_20_std": 0.282431,
        "nauc_recall_at_20_diff1": 0.016635,
        "nauc_recall_at_100_max": 0.414214,
        "nauc_recall_at_100_std": 0.482929,
        "nauc_recall_at_100_diff1": -0.077753,
        "nauc_recall_at_1000_max": 0.412438,
        "nauc_recall_at_1000_std": 0.607556,
        "nauc_recall_at_1000_diff1": -0.144127,
        "nauc_precision_at_1_max": 0.534383,
        "nauc_precision_at_1_std": 0.345299,
        "nauc_precision_at_1_diff1": 0.194509,
        "nauc_precision_at_3_max": 0.458314,
        "nauc_precision_at_3_std": 0.275599,
        "nauc_precision_at_3_diff1": 0.044484,
        "nauc_precision_at_5_max": 0.413762,
        "nauc_precision_at_5_std": 0.27858,
        "nauc_precision_at_5_diff1": 0.018082,
        "nauc_precision_at_10_max": 0.391863,
        "nauc_precision_at_10_std": 0.270369,
        "nauc_precision_at_10_diff1": -0.011188,
        "nauc_precision_at_20_max": 0.315058,
        "nauc_precision_at_20_std": 0.25197,
        "nauc_precision_at_20_diff1": -0.051985,
        "nauc_precision_at_100_max": 0.269726,
        "nauc_precision_at_100_std": 0.298616,
        "nauc_precision_at_100_diff1": -0.112789,
        "nauc_precision_at_1000_max": 0.208084,
        "nauc_precision_at_1000_std": 0.251407,
        "nauc_precision_at_1000_diff1": -0.121229,
        "nauc_mrr_at_1_max": 0.534383,
        "nauc_mrr_at_1_std": 0.345299,
        "nauc_mrr_at_1_diff1": 0.194509,
        "nauc_mrr_at_3_max": 0.510978,
        "nauc_mrr_at_3_std": 0.313561,
        "nauc_mrr_at_3_diff1": 0.139632,
        "nauc_mrr_at_5_max": 0.517074,
        "nauc_mrr_at_5_std": 0.327269,
        "nauc_mrr_at_5_diff1": 0.134565,
        "nauc_mrr_at_10_max": 0.514009,
        "nauc_mrr_at_10_std": 0.328642,
        "nauc_mrr_at_10_diff1": 0.132109,
        "nauc_mrr_at_20_max": 0.514229,
        "nauc_mrr_at_20_std": 0.329451,
        "nauc_mrr_at_20_diff1": 0.132876,
        "nauc_mrr_at_100_max": 0.51467,
        "nauc_mrr_at_100_std": 0.331018,
        "nauc_mrr_at_100_diff1": 0.133121,
        "nauc_mrr_at_1000_max": 0.514729,
        "nauc_mrr_at_1000_std": 0.331088,
        "nauc_mrr_at_1000_diff1": 0.133283,
        "main_score": 0.5277,
        "hf_subset": "default",
        "languages": [
          "kor-Hang"
        ]
      }
    ]
  },
  "evaluation_time": 3.6458094120025635,
  "kg_co2_emissions": null
}