{
  "dataset_revision": "main",
  "task_name": "PublicHealthQA",
  "mteb_version": "1.38.1",
  "scores": {
    "test": [
      {
        "ndcg_at_1": 0.49351,
        "ndcg_at_3": 0.59663,
        "ndcg_at_5": 0.62288,
        "ndcg_at_10": 0.6753,
        "ndcg_at_20": 0.68854,
        "ndcg_at_100": 0.69884,
        "ndcg_at_1000": 0.69884,
        "map_at_1": 0.49351,
        "map_at_3": 0.57359,
        "map_at_5": 0.58788,
        "map_at_10": 0.60821,
        "map_at_20": 0.61189,
        "map_at_100": 0.61359,
        "map_at_1000": 0.61359,
        "recall_at_1": 0.49351,
        "recall_at_3": 0.66234,
        "recall_at_5": 0.72727,
        "recall_at_10": 0.8961,
        "recall_at_20": 0.94805,
        "recall_at_100": 1.0,
        "recall_at_1000": 1.0,
        "precision_at_1": 0.49351,
        "precision_at_3": 0.22078,
        "precision_at_5": 0.14545,
        "precision_at_10": 0.08961,
        "precision_at_20": 0.0474,
        "precision_at_100": 0.01,
        "precision_at_1000": 0.001,
        "mrr_at_1": 0.493506,
        "mrr_at_3": 0.573593,
        "mrr_at_5": 0.587879,
        "mrr_at_10": 0.608215,
        "mrr_at_20": 0.611894,
        "mrr_at_100": 0.613587,
        "mrr_at_1000": 0.613587,
        "nauc_ndcg_at_1_max": 0.195532,
        "nauc_ndcg_at_1_std": -0.052084,
        "nauc_ndcg_at_1_diff1": 0.565808,
        "nauc_ndcg_at_3_max": 0.334152,
        "nauc_ndcg_at_3_std": 0.115759,
        "nauc_ndcg_at_3_diff1": 0.518781,
        "nauc_ndcg_at_5_max": 0.306384,
        "nauc_ndcg_at_5_std": 0.082594,
        "nauc_ndcg_at_5_diff1": 0.520514,
        "nauc_ndcg_at_10_max": 0.344579,
        "nauc_ndcg_at_10_std": 0.108594,
        "nauc_ndcg_at_10_diff1": 0.5617,
        "nauc_ndcg_at_20_max": 0.325641,
        "nauc_ndcg_at_20_std": 0.101883,
        "nauc_ndcg_at_20_diff1": 0.552882,
        "nauc_ndcg_at_100_max": 0.301078,
        "nauc_ndcg_at_100_std": 0.072823,
        "nauc_ndcg_at_100_diff1": 0.541652,
        "nauc_ndcg_at_1000_max": 0.301078,
        "nauc_ndcg_at_1000_std": 0.072823,
        "nauc_ndcg_at_1000_diff1": 0.541652,
        "nauc_map_at_1_max": 0.195532,
        "nauc_map_at_1_std": -0.052084,
        "nauc_map_at_1_diff1": 0.565808,
        "nauc_map_at_3_max": 0.304624,
        "nauc_map_at_3_std": 0.079568,
        "nauc_map_at_3_diff1": 0.529907,
        "nauc_map_at_5_max": 0.288861,
        "nauc_map_at_5_std": 0.0607,
        "nauc_map_at_5_diff1": 0.531094,
        "nauc_map_at_10_max": 0.298062,
        "nauc_map_at_10_std": 0.066283,
        "nauc_map_at_10_diff1": 0.545238,
        "nauc_map_at_20_max": 0.293004,
        "nauc_map_at_20_std": 0.063893,
        "nauc_map_at_20_diff1": 0.542948,
        "nauc_map_at_100_max": 0.289647,
        "nauc_map_at_100_std": 0.059884,
        "nauc_map_at_100_diff1": 0.541295,
        "nauc_map_at_1000_max": 0.289647,
        "nauc_map_at_1000_std": 0.059884,
        "nauc_map_at_1000_diff1": 0.541295,
        "nauc_recall_at_1_max": 0.195532,
        "nauc_recall_at_1_std": -0.052084,
        "nauc_recall_at_1_diff1": 0.565808,
        "nauc_recall_at_3_max": 0.42735,
        "nauc_recall_at_3_std": 0.230247,
        "nauc_recall_at_3_diff1": 0.483013,
        "nauc_recall_at_5_max": 0.363008,
        "nauc_recall_at_5_std": 0.15401,
        "nauc_recall_at_5_diff1": 0.482306,
        "nauc_recall_at_10_max": 0.77027,
        "nauc_recall_at_10_std": 0.476251,
        "nauc_recall_at_10_diff1": 0.751153,
        "nauc_recall_at_20_max": 0.865007,
        "nauc_recall_at_20_std": 0.737308,
        "nauc_recall_at_20_diff1": 0.786541,
        "nauc_recall_at_100_max": NaN,
        "nauc_recall_at_100_std": NaN,
        "nauc_recall_at_100_diff1": NaN,
        "nauc_recall_at_1000_max": NaN,
        "nauc_recall_at_1000_std": NaN,
        "nauc_recall_at_1000_diff1": NaN,
        "nauc_precision_at_1_max": 0.195532,
        "nauc_precision_at_1_std": -0.052084,
        "nauc_precision_at_1_diff1": 0.565808,
        "nauc_precision_at_3_max": 0.42735,
        "nauc_precision_at_3_std": 0.230247,
        "nauc_precision_at_3_diff1": 0.483013,
        "nauc_precision_at_5_max": 0.363008,
        "nauc_precision_at_5_std": 0.15401,
        "nauc_precision_at_5_diff1": 0.482306,
        "nauc_precision_at_10_max": 0.77027,
        "nauc_precision_at_10_std": 0.476251,
        "nauc_precision_at_10_diff1": 0.751153,
        "nauc_precision_at_20_max": 0.865007,
        "nauc_precision_at_20_std": 0.737308,
        "nauc_precision_at_20_diff1": 0.786541,
        "nauc_precision_at_100_max": 1.0,
        "nauc_precision_at_100_std": 1.0,
        "nauc_precision_at_100_diff1": 1.0,
        "nauc_precision_at_1000_max": NaN,
        "nauc_precision_at_1000_std": NaN,
        "nauc_precision_at_1000_diff1": NaN,
        "nauc_mrr_at_1_max": 0.195532,
        "nauc_mrr_at_1_std": -0.052084,
        "nauc_mrr_at_1_diff1": 0.565808,
        "nauc_mrr_at_3_max": 0.304624,
        "nauc_mrr_at_3_std": 0.079568,
        "nauc_mrr_at_3_diff1": 0.529907,
        "nauc_mrr_at_5_max": 0.288861,
        "nauc_mrr_at_5_std": 0.0607,
        "nauc_mrr_at_5_diff1": 0.531094,
        "nauc_mrr_at_10_max": 0.298062,
        "nauc_mrr_at_10_std": 0.066283,
        "nauc_mrr_at_10_diff1": 0.545238,
        "nauc_mrr_at_20_max": 0.293004,
        "nauc_mrr_at_20_std": 0.063893,
        "nauc_mrr_at_20_diff1": 0.542948,
        "nauc_mrr_at_100_max": 0.289647,
        "nauc_mrr_at_100_std": 0.059884,
        "nauc_mrr_at_100_diff1": 0.541295,
        "nauc_mrr_at_1000_max": 0.289647,
        "nauc_mrr_at_1000_std": 0.059884,
        "nauc_mrr_at_1000_diff1": 0.541295,
        "main_score": 0.6753,
        "hf_subset": "korean",
        "languages": [
          "kor-Hang"
        ]
      }
    ]
  },
  "evaluation_time": 0.3397645950317383,
  "kg_co2_emissions": null
}