{
  "dataset_revision": "fd7df84ac089bbec763b1c6bb1b56e985df5cc5c",
  "task_name": "AutoRAGRetrieval",
  "mteb_version": "1.38.57",
  "scores": {
    "test": [
      {
        "ndcg_at_1": 0.91228,
        "ndcg_at_3": 0.96303,
        "ndcg_at_5": 0.96303,
        "ndcg_at_10": 0.96303,
        "ndcg_at_20": 0.96303,
        "ndcg_at_100": 0.96303,
        "ndcg_at_1000": 0.96303,
        "map_at_1": 0.91228,
        "map_at_3": 0.95029,
        "map_at_5": 0.95029,
        "map_at_10": 0.95029,
        "map_at_20": 0.95029,
        "map_at_100": 0.95029,
        "map_at_1000": 0.95029,
        "recall_at_1": 0.91228,
        "recall_at_3": 1.0,
        "recall_at_5": 1.0,
        "recall_at_10": 1.0,
        "recall_at_20": 1.0,
        "recall_at_100": 1.0,
        "recall_at_1000": 1.0,
        "precision_at_1": 0.91228,
        "precision_at_3": 0.33333,
        "precision_at_5": 0.2,
        "precision_at_10": 0.1,
        "precision_at_20": 0.05,
        "precision_at_100": 0.01,
        "precision_at_1000": 0.001,
        "mrr_at_1": 0.947368,
        "mrr_at_3": 0.972222,
        "mrr_at_5": 0.972222,
        "mrr_at_10": 0.972222,
        "mrr_at_20": 0.972222,
        "mrr_at_100": 0.972222,
        "mrr_at_1000": 0.972222,
        "nauc_ndcg_at_1_max": -0.092475,
        "nauc_ndcg_at_1_std": -0.827133,
        "nauc_ndcg_at_1_diff1": 0.792457,
        "nauc_ndcg_at_3_max": -0.161678,
        "nauc_ndcg_at_3_std": -0.893318,
        "nauc_ndcg_at_3_diff1": 0.809624,
        "nauc_ndcg_at_5_max": -0.161678,
        "nauc_ndcg_at_5_std": -0.893318,
        "nauc_ndcg_at_5_diff1": 0.809624,
        "nauc_ndcg_at_10_max": -0.161678,
        "nauc_ndcg_at_10_std": -0.893318,
        "nauc_ndcg_at_10_diff1": 0.809624,
        "nauc_ndcg_at_20_max": -0.161678,
        "nauc_ndcg_at_20_std": -0.893318,
        "nauc_ndcg_at_20_diff1": 0.809624,
        "nauc_ndcg_at_100_max": -0.161678,
        "nauc_ndcg_at_100_std": -0.893318,
        "nauc_ndcg_at_100_diff1": 0.809624,
        "nauc_ndcg_at_1000_max": -0.161678,
        "nauc_ndcg_at_1000_std": -0.893318,
        "nauc_ndcg_at_1000_diff1": 0.809624,
        "nauc_map_at_1_max": -0.092475,
        "nauc_map_at_1_std": -0.827133,
        "nauc_map_at_1_diff1": 0.792457,
        "nauc_map_at_3_max": -0.157991,
        "nauc_map_at_3_std": -0.889792,
        "nauc_map_at_3_diff1": 0.80871,
        "nauc_map_at_5_max": -0.157991,
        "nauc_map_at_5_std": -0.889792,
        "nauc_map_at_5_diff1": 0.80871,
        "nauc_map_at_10_max": -0.157991,
        "nauc_map_at_10_std": -0.889792,
        "nauc_map_at_10_diff1": 0.80871,
        "nauc_map_at_20_max": -0.157991,
        "nauc_map_at_20_std": -0.889792,
        "nauc_map_at_20_diff1": 0.80871,
        "nauc_map_at_100_max": -0.157991,
        "nauc_map_at_100_std": -0.889792,
        "nauc_map_at_100_diff1": 0.80871,
        "nauc_map_at_1000_max": -0.157991,
        "nauc_map_at_1000_std": -0.889792,
        "nauc_map_at_1000_diff1": 0.80871,
        "nauc_recall_at_1_max": -0.092475,
        "nauc_recall_at_1_std": -0.827133,
        "nauc_recall_at_1_diff1": 0.792457,
        "nauc_recall_at_3_max": NaN,
        "nauc_recall_at_3_std": NaN,
        "nauc_recall_at_3_diff1": NaN,
        "nauc_recall_at_5_max": NaN,
        "nauc_recall_at_5_std": NaN,
        "nauc_recall_at_5_diff1": NaN,
        "nauc_recall_at_10_max": NaN,
        "nauc_recall_at_10_std": NaN,
        "nauc_recall_at_10_diff1": NaN,
        "nauc_recall_at_20_max": NaN,
        "nauc_recall_at_20_std": NaN,
        "nauc_recall_at_20_diff1": NaN,
        "nauc_recall_at_100_max": NaN,
        "nauc_recall_at_100_std": NaN,
        "nauc_recall_at_100_diff1": NaN,
        "nauc_recall_at_1000_max": NaN,
        "nauc_recall_at_1000_std": NaN,
        "nauc_recall_at_1000_diff1": NaN,
        "nauc_precision_at_1_max": -0.092475,
        "nauc_precision_at_1_std": -0.827133,
        "nauc_precision_at_1_diff1": 0.792457,
        "nauc_precision_at_3_max": 1.0,
        "nauc_precision_at_3_std": 1.0,
        "nauc_precision_at_3_diff1": 1.0,
        "nauc_precision_at_5_max": 1.0,
        "nauc_precision_at_5_std": 1.0,
        "nauc_precision_at_5_diff1": 1.0,
        "nauc_precision_at_10_max": 1.0,
        "nauc_precision_at_10_std": 1.0,
        "nauc_precision_at_10_diff1": 1.0,
        "nauc_precision_at_20_max": 1.0,
        "nauc_precision_at_20_std": 1.0,
        "nauc_precision_at_20_diff1": 1.0,
        "nauc_precision_at_100_max": 1.0,
        "nauc_precision_at_100_std": 1.0,
        "nauc_precision_at_100_diff1": 1.0,
        "nauc_precision_at_1000_max": 1.0,
        "nauc_precision_at_1000_std": 1.0,
        "nauc_precision_at_1000_diff1": 1.0,
        "nauc_mrr_at_1_max": 0.403376,
        "nauc_mrr_at_1_std": -0.71945,
        "nauc_mrr_at_1_diff1": 0.654096,
        "nauc_mrr_at_3_max": 0.427924,
        "nauc_mrr_at_3_std": -0.690496,
        "nauc_mrr_at_3_diff1": 0.657691,
        "nauc_mrr_at_5_max": 0.427924,
        "nauc_mrr_at_5_std": -0.690496,
        "nauc_mrr_at_5_diff1": 0.657691,
        "nauc_mrr_at_10_max": 0.427924,
        "nauc_mrr_at_10_std": -0.690496,
        "nauc_mrr_at_10_diff1": 0.657691,
        "nauc_mrr_at_20_max": 0.427924,
        "nauc_mrr_at_20_std": -0.690496,
        "nauc_mrr_at_20_diff1": 0.657691,
        "nauc_mrr_at_100_max": 0.427924,
        "nauc_mrr_at_100_std": -0.690496,
        "nauc_mrr_at_100_diff1": 0.657691,
        "nauc_mrr_at_1000_max": 0.427924,
        "nauc_mrr_at_1000_std": -0.690496,
        "nauc_mrr_at_1000_diff1": 0.657691,
        "main_score": 0.96303,
        "hf_subset": "default",
        "languages": [
          "kor-Hang"
        ]
      }
    ]
  },
  "evaluation_time": 34.33413314819336,
  "kg_co2_emissions": null
}