{
  "dataset_revision": "75b399394a9803252cfec289d103de462763db7c",
  "task_name": "BelebeleRetrieval",
  "mteb_version": "1.38.57",
  "scores": {
    "test": [
      {
        "ndcg_at_1": 0.94889,
        "ndcg_at_3": 0.96934,
        "ndcg_at_5": 0.97111,
        "ndcg_at_10": 0.97292,
        "ndcg_at_20": 0.97372,
        "ndcg_at_100": 0.97466,
        "ndcg_at_1000": 0.97466,
        "map_at_1": 0.94889,
        "map_at_3": 0.96481,
        "map_at_5": 0.96576,
        "map_at_10": 0.96652,
        "map_at_20": 0.96672,
        "map_at_100": 0.96689,
        "map_at_1000": 0.96689,
        "recall_at_1": 0.94889,
        "recall_at_3": 0.98222,
        "recall_at_5": 0.98667,
        "recall_at_10": 0.99222,
        "recall_at_20": 0.99556,
        "recall_at_100": 1.0,
        "recall_at_1000": 1.0,
        "precision_at_1": 0.94889,
        "precision_at_3": 0.32741,
        "precision_at_5": 0.19733,
        "precision_at_10": 0.09922,
        "precision_at_20": 0.04978,
        "precision_at_100": 0.01,
        "precision_at_1000": 0.001,
        "mrr_at_1": 0.95,
        "mrr_at_3": 0.96537,
        "mrr_at_5": 0.966537,
        "mrr_at_10": 0.967142,
        "mrr_at_20": 0.967348,
        "mrr_at_100": 0.967524,
        "mrr_at_1000": 0.967524,
        "nauc_ndcg_at_1_max": 0.893943,
        "nauc_ndcg_at_1_std": 0.885631,
        "nauc_ndcg_at_1_diff1": 0.93322,
        "nauc_ndcg_at_3_max": 0.900256,
        "nauc_ndcg_at_3_std": 0.89178,
        "nauc_ndcg_at_3_diff1": 0.93937,
        "nauc_ndcg_at_5_max": 0.900229,
        "nauc_ndcg_at_5_std": 0.893422,
        "nauc_ndcg_at_5_diff1": 0.937605,
        "nauc_ndcg_at_10_max": 0.895082,
        "nauc_ndcg_at_10_std": 0.887819,
        "nauc_ndcg_at_10_diff1": 0.934967,
        "nauc_ndcg_at_20_max": 0.899413,
        "nauc_ndcg_at_20_std": 0.891928,
        "nauc_ndcg_at_20_diff1": 0.937246,
        "nauc_ndcg_at_100_max": 0.896784,
        "nauc_ndcg_at_100_std": 0.889023,
        "nauc_ndcg_at_100_diff1": 0.936014,
        "nauc_ndcg_at_1000_max": 0.896784,
        "nauc_ndcg_at_1000_std": 0.889023,
        "nauc_ndcg_at_1000_diff1": 0.936014,
        "nauc_map_at_1_max": 0.893943,
        "nauc_map_at_1_std": 0.885631,
        "nauc_map_at_1_diff1": 0.93322,
        "nauc_map_at_3_max": 0.898042,
        "nauc_map_at_3_std": 0.889683,
        "nauc_map_at_3_diff1": 0.937479,
        "nauc_map_at_5_max": 0.897881,
        "nauc_map_at_5_std": 0.890245,
        "nauc_map_at_5_diff1": 0.936602,
        "nauc_map_at_10_max": 0.895985,
        "nauc_map_at_10_std": 0.888175,
        "nauc_map_at_10_diff1": 0.93559,
        "nauc_map_at_20_max": 0.896904,
        "nauc_map_at_20_std": 0.889048,
        "nauc_map_at_20_diff1": 0.936082,
        "nauc_map_at_100_max": 0.89648,
        "nauc_map_at_100_std": 0.888583,
        "nauc_map_at_100_diff1": 0.935863,
        "nauc_map_at_1000_max": 0.89648,
        "nauc_map_at_1000_std": 0.888583,
        "nauc_map_at_1000_diff1": 0.935863,
        "nauc_recall_at_1_max": 0.893943,
        "nauc_recall_at_1_std": 0.885631,
        "nauc_recall_at_1_diff1": 0.93322,
        "nauc_recall_at_3_max": 0.912903,
        "nauc_recall_at_3_std": 0.903711,
        "nauc_recall_at_3_diff1": 0.949959,
        "nauc_recall_at_5_max": 0.917912,
        "nauc_recall_at_5_std": 0.917912,
        "nauc_recall_at_5_diff1": 0.944172,
        "nauc_recall_at_10_max": 0.877951,
        "nauc_recall_at_10_std": 0.877951,
        "nauc_recall_at_10_diff1": 0.922969,
        "nauc_recall_at_20_max": 0.96732,
        "nauc_recall_at_20_std": 0.96732,
        "nauc_recall_at_20_diff1": 0.96732,
        "nauc_recall_at_100_max": NaN,
        "nauc_recall_at_100_std": NaN,
        "nauc_recall_at_100_diff1": NaN,
        "nauc_recall_at_1000_max": NaN,
        "nauc_recall_at_1000_std": NaN,
        "nauc_recall_at_1000_diff1": NaN,
        "nauc_precision_at_1_max": 0.893943,
        "nauc_precision_at_1_std": 0.885631,
        "nauc_precision_at_1_diff1": 0.93322,
        "nauc_precision_at_3_max": 0.912903,
        "nauc_precision_at_3_std": 0.903711,
        "nauc_precision_at_3_diff1": 0.949959,
        "nauc_precision_at_5_max": 0.917912,
        "nauc_precision_at_5_std": 0.917912,
        "nauc_precision_at_5_diff1": 0.944172,
        "nauc_precision_at_10_max": 0.877951,
        "nauc_precision_at_10_std": 0.877951,
        "nauc_precision_at_10_diff1": 0.922969,
        "nauc_precision_at_20_max": 0.96732,
        "nauc_precision_at_20_std": 0.96732,
        "nauc_precision_at_20_diff1": 0.96732,
        "nauc_precision_at_100_max": 1.0,
        "nauc_precision_at_100_std": 1.0,
        "nauc_precision_at_100_diff1": 1.0,
        "nauc_precision_at_1000_max": NaN,
        "nauc_precision_at_1000_std": NaN,
        "nauc_precision_at_1000_diff1": NaN,
        "nauc_mrr_at_1_max": 0.891586,
        "nauc_mrr_at_1_std": 0.88309,
        "nauc_mrr_at_1_diff1": 0.931736,
        "nauc_mrr_at_3_max": 0.896406,
        "nauc_mrr_at_3_std": 0.887913,
        "nauc_mrr_at_3_diff1": 0.936475,
        "nauc_mrr_at_5_max": 0.895507,
        "nauc_mrr_at_5_std": 0.887694,
        "nauc_mrr_at_5_diff1": 0.935129,
        "nauc_mrr_at_10_max": 0.894025,
        "nauc_mrr_at_10_std": 0.886069,
        "nauc_mrr_at_10_diff1": 0.934377,
        "nauc_mrr_at_20_max": 0.894995,
        "nauc_mrr_at_20_std": 0.886988,
        "nauc_mrr_at_20_diff1": 0.934898,
        "nauc_mrr_at_100_max": 0.894546,
        "nauc_mrr_at_100_std": 0.886495,
        "nauc_mrr_at_100_diff1": 0.934665,
        "nauc_mrr_at_1000_max": 0.894546,
        "nauc_mrr_at_1000_std": 0.886495,
        "nauc_mrr_at_1000_diff1": 0.934665,
        "main_score": 0.97292,
        "hf_subset": "kor_Hang-kor_Hang",
        "languages": [
          "kor-Hang",
          "kor-Hang"
        ]
      },
      {
        "ndcg_at_1": 0.10222,
        "ndcg_at_3": 0.10292,
        "ndcg_at_5": 0.10292,
        "ndcg_at_10": 0.10292,
        "ndcg_at_20": 0.10292,
        "ndcg_at_100": 0.10292,
        "ndcg_at_1000": 0.10292,
        "map_at_1": 0.10222,
        "map_at_3": 0.10278,
        "map_at_5": 0.10278,
        "map_at_10": 0.10278,
        "map_at_20": 0.10278,
        "map_at_100": 0.10278,
        "map_at_1000": 0.10278,
        "recall_at_1": 0.10222,
        "recall_at_3": 0.10333,
        "recall_at_5": 0.10333,
        "recall_at_10": 0.10333,
        "recall_at_20": 0.10333,
        "recall_at_100": 0.10333,
        "recall_at_1000": 0.10333,
        "precision_at_1": 0.10222,
        "precision_at_3": 0.03444,
        "precision_at_5": 0.02067,
        "precision_at_10": 0.01033,
        "precision_at_20": 0.00517,
        "precision_at_100": 0.00103,
        "precision_at_1000": 0.0001,
        "mrr_at_1": 0.102222,
        "mrr_at_3": 0.102778,
        "mrr_at_5": 0.102778,
        "mrr_at_10": 0.102778,
        "mrr_at_20": 0.102778,
        "mrr_at_100": 0.102778,
        "mrr_at_1000": 0.102778,
        "nauc_ndcg_at_1_max": 0.962981,
        "nauc_ndcg_at_1_std": 0.962981,
        "nauc_ndcg_at_1_diff1": 0.970385,
        "nauc_ndcg_at_3_max": 0.965474,
        "nauc_ndcg_at_3_std": 0.965474,
        "nauc_ndcg_at_3_diff1": 0.972844,
        "nauc_ndcg_at_5_max": 0.965474,
        "nauc_ndcg_at_5_std": 0.965474,
        "nauc_ndcg_at_5_diff1": 0.972844,
        "nauc_ndcg_at_10_max": 0.965474,
        "nauc_ndcg_at_10_std": 0.965474,
        "nauc_ndcg_at_10_diff1": 0.972844,
        "nauc_ndcg_at_20_max": 0.965474,
        "nauc_ndcg_at_20_std": 0.965474,
        "nauc_ndcg_at_20_diff1": 0.972844,
        "nauc_ndcg_at_100_max": 0.965474,
        "nauc_ndcg_at_100_std": 0.965474,
        "nauc_ndcg_at_100_diff1": 0.972844,
        "nauc_ndcg_at_1000_max": 0.965474,
        "nauc_ndcg_at_1000_std": 0.965474,
        "nauc_ndcg_at_1000_diff1": 0.972844,
        "nauc_map_at_1_max": 0.962981,
        "nauc_map_at_1_std": 0.962981,
        "nauc_map_at_1_diff1": 0.970385,