{
  "dataset_revision": "d243889a3eb6654029dbd7e7f9319ae31d58f97c",
  "task_name": "Ko-StrategyQA",
  "mteb_version": "1.38.57",
  "scores": {
    "dev": [
      {
        "ndcg_at_1": 0.81081,
        "ndcg_at_3": 0.80259,
        "ndcg_at_5": 0.82866,
        "ndcg_at_10": 0.84898,
        "ndcg_at_20": 0.86628,
        "ndcg_at_100": 0.87655,
        "ndcg_at_1000": 0.87655,
        "map_at_1": 0.52569,
        "map_at_3": 0.7665,
        "map_at_5": 0.7945,
        "map_at_10": 0.80754,
        "map_at_20": 0.81418,
        "map_at_100": 0.81726,
        "map_at_1000": 0.81726,
        "recall_at_1": 0.52569,
        "recall_at_3": 0.80596,
        "recall_at_5": 0.86005,
        "recall_at_10": 0.90921,
        "recall_at_20": 0.96301,
        "recall_at_100": 1.0,
        "recall_at_1000": 1.0,
        "precision_at_1": 0.81081,
        "precision_at_3": 0.48255,
        "precision_at_5": 0.31689,
        "precision_at_10": 0.17027,
        "precision_at_20": 0.09155,
        "precision_at_100": 0.01934,
        "precision_at_1000": 0.00193,
        "mrr_at_1": 0.822635,
        "mrr_at_3": 0.860079,
        "mrr_at_5": 0.863119,
        "mrr_at_10": 0.867554,
        "mrr_at_20": 0.870453,
        "mrr_at_100": 0.87083,
        "mrr_at_1000": 0.87083,
        "nauc_ndcg_at_1_max": 0.665537,
        "nauc_ndcg_at_1_std": 0.351403,
        "nauc_ndcg_at_1_diff1": 0.459315,
        "nauc_ndcg_at_3_max": 0.658153,
        "nauc_ndcg_at_3_std": 0.35559,
        "nauc_ndcg_at_3_diff1": 0.437884,
        "nauc_ndcg_at_5_max": 0.70672,
        "nauc_ndcg_at_5_std": 0.445733,
        "nauc_ndcg_at_5_diff1": 0.441618,
        "nauc_ndcg_at_10_max": 0.717578,
        "nauc_ndcg_at_10_std": 0.482647,
        "nauc_ndcg_at_10_diff1": 0.427471,
        "nauc_ndcg_at_20_max": 0.700299,
        "nauc_ndcg_at_20_std": 0.453112,
        "nauc_ndcg_at_20_diff1": 0.436709,
        "nauc_ndcg_at_100_max": 0.681175,
        "nauc_ndcg_at_100_std": 0.415361,
        "nauc_ndcg_at_100_diff1": 0.435375,
        "nauc_ndcg_at_1000_max": 0.681175,
        "nauc_ndcg_at_1000_std": 0.415361,
        "nauc_ndcg_at_1000_diff1": 0.435375,
        "nauc_map_at_1_max": 0.307847,
        "nauc_map_at_1_std": -0.040877,
        "nauc_map_at_1_diff1": 0.563715,
        "nauc_map_at_3_max": 0.624489,
        "nauc_map_at_3_std": 0.299705,
        "nauc_map_at_3_diff1": 0.419248,
        "nauc_map_at_5_max": 0.659801,
        "nauc_map_at_5_std": 0.371957,
        "nauc_map_at_5_diff1": 0.425556,
        "nauc_map_at_10_max": 0.664762,
        "nauc_map_at_10_std": 0.391573,
        "nauc_map_at_10_diff1": 0.423004,
        "nauc_map_at_20_max": 0.6598,
        "nauc_map_at_20_std": 0.383897,
        "nauc_map_at_20_diff1": 0.424698,
        "nauc_map_at_100_max": 0.655188,
        "nauc_map_at_100_std": 0.374956,
        "nauc_map_at_100_diff1": 0.424383,
        "nauc_map_at_1000_max": 0.655188,
        "nauc_map_at_1000_std": 0.374956,
        "nauc_map_at_1000_diff1": 0.424383,
        "nauc_recall_at_1_max": 0.307847,
        "nauc_recall_at_1_std": -0.040877,
        "nauc_recall_at_1_diff1": 0.563715,
        "nauc_recall_at_3_max": 0.670399,
        "nauc_recall_at_3_std": 0.369513,
        "nauc_recall_at_3_diff1": 0.421203,
        "nauc_recall_at_5_max": 0.779511,
        "nauc_recall_at_5_std": 0.576874,
        "nauc_recall_at_5_diff1": 0.430955,
        "nauc_recall_at_10_max": 0.856737,
        "nauc_recall_at_10_std": 0.764283,
        "nauc_recall_at_10_diff1": 0.384463,
        "nauc_recall_at_20_max": 0.889574,
        "nauc_recall_at_20_std": 0.850316,
        "nauc_recall_at_20_diff1": 0.440032,
        "nauc_recall_at_100_max": NaN,
        "nauc_recall_at_100_std": NaN,
        "nauc_recall_at_100_diff1": NaN,
        "nauc_recall_at_1000_max": NaN,
        "nauc_recall_at_1000_std": NaN,
        "nauc_recall_at_1000_diff1": NaN,
        "nauc_precision_at_1_max": 0.665537,
        "nauc_precision_at_1_std": 0.351403,
        "nauc_precision_at_1_diff1": 0.459315,
        "nauc_precision_at_3_max": 0.285432,
        "nauc_precision_at_3_std": 0.396458,
        "nauc_precision_at_3_diff1": -0.182555,
        "nauc_precision_at_5_max": 0.208629,
        "nauc_precision_at_5_std": 0.405724,
        "nauc_precision_at_5_diff1": -0.223365,
        "nauc_precision_at_10_max": 0.109158,
        "nauc_precision_at_10_std": 0.371368,
        "nauc_precision_at_10_diff1": -0.291939,
        "nauc_precision_at_20_max": -0.041196,
        "nauc_precision_at_20_std": 0.252252,
        "nauc_precision_at_20_diff1": -0.362918,
        "nauc_precision_at_100_max": -0.172947,
        "nauc_precision_at_100_std": 0.115456,
        "nauc_precision_at_100_diff1": -0.418033,
        "nauc_precision_at_1000_max": -0.172947,
        "nauc_precision_at_1000_std": 0.115456,
        "nauc_precision_at_1000_diff1": -0.418033,
        "nauc_mrr_at_1_max": 0.776038,
        "nauc_mrr_at_1_std": 0.466443,
        "nauc_mrr_at_1_diff1": 0.416836,
        "nauc_mrr_at_3_max": 0.803825,
        "nauc_mrr_at_3_std": 0.541882,
        "nauc_mrr_at_3_diff1": 0.439096,
        "nauc_mrr_at_5_max": 0.806071,
        "nauc_mrr_at_5_std": 0.552948,
        "nauc_mrr_at_5_diff1": 0.436729,
        "nauc_mrr_at_10_max": 0.806757,
        "nauc_mrr_at_10_std": 0.555567,
        "nauc_mrr_at_10_diff1": 0.428561,
        "nauc_mrr_at_20_max": 0.804428,
        "nauc_mrr_at_20_std": 0.548211,
        "nauc_mrr_at_20_diff1": 0.431418,
        "nauc_mrr_at_100_max": 0.804204,
        "nauc_mrr_at_100_std": 0.547133,
        "nauc_mrr_at_100_diff1": 0.431702,
        "nauc_mrr_at_1000_max": 0.804204,
        "nauc_mrr_at_1000_std": 0.547133,
        "nauc_mrr_at_1000_diff1": 0.431702,
        "main_score": 0.84898,
        "hf_subset": "default",
        "languages": [
          "kor-Hang"
        ]
      }
    ]
  },
  "evaluation_time": 109.58546161651611,
  "kg_co2_emissions": null
}