{
  "dataset_revision": "main",
  "task_name": "MIRACLRetrieval",
  "mteb_version": "1.38.57",
  "scores": {
    "dev": [
      {
        "ndcg_at_1": 0.77465,
        "ndcg_at_3": 0.82796,
        "ndcg_at_5": 0.85342,
        "ndcg_at_10": 0.8801,
        "ndcg_at_20": 0.88896,
        "ndcg_at_100": 0.89,
        "ndcg_at_1000": 0.89,
        "map_at_1": 0.48557,
        "map_at_3": 0.69728,
        "map_at_5": 0.77514,
        "map_at_10": 0.82057,
        "map_at_20": 0.83016,
        "map_at_100": 0.83066,
        "map_at_1000": 0.83066,
        "recall_at_1": 0.48557,
        "recall_at_3": 0.77815,
        "recall_at_5": 0.89327,
        "recall_at_10": 0.97723,
        "recall_at_20": 0.99687,
        "recall_at_100": 1.0,
        "recall_at_1000": 1.0,
        "precision_at_1": 0.77465,
        "precision_at_3": 0.52113,
        "precision_at_5": 0.40376,
        "precision_at_10": 0.24225,
        "precision_at_20": 0.1277,
        "precision_at_100": 0.02568,
        "precision_at_1000": 0.00257,
        "mrr_at_1": 0.873239,
        "mrr_at_3": 0.916275,
        "mrr_at_5": 0.920266,
        "mrr_at_10": 0.922306,
        "mrr_at_20": 0.922306,
        "mrr_at_100": 0.922306,
        "mrr_at_1000": 0.922306,
        "nauc_ndcg_at_1_max": 0.20874,
        "nauc_ndcg_at_1_std": -0.024866,
        "nauc_ndcg_at_1_diff1": 0.308047,
        "nauc_ndcg_at_3_max": 0.133295,
        "nauc_ndcg_at_3_std": -0.292251,
        "nauc_ndcg_at_3_diff1": 0.329158,
        "nauc_ndcg_at_5_max": 0.150208,
        "nauc_ndcg_at_5_std": -0.318475,
        "nauc_ndcg_at_5_diff1": 0.342422,
        "nauc_ndcg_at_10_max": 0.184391,
        "nauc_ndcg_at_10_std": -0.259819,
        "nauc_ndcg_at_10_diff1": 0.335077,
        "nauc_ndcg_at_20_max": 0.205323,
        "nauc_ndcg_at_20_std": -0.155784,
        "nauc_ndcg_at_20_diff1": 0.300136,
        "nauc_ndcg_at_100_max": 0.202674,
        "nauc_ndcg_at_100_std": -0.142186,
        "nauc_ndcg_at_100_diff1": 0.292375,
        "nauc_ndcg_at_1000_max": 0.202674,
        "nauc_ndcg_at_1000_std": -0.142186,
        "nauc_ndcg_at_1000_diff1": 0.292375,
        "nauc_map_at_1_max": 0.058041,
        "nauc_map_at_1_std": -0.47319,
        "nauc_map_at_1_diff1": 0.571403,
        "nauc_map_at_3_max": 0.05719,
        "nauc_map_at_3_std": -0.609994,
        "nauc_map_at_3_diff1": 0.516012,
        "nauc_map_at_5_max": 0.090911,
        "nauc_map_at_5_std": -0.540283,
        "nauc_map_at_5_diff1": 0.44025,
        "nauc_map_at_10_max": 0.139017,
        "nauc_map_at_10_std": -0.345107,
        "nauc_map_at_10_diff1": 0.366296,
        "nauc_map_at_20_max": 0.156611,
        "nauc_map_at_20_std": -0.262766,
        "nauc_map_at_20_diff1": 0.336861,
        "nauc_map_at_100_max": 0.155698,
        "nauc_map_at_100_std": -0.259046,
        "nauc_map_at_100_diff1": 0.334539,
        "nauc_map_at_1000_max": 0.155698,
        "nauc_map_at_1000_std": -0.259046,
        "nauc_map_at_1000_diff1": 0.334539,
        "nauc_recall_at_1_max": 0.058041,
        "nauc_recall_at_1_std": -0.47319,
        "nauc_recall_at_1_diff1": 0.571403,
        "nauc_recall_at_3_max": -0.004128,
        "nauc_recall_at_3_std": -0.805983,
        "nauc_recall_at_3_diff1": 0.529558,
        "nauc_recall_at_5_max": 0.003602,
        "nauc_recall_at_5_std": -0.940886,
        "nauc_recall_at_5_diff1": 0.50173,
        "nauc_recall_at_10_max": -0.013468,
        "nauc_recall_at_10_std": -1.302538,
        "nauc_recall_at_10_diff1": 0.637024,
        "nauc_recall_at_20_max": 0.456014,
        "nauc_recall_at_20_std": -1.443503,
        "nauc_recall_at_20_diff1": 1.0,
        "nauc_recall_at_100_max": NaN,
        "nauc_recall_at_100_std": NaN,
        "nauc_recall_at_100_diff1": NaN,
        "nauc_recall_at_1000_max": NaN,
        "nauc_recall_at_1000_std": NaN,
        "nauc_recall_at_1000_diff1": NaN,
        "nauc_precision_at_1_max": 0.20874,
        "nauc_precision_at_1_std": -0.024866,
        "nauc_precision_at_1_diff1": 0.308047,
        "nauc_precision_at_3_max": 0.05934,
        "nauc_precision_at_3_std": 0.424124,
        "nauc_precision_at_3_diff1": -0.41762,
        "nauc_precision_at_5_max": 0.05601,
        "nauc_precision_at_5_std": 0.532147,
        "nauc_precision_at_5_diff1": -0.457245,
        "nauc_precision_at_10_max": 0.063753,
        "nauc_precision_at_10_std": 0.668935,
        "nauc_precision_at_10_diff1": -0.475679,
        "nauc_precision_at_20_max": 0.068655,
        "nauc_precision_at_20_std": 0.712224,
        "nauc_precision_at_20_diff1": -0.479545,
        "nauc_precision_at_100_max": 0.064624,
        "nauc_precision_at_100_std": 0.717275,
        "nauc_precision_at_100_diff1": -0.483722,
        "nauc_precision_at_1000_max": 0.064624,
        "nauc_precision_at_1000_std": 0.717275,
        "nauc_precision_at_1000_diff1": -0.483722,
        "nauc_mrr_at_1_max": 0.536233,
        "nauc_mrr_at_1_std": 0.35117,
        "nauc_mrr_at_1_diff1": -0.165987,
        "nauc_mrr_at_3_max": 0.555162,
        "nauc_mrr_at_3_std": 0.314016,
        "nauc_mrr_at_3_diff1": -0.15557,
        "nauc_mrr_at_5_max": 0.54464,
        "nauc_mrr_at_5_std": 0.318339,
        "nauc_mrr_at_5_diff1": -0.152903,
        "nauc_mrr_at_10_max": 0.554522,
        "nauc_mrr_at_10_std": 0.325602,
        "nauc_mrr_at_10_diff1": -0.158602,
        "nauc_mrr_at_20_max": 0.554522,
        "nauc_mrr_at_20_std": 0.325602,
        "nauc_mrr_at_20_diff1": -0.158602,
        "nauc_mrr_at_100_max": 0.554522,
        "nauc_mrr_at_100_std": 0.325602,
        "nauc_mrr_at_100_diff1": -0.158602,
        "nauc_mrr_at_1000_max": 0.554522,
        "nauc_mrr_at_1000_std": 0.325602,
        "nauc_mrr_at_1000_diff1": -0.158602,
        "main_score": 0.8801,
        "hf_subset": "ko",
        "languages": [
          "kor-Kore"
        ]
      }
    ]
  },
  "evaluation_time": 35.68390417098999,
  "kg_co2_emissions": null
}