{
  "dataset_revision": "fc24a3ce8f09746410daee3d5cd823ff7a0675b7",
  "task_name": "MrTidyRetrieval",
  "mteb_version": "1.38.57",
  "scores": {
    "test": [
      {
        "ndcg_at_1": 0.66271,
        "ndcg_at_3": 0.78455,
        "ndcg_at_5": 0.80741,
        "ndcg_at_10": 0.82429,
        "ndcg_at_20": 0.82956,
        "ndcg_at_100": 0.83235,
        "ndcg_at_1000": 0.83235,
        "map_at_1": 0.6061,
        "map_at_3": 0.74855,
        "map_at_5": 0.7629,
        "map_at_10": 0.77176,
        "map_at_20": 0.77343,
        "map_at_100": 0.77397,
        "map_at_1000": 0.77397,
        "recall_at_1": 0.6061,
        "recall_at_3": 0.86738,
        "recall_at_5": 0.92003,
        "recall_at_10": 0.96793,
        "recall_at_20": 0.98694,
        "recall_at_100": 1.0,
        "recall_at_1000": 1.0,
        "precision_at_1": 0.66271,
        "precision_at_3": 0.33175,
        "precision_at_5": 0.21235,
        "precision_at_10": 0.11283,
        "precision_at_20": 0.05772,
        "precision_at_100": 0.01169,
        "precision_at_1000": 0.00117,
        "mrr_at_1": 0.776722,
        "mrr_at_3": 0.828979,
        "mrr_at_5": 0.838836,
        "mrr_at_10": 0.843147,
        "mrr_at_20": 0.844403,
        "mrr_at_100": 0.844872,
        "mrr_at_1000": 0.844872,
        "nauc_ndcg_at_1_max": 0.063858,
        "nauc_ndcg_at_1_std": -0.39964,
        "nauc_ndcg_at_1_diff1": 0.504636,
        "nauc_ndcg_at_3_max": 0.16013,
        "nauc_ndcg_at_3_std": -0.380312,
        "nauc_ndcg_at_3_diff1": 0.383892,
        "nauc_ndcg_at_5_max": 0.147796,
        "nauc_ndcg_at_5_std": -0.406727,
        "nauc_ndcg_at_5_diff1": 0.403483,
        "nauc_ndcg_at_10_max": 0.137349,
        "nauc_ndcg_at_10_std": -0.396855,
        "nauc_ndcg_at_10_diff1": 0.42147,
        "nauc_ndcg_at_20_max": 0.134171,
        "nauc_ndcg_at_20_std": -0.380961,
        "nauc_ndcg_at_20_diff1": 0.420388,
        "nauc_ndcg_at_100_max": 0.131257,
        "nauc_ndcg_at_100_std": -0.387478,
        "nauc_ndcg_at_100_diff1": 0.426924,
        "nauc_ndcg_at_1000_max": 0.131257,
        "nauc_ndcg_at_1000_std": -0.387478,
        "nauc_ndcg_at_1000_diff1": 0.426924,
        "nauc_map_at_1_max": 0.09345,
        "nauc_map_at_1_std": -0.395889,
        "nauc_map_at_1_diff1": 0.500268,
        "nauc_map_at_3_max": 0.132092,
        "nauc_map_at_3_std": -0.399127,
        "nauc_map_at_3_diff1": 0.415602,
        "nauc_map_at_5_max": 0.126105,
        "nauc_map_at_5_std": -0.411154,
        "nauc_map_at_5_diff1": 0.426432,
        "nauc_map_at_10_max": 0.125127,
        "nauc_map_at_10_std": -0.402651,
        "nauc_map_at_10_diff1": 0.431448,
        "nauc_map_at_20_max": 0.124213,
        "nauc_map_at_20_std": -0.398867,
        "nauc_map_at_20_diff1": 0.431556,
        "nauc_map_at_100_max": 0.12388,
        "nauc_map_at_100_std": -0.39976,
        "nauc_map_at_100_diff1": 0.432324,
        "nauc_map_at_1000_max": 0.12388,
        "nauc_map_at_1000_std": -0.39976,
        "nauc_map_at_1000_diff1": 0.432324,
        "nauc_recall_at_1_max": 0.09345,
        "nauc_recall_at_1_std": -0.395889,
        "nauc_recall_at_1_diff1": 0.500268,
        "nauc_recall_at_3_max": 0.262836,
        "nauc_recall_at_3_std": -0.336441,
        "nauc_recall_at_3_diff1": 0.222808,
        "nauc_recall_at_5_max": 0.256227,
        "nauc_recall_at_5_std": -0.459485,
        "nauc_recall_at_5_diff1": 0.226761,
        "nauc_recall_at_10_max": 0.231937,
        "nauc_recall_at_10_std": -0.51354,
        "nauc_recall_at_10_diff1": 0.286796,
        "nauc_recall_at_20_max": 0.303878,
        "nauc_recall_at_20_std": -0.028471,
        "nauc_recall_at_20_diff1": 0.048814,
        "nauc_recall_at_100_max": NaN,
        "nauc_recall_at_100_std": NaN,
        "nauc_recall_at_100_diff1": NaN,
        "nauc_recall_at_1000_max": NaN,
        "nauc_recall_at_1000_std": NaN,
        "nauc_recall_at_1000_diff1": NaN,
        "nauc_precision_at_1_max": 0.063858,
        "nauc_precision_at_1_std": -0.39964,
        "nauc_precision_at_1_diff1": 0.504636,
        "nauc_precision_at_3_max": 0.077244,
        "nauc_precision_at_3_std": -0.072767,
        "nauc_precision_at_3_diff1": -0.025765,
        "nauc_precision_at_5_max": 0.030012,
        "nauc_precision_at_5_std": -0.021484,
        "nauc_precision_at_5_diff1": -0.080922,
        "nauc_precision_at_10_max": -0.009491,
        "nauc_precision_at_10_std": 0.118574,
        "nauc_precision_at_10_diff1": -0.140754,
        "nauc_precision_at_20_max": -0.037632,
        "nauc_precision_at_20_std": 0.184135,
        "nauc_precision_at_20_diff1": -0.175009,
        "nauc_precision_at_100_max": -0.056626,
        "nauc_precision_at_100_std": 0.191421,
        "nauc_precision_at_100_diff1": -0.182777,
        "nauc_precision_at_1000_max": -0.056626,
        "nauc_precision_at_1000_std": 0.191421,
        "nauc_precision_at_1000_diff1": -0.182777,
        "nauc_mrr_at_1_max": 0.326716,
        "nauc_mrr_at_1_std": -0.070845,
        "nauc_mrr_at_1_diff1": 0.166575,
        "nauc_mrr_at_3_max": 0.332954,
        "nauc_mrr_at_3_std": -0.120404,
        "nauc_mrr_at_3_diff1": 0.177385,
        "nauc_mrr_at_5_max": 0.331098,
        "nauc_mrr_at_5_std": -0.124019,
        "nauc_mrr_at_5_diff1": 0.176763,
        "nauc_mrr_at_10_max": 0.325649,
        "nauc_mrr_at_10_std": -0.123584,
        "nauc_mrr_at_10_diff1": 0.18115,
        "nauc_mrr_at_20_max": 0.325946,
        "nauc_mrr_at_20_std": -0.116771,
        "nauc_mrr_at_20_diff1": 0.177664,
        "nauc_mrr_at_100_max": 0.326369,
        "nauc_mrr_at_100_std": -0.116785,
        "nauc_mrr_at_100_diff1": 0.177565,
        "nauc_mrr_at_1000_max": 0.326369,
        "nauc_mrr_at_1000_std": -0.116785,
        "nauc_mrr_at_1000_diff1": 0.177565,
        "main_score": 0.82429,
        "hf_subset": "korean",
        "languages": [
          "kor-Kore"
        ]
      }
    ]
  },
  "evaluation_time": 71.61193656921387,
  "kg_co2_emissions": null
}