{
  "dataset_revision": "d67138e705d963e346253a80e59676ddb418810a",
  "task_name": "MultiLongDocRetrieval",
  "mteb_version": "1.38.57",
  "scores": {
    "test": [
      {
        "ndcg_at_1": 0.55,
        "ndcg_at_3": 0.6147,
        "ndcg_at_5": 0.64503,
        "ndcg_at_10": 0.66595,
        "ndcg_at_20": 0.6895,
        "ndcg_at_100": 0.70935,
        "ndcg_at_1000": 0.70935,
        "map_at_1": 0.55,
        "map_at_3": 0.5975,
        "map_at_5": 0.614,
        "map_at_10": 0.62257,
        "map_at_20": 0.62878,
        "map_at_100": 0.63196,
        "map_at_1000": 0.63196,
        "recall_at_1": 0.55,
        "recall_at_3": 0.665,
        "recall_at_5": 0.74,
        "recall_at_10": 0.805,
        "recall_at_20": 0.9,
        "recall_at_100": 1.0,
        "recall_at_1000": 1.0,
        "precision_at_1": 0.55,
        "precision_at_3": 0.22167,
        "precision_at_5": 0.148,
        "precision_at_10": 0.0805,
        "precision_at_20": 0.045,
        "precision_at_100": 0.01,
        "precision_at_1000": 0.001,
        "mrr_at_1": 0.55,
        "mrr_at_3": 0.598333,
        "mrr_at_5": 0.614833,
        "mrr_at_10": 0.623399,
        "mrr_at_20": 0.629676,
        "mrr_at_100": 0.63287,
        "mrr_at_1000": 0.63287,
        "nauc_ndcg_at_1_max": 0.648992,
        "nauc_ndcg_at_1_std": 0.287748,
        "nauc_ndcg_at_1_diff1": 0.471481,
        "nauc_ndcg_at_3_max": 0.645359,
        "nauc_ndcg_at_3_std": 0.324608,
        "nauc_ndcg_at_3_diff1": 0.424484,
        "nauc_ndcg_at_5_max": 0.655567,
        "nauc_ndcg_at_5_std": 0.365645,
        "nauc_ndcg_at_5_diff1": 0.397432,
        "nauc_ndcg_at_10_max": 0.659204,
        "nauc_ndcg_at_10_std": 0.373312,
        "nauc_ndcg_at_10_diff1": 0.396644,
        "nauc_ndcg_at_20_max": 0.664842,
        "nauc_ndcg_at_20_std": 0.372818,
        "nauc_ndcg_at_20_diff1": 0.406339,
        "nauc_ndcg_at_100_max": 0.65237,
        "nauc_ndcg_at_100_std": 0.342183,
        "nauc_ndcg_at_100_diff1": 0.419444,
        "nauc_ndcg_at_1000_max": 0.65237,
        "nauc_ndcg_at_1000_std": 0.342183,
        "nauc_ndcg_at_1000_diff1": 0.419444,
        "nauc_map_at_1_max": 0.648992,
        "nauc_map_at_1_std": 0.287748,
        "nauc_map_at_1_diff1": 0.471481,
        "nauc_map_at_3_max": 0.644965,
        "nauc_map_at_3_std": 0.313859,
        "nauc_map_at_3_diff1": 0.437526,
        "nauc_map_at_5_max": 0.649419,
        "nauc_map_at_5_std": 0.333552,
        "nauc_map_at_5_diff1": 0.424059,
        "nauc_map_at_10_max": 0.650116,
        "nauc_map_at_10_std": 0.335352,
        "nauc_map_at_10_diff1": 0.423764,
        "nauc_map_at_20_max": 0.651258,
        "nauc_map_at_20_std": 0.334509,
        "nauc_map_at_20_diff1": 0.426696,
        "nauc_map_at_100_max": 0.649559,
        "nauc_map_at_100_std": 0.330276,
        "nauc_map_at_100_diff1": 0.428277,
        "nauc_map_at_1000_max": 0.649559,
        "nauc_map_at_1000_std": 0.330276,
        "nauc_map_at_1000_diff1": 0.428277,
        "nauc_recall_at_1_max": 0.648992,
        "nauc_recall_at_1_std": 0.287748,
        "nauc_recall_at_1_diff1": 0.471481,
        "nauc_recall_at_3_max": 0.647244,
        "nauc_recall_at_3_std": 0.35982,
        "nauc_recall_at_3_diff1": 0.382028,
        "nauc_recall_at_5_max": 0.68286,
        "nauc_recall_at_5_std": 0.497415,
        "nauc_recall_at_5_diff1": 0.291036,
        "nauc_recall_at_10_max": 0.711102,
        "nauc_recall_at_10_std": 0.570022,
        "nauc_recall_at_10_diff1": 0.264555,
        "nauc_recall_at_20_max": 0.809524,
        "nauc_recall_at_20_std": 0.727988,
        "nauc_recall_at_20_diff1": 0.246545,
        "nauc_recall_at_100_max": NaN,
        "nauc_recall_at_100_std": NaN,
        "nauc_recall_at_100_diff1": NaN,
        "nauc_recall_at_1000_max": NaN,
        "nauc_recall_at_1000_std": NaN,
        "nauc_recall_at_1000_diff1": NaN,
        "nauc_precision_at_1_max": 0.648992,
        "nauc_precision_at_1_std": 0.287748,
        "nauc_precision_at_1_diff1": 0.471481,
        "nauc_precision_at_3_max": 0.647244,
        "nauc_precision_at_3_std": 0.35982,
        "nauc_precision_at_3_diff1": 0.382028,
        "nauc_precision_at_5_max": 0.68286,
        "nauc_precision_at_5_std": 0.497415,
        "nauc_precision_at_5_diff1": 0.291036,
        "nauc_precision_at_10_max": 0.711102,
        "nauc_precision_at_10_std": 0.570022,
        "nauc_precision_at_10_diff1": 0.264555,
        "nauc_precision_at_20_max": 0.809524,
        "nauc_precision_at_20_std": 0.727988,
        "nauc_precision_at_20_diff1": 0.246545,
        "nauc_precision_at_100_max": 1.0,
        "nauc_precision_at_100_std": 1.0,
        "nauc_precision_at_100_diff1": 1.0,
        "nauc_precision_at_1000_max": 1.0,
        "nauc_precision_at_1000_std": 1.0,
        "nauc_precision_at_1000_diff1": 1.0,
        "nauc_mrr_at_1_max": 0.648992,
        "nauc_mrr_at_1_std": 0.287748,
        "nauc_mrr_at_1_diff1": 0.471481,
        "nauc_mrr_at_3_max": 0.647436,
        "nauc_mrr_at_3_std": 0.318994,
        "nauc_mrr_at_3_diff1": 0.435844,
        "nauc_mrr_at_5_max": 0.651983,
        "nauc_mrr_at_5_std": 0.338897,
        "nauc_mrr_at_5_diff1": 0.422298,
        "nauc_mrr_at_10_max": 0.652735,
        "nauc_mrr_at_10_std": 0.340813,
        "nauc_mrr_at_10_diff1": 0.421965,
        "nauc_mrr_at_20_max": 0.653843,
        "nauc_mrr_at_20_std": 0.339925,
        "nauc_mrr_at_20_diff1": 0.42483,
        "nauc_mrr_at_100_max": 0.652159,
        "nauc_mrr_at_100_std": 0.335717,
        "nauc_mrr_at_100_diff1": 0.426412,
        "nauc_mrr_at_1000_max": 0.652159,
        "nauc_mrr_at_1000_std": 0.335717,
        "nauc_mrr_at_1000_diff1": 0.426412,
        "main_score": 0.66595,
        "hf_subset": "ko",
        "languages": [
          "kor-Hang"
        ]
      }
    ]
  },
  "evaluation_time": 1579.7666568756104,
  "kg_co2_emissions": null
}