{
  "dataset_revision": "main",
  "task_name": "PublicHealthQA",
  "mteb_version": "1.38.57",
  "scores": {
    "test": [
      {
        "ndcg_at_1": 0.54545,
        "ndcg_at_3": 0.60111,
        "ndcg_at_5": 0.6067,
        "ndcg_at_10": 0.6067,
        "ndcg_at_20": 0.61021,
        "ndcg_at_100": 0.61021,
        "ndcg_at_1000": 0.61021,
        "map_at_1": 0.54545,
        "map_at_3": 0.58874,
        "map_at_5": 0.59199,
        "map_at_10": 0.59199,
        "map_at_20": 0.59307,
        "map_at_100": 0.59307,
        "map_at_1000": 0.59307,
        "recall_at_1": 0.54545,
        "recall_at_3": 0.63636,
        "recall_at_5": 0.64935,
        "recall_at_10": 0.64935,
        "recall_at_20": 0.66234,
        "recall_at_100": 0.66234,
        "recall_at_1000": 0.66234,
        "precision_at_1": 0.54545,
        "precision_at_3": 0.21212,
        "precision_at_5": 0.12987,
        "precision_at_10": 0.06494,
        "precision_at_20": 0.03312,
        "precision_at_100": 0.00662,
        "precision_at_1000": 0.00066,
        "mrr_at_1": 0.545455,
        "mrr_at_3": 0.588745,
        "mrr_at_5": 0.591991,
        "mrr_at_10": 0.591991,
        "mrr_at_20": 0.593074,
        "mrr_at_100": 0.593074,
        "mrr_at_1000": 0.593074,
        "nauc_ndcg_at_1_max": 0.499584,
        "nauc_ndcg_at_1_std": -0.0498,
        "nauc_ndcg_at_1_diff1": 0.578306,
        "nauc_ndcg_at_3_max": 0.568659,
        "nauc_ndcg_at_3_std": 0.077058,
        "nauc_ndcg_at_3_diff1": 0.527757,
        "nauc_ndcg_at_5_max": 0.556174,
        "nauc_ndcg_at_5_std": 0.059598,
        "nauc_ndcg_at_5_diff1": 0.514859,
        "nauc_ndcg_at_10_max": 0.556174,
        "nauc_ndcg_at_10_std": 0.059598,
        "nauc_ndcg_at_10_diff1": 0.514859,
        "nauc_ndcg_at_20_max": 0.566184,
        "nauc_ndcg_at_20_std": 0.079911,
        "nauc_ndcg_at_20_diff1": 0.508143,
        "nauc_ndcg_at_100_max": 0.566184,
        "nauc_ndcg_at_100_std": 0.079911,
        "nauc_ndcg_at_100_diff1": 0.508143,
        "nauc_ndcg_at_1000_max": 0.566184,
        "nauc_ndcg_at_1000_std": 0.079911,
        "nauc_ndcg_at_1000_diff1": 0.508143,
        "nauc_map_at_1_max": 0.499584,
        "nauc_map_at_1_std": -0.0498,
        "nauc_map_at_1_diff1": 0.578306,
        "nauc_map_at_3_max": 0.552216,
        "nauc_map_at_3_std": 0.046026,
        "nauc_map_at_3_diff1": 0.53999,
        "nauc_map_at_5_max": 0.545032,
        "nauc_map_at_5_std": 0.035933,
        "nauc_map_at_5_diff1": 0.532736,
        "nauc_map_at_10_max": 0.545032,
        "nauc_map_at_10_std": 0.035933,
        "nauc_map_at_10_diff1": 0.532736,
        "nauc_map_at_20_max": 0.548017,
        "nauc_map_at_20_std": 0.041988,
        "nauc_map_at_20_diff1": 0.530753,
        "nauc_map_at_100_max": 0.548017,
        "nauc_map_at_100_std": 0.041988,
        "nauc_map_at_100_diff1": 0.530753,
        "nauc_map_at_1000_max": 0.548017,
        "nauc_map_at_1000_std": 0.041988,
        "nauc_map_at_1000_diff1": 0.530753,
        "nauc_recall_at_1_max": 0.499584,
        "nauc_recall_at_1_std": -0.0498,
        "nauc_recall_at_1_diff1": 0.578306,
        "nauc_recall_at_3_max": 0.619012,
        "nauc_recall_at_3_std": 0.172481,
        "nauc_recall_at_3_diff1": 0.490203,
        "nauc_recall_at_5_max": 0.589279,
        "nauc_recall_at_5_std": 0.131528,
        "nauc_recall_at_5_diff1": 0.457233,
        "nauc_recall_at_10_max": 0.589279,
        "nauc_recall_at_10_std": 0.131528,
        "nauc_recall_at_10_diff1": 0.457233,
        "nauc_recall_at_20_max": 0.630503,
        "nauc_recall_at_20_std": 0.21531,
        "nauc_recall_at_20_diff1": 0.428663,
        "nauc_recall_at_100_max": 0.630503,
        "nauc_recall_at_100_std": 0.21531,
        "nauc_recall_at_100_diff1": 0.428663,
        "nauc_recall_at_1000_max": 0.630503,
        "nauc_recall_at_1000_std": 0.21531,
        "nauc_recall_at_1000_diff1": 0.428663,
        "nauc_precision_at_1_max": 0.499584,
        "nauc_precision_at_1_std": -0.0498,
        "nauc_precision_at_1_diff1": 0.578306,
        "nauc_precision_at_3_max": 0.619012,
        "nauc_precision_at_3_std": 0.172481,
        "nauc_precision_at_3_diff1": 0.490203,
        "nauc_precision_at_5_max": 0.589279,
        "nauc_precision_at_5_std": 0.131528,
        "nauc_precision_at_5_diff1": 0.457233,
        "nauc_precision_at_10_max": 0.589279,
        "nauc_precision_at_10_std": 0.131528,
        "nauc_precision_at_10_diff1": 0.457233,
        "nauc_precision_at_20_max": 0.630503,
        "nauc_precision_at_20_std": 0.21531,
        "nauc_precision_at_20_diff1": 0.428663,
        "nauc_precision_at_100_max": 0.630503,
        "nauc_precision_at_100_std": 0.21531,
        "nauc_precision_at_100_diff1": 0.428663,
        "nauc_precision_at_1000_max": 0.630503,
        "nauc_precision_at_1000_std": 0.21531,
        "nauc_precision_at_1000_diff1": 0.428663,
        "nauc_mrr_at_1_max": 0.499584,
        "nauc_mrr_at_1_std": -0.0498,
        "nauc_mrr_at_1_diff1": 0.578306,
        "nauc_mrr_at_3_max": 0.552216,
        "nauc_mrr_at_3_std": 0.046026,
        "nauc_mrr_at_3_diff1": 0.53999,
        "nauc_mrr_at_5_max": 0.545032,
        "nauc_mrr_at_5_std": 0.035933,
        "nauc_mrr_at_5_diff1": 0.532736,
        "nauc_mrr_at_10_max": 0.545032,
        "nauc_mrr_at_10_std": 0.035933,
        "nauc_mrr_at_10_diff1": 0.532736,
        "nauc_mrr_at_20_max": 0.548017,
        "nauc_mrr_at_20_std": 0.041988,
        "nauc_mrr_at_20_diff1": 0.530753,
        "nauc_mrr_at_100_max": 0.548017,
        "nauc_mrr_at_100_std": 0.041988,
        "nauc_mrr_at_100_diff1": 0.530753,
        "nauc_mrr_at_1000_max": 0.548017,
        "nauc_mrr_at_1000_std": 0.041988,
        "nauc_mrr_at_1000_diff1": 0.530753,
        "main_score": 0.6067,
        "hf_subset": "korean",
        "languages": [
          "kor-Hang"
        ]
      }
    ]
  },
  "evaluation_time": 14.255324125289917,
  "kg_co2_emissions": null
}