{
  "dataset_revision": "c99d599f0a6ab9b85b065da6f9d94f9cf731679f",
  "task_name": "XPQARetrieval",
  "mteb_version": "1.38.57",
  "scores": {
    "test": [
      {
        "ndcg_at_1": 0.3685,
        "ndcg_at_3": 0.42121,
        "ndcg_at_5": 0.46004,
        "ndcg_at_10": 0.5035,
        "ndcg_at_20": 0.54533,
        "ndcg_at_100": 0.58563,
        "ndcg_at_1000": 0.58563,
        "map_at_1": 0.26922,
        "map_at_3": 0.3864,
        "map_at_5": 0.41624,
        "map_at_10": 0.43824,
        "map_at_20": 0.45167,
        "map_at_100": 0.45976,
        "map_at_1000": 0.45976,
        "recall_at_1": 0.26922,
        "recall_at_3": 0.45604,
        "recall_at_5": 0.54906,
        "recall_at_10": 0.66613,
        "recall_at_20": 0.81702,
        "recall_at_100": 1.0,
        "recall_at_1000": 1.0,
        "precision_at_1": 0.3685,
        "precision_at_3": 0.23496,
        "precision_at_5": 0.1737,
        "precision_at_10": 0.10642,
        "precision_at_20": 0.06483,
        "precision_at_100": 0.01564,
        "precision_at_1000": 0.00156,
        "mrr_at_1": 0.373089,
        "mrr_at_3": 0.433741,
        "mrr_at_5": 0.454154,
        "mrr_at_10": 0.468686,
        "mrr_at_20": 0.477736,
        "mrr_at_100": 0.48279,
        "mrr_at_1000": 0.48279,
        "nauc_ndcg_at_1_max": 0.126427,
        "nauc_ndcg_at_1_std": -0.067839,
        "nauc_ndcg_at_1_diff1": 0.398647,
        "nauc_ndcg_at_3_max": 0.063874,
        "nauc_ndcg_at_3_std": -0.114223,
        "nauc_ndcg_at_3_diff1": 0.350638,
        "nauc_ndcg_at_5_max": 0.05008,
        "nauc_ndcg_at_5_std": -0.128783,
        "nauc_ndcg_at_5_diff1": 0.351167,
        "nauc_ndcg_at_10_max": 0.027529,
        "nauc_ndcg_at_10_std": -0.154834,
        "nauc_ndcg_at_10_diff1": 0.358425,
        "nauc_ndcg_at_20_max": 0.041982,
        "nauc_ndcg_at_20_std": -0.137757,
        "nauc_ndcg_at_20_diff1": 0.362901,
        "nauc_ndcg_at_100_max": 0.072957,
        "nauc_ndcg_at_100_std": -0.108823,
        "nauc_ndcg_at_100_diff1": 0.360587,
        "nauc_ndcg_at_1000_max": 0.072957,
        "nauc_ndcg_at_1000_std": -0.108823,
        "nauc_ndcg_at_1000_diff1": 0.360587,
        "nauc_map_at_1_max": 0.052918,
        "nauc_map_at_1_std": -0.124085,
        "nauc_map_at_1_diff1": 0.383823,
        "nauc_map_at_3_max": 0.072941,
        "nauc_map_at_3_std": -0.106388,
        "nauc_map_at_3_diff1": 0.351151,
        "nauc_map_at_5_max": 0.065422,
        "nauc_map_at_5_std": -0.111445,
        "nauc_map_at_5_diff1": 0.35191,
        "nauc_map_at_10_max": 0.052709,
        "nauc_map_at_10_std": -0.126253,
        "nauc_map_at_10_diff1": 0.355692,
        "nauc_map_at_20_max": 0.057828,
        "nauc_map_at_20_std": -0.120009,
        "nauc_map_at_20_diff1": 0.357992,
        "nauc_map_at_100_max": 0.065369,
        "nauc_map_at_100_std": -0.11303,
        "nauc_map_at_100_diff1": 0.357243,
        "nauc_map_at_1000_max": 0.065369,
        "nauc_map_at_1000_std": -0.11303,
        "nauc_map_at_1000_diff1": 0.357243,
        "nauc_recall_at_1_max": 0.052918,
        "nauc_recall_at_1_std": -0.124085,
        "nauc_recall_at_1_diff1": 0.383823,
        "nauc_recall_at_3_max": 0.024016,
        "nauc_recall_at_3_std": -0.146642,
        "nauc_recall_at_3_diff1": 0.319251,
        "nauc_recall_at_5_max": -0.005931,
        "nauc_recall_at_5_std": -0.173402,
        "nauc_recall_at_5_diff1": 0.317357,
        "nauc_recall_at_10_max": -0.092371,
        "nauc_recall_at_10_std": -0.270522,
        "nauc_recall_at_10_diff1": 0.337957,
        "nauc_recall_at_20_max": -0.096791,
        "nauc_recall_at_20_std": -0.261751,
        "nauc_recall_at_20_diff1": 0.353908,
        "nauc_recall_at_100_max": NaN,
        "nauc_recall_at_100_std": NaN,
        "nauc_recall_at_100_diff1": NaN,
        "nauc_recall_at_1000_max": NaN,
        "nauc_recall_at_1000_std": NaN,
        "nauc_recall_at_1000_diff1": NaN,
        "nauc_precision_at_1_max": 0.126427,
        "nauc_precision_at_1_std": -0.067839,
        "nauc_precision_at_1_diff1": 0.398647,
        "nauc_precision_at_3_max": 0.103105,
        "nauc_precision_at_3_std": -0.01826,
        "nauc_precision_at_3_diff1": 0.212137,
        "nauc_precision_at_5_max": 0.063647,
        "nauc_precision_at_5_std": -0.031118,
        "nauc_precision_at_5_diff1": 0.173458,
        "nauc_precision_at_10_max": 0.022631,
        "nauc_precision_at_10_std": -0.056954,
        "nauc_precision_at_10_diff1": 0.143899,
        "nauc_precision_at_20_max": 0.069398,
        "nauc_precision_at_20_std": 0.036049,
        "nauc_precision_at_20_diff1": 0.082914,
        "nauc_precision_at_100_max": 0.212203,
        "nauc_precision_at_100_std": 0.220411,
        "nauc_precision_at_100_diff1": -0.046024,
        "nauc_precision_at_1000_max": 0.212203,
        "nauc_precision_at_1000_std": 0.220411,
        "nauc_precision_at_1000_diff1": -0.046024,
        "nauc_mrr_at_1_max": 0.134454,
        "nauc_mrr_at_1_std": -0.053324,
        "nauc_mrr_at_1_diff1": 0.384957,
        "nauc_mrr_at_3_max": 0.088511,
        "nauc_mrr_at_3_std": -0.098095,
        "nauc_mrr_at_3_diff1": 0.368104,
        "nauc_mrr_at_5_max": 0.085444,
        "nauc_mrr_at_5_std": -0.100871,
        "nauc_mrr_at_5_diff1": 0.368652,
        "nauc_mrr_at_10_max": 0.081086,
        "nauc_mrr_at_10_std": -0.106139,
        "nauc_mrr_at_10_diff1": 0.371299,
        "nauc_mrr_at_20_max": 0.084944,
        "nauc_mrr_at_20_std": -0.102893,
        "nauc_mrr_at_20_diff1": 0.371305,
        "nauc_mrr_at_100_max": 0.086972,
        "nauc_mrr_at_100_std": -0.10073,
        "nauc_mrr_at_100_diff1": 0.371606,
        "nauc_mrr_at_1000_max": 0.086972,
        "nauc_mrr_at_1000_std": -0.10073,
        "nauc_mrr_at_1000_diff1": 0.371606,
        "main_score": 0.5035,
        "hf_subset": "kor-kor",
        "languages": [
          "kor-Hang",
          "kor-Hang"
        ]
      },
      {
        "ndcg_at_1": 0.05505,
        "ndcg_at_3": 0.04206,
        "ndcg_at_5": 0.04338,
        "ndcg_at_10": 0.04577,
        "ndcg_at_20": 0.04657,
        "ndcg_at_100": 0.04657,
        "ndcg_at_1000": 0.04657,
        "map_at_1": 0.0288,
        "map_at_3": 0.03347,
        "map_at_5": 0.03502,
        "map_at_10": 0.03607,
        "map_at_20": 0.0363,
        "map_at_100": 0.0363,
        "map_at_1000": 0.0363,
        "recall_at_1": 0.0288,
        "recall_at_3": 0.03751,
        "recall_at_5": 0.04401,
        "recall_at_10": 0.05,
        "recall_at_20": 0.05306,
        "recall_at_100": 0.05306,
        "recall_at_1000": 0.05306,
        "precision_at_1": 0.05505,
        "precision_at_3": 0.02396,
        "precision_at_5": 0.01651,
        "precision_at_10": 0.00933,
        "precision_at_20": 0.00482,
        "precision_at_100": 0.00096,
        "precision_at_1000": 0.0001,
        "mrr_at_1": 0.055046,
        "mrr_at_3": 0.061417,
        "mrr_at_5": 0.063863,
        "mrr_at_10": 0.065037,
        "mrr_at_20": 0.065274,
        "mrr_at_100": 0.065274,
        "mrr_at_1000": 0.065274,
        "nauc_ndcg_at_1_max": 0.443125,
        "nauc_ndcg_at_1_std": 0.424329,
        "nauc_ndcg_at_1_diff1": 0.513601,
        "nauc_ndcg_at_3_max": 0.423696,
        "nauc_ndcg_at_3_std": 0.403839,
        "nauc_ndcg_at_3_diff1": 0.481863,
        "nauc_ndcg_at_5_max": 0.407199,
        "nauc_ndcg_at_5_std": 0.387945,
        "nauc_ndcg_at_5_diff1": 0.460726,
        "nauc_ndcg_at_10_max": 0.41129,
        "nauc_ndcg_at_10_std": 0.39304,
        "nauc_ndcg_at_10_diff1": 0.461361,
        "nauc_ndcg_at_20_max": 0.413881,
        "nauc_ndcg_at_20_std": 0.395947,
        "nauc_ndcg_at_20_diff1": 0.458977,
        "nauc_ndcg_at_100_max": 0.413881,
        "nauc_ndcg_at_100_std": 0.395947,
        "nauc_ndcg_at_100_diff1": 0.458977,
        "nauc_ndcg_at_1000_max": 0.413881,
        "nauc_ndcg_at_1000_std": 0.395947,
        "nauc_ndcg_at_1000_diff1": 0.458977,
        "nauc_map_at_1_max": 0.422889,
        "nauc_map_at_1_std": 0.395909,