{
  "dataset_revision": "fd7df84ac089bbec763b1c6bb1b56e985df5cc5c",
  "task_name": "AutoRAGRetrieval",
  "mteb_version": "1.38.57",
  "scores": {
    "test": [
      {
        "ndcg_at_1": 0.79825,
        "ndcg_at_3": 0.90873,
        "ndcg_at_5": 0.91628,
        "ndcg_at_10": 0.91628,
        "ndcg_at_20": 0.91628,
        "ndcg_at_100": 0.91628,
        "ndcg_at_1000": 0.91628,
        "map_at_1": 0.79825,
        "map_at_3": 0.88304,
        "map_at_5": 0.88743,
        "map_at_10": 0.88743,
        "map_at_20": 0.88743,
        "map_at_100": 0.88743,
        "map_at_1000": 0.88743,
        "recall_at_1": 0.79825,
        "recall_at_3": 0.98246,
        "recall_at_5": 1.0,
        "recall_at_10": 1.0,
        "recall_at_20": 1.0,
        "recall_at_100": 1.0,
        "recall_at_1000": 1.0,
        "precision_at_1": 0.79825,
        "precision_at_3": 0.32749,
        "precision_at_5": 0.2,
        "precision_at_10": 0.1,
        "precision_at_20": 0.05,
        "precision_at_100": 0.01,
        "precision_at_1000": 0.001,
        "mrr_at_1": 0.815789,
        "mrr_at_3": 0.891813,
        "mrr_at_5": 0.896199,
        "mrr_at_10": 0.896199,
        "mrr_at_20": 0.896199,
        "mrr_at_100": 0.896199,
        "mrr_at_1000": 0.896199,
        "nauc_ndcg_at_1_max": -0.093454,
        "nauc_ndcg_at_1_std": -0.868507,
        "nauc_ndcg_at_1_diff1": 0.802726,
        "nauc_ndcg_at_3_max": -0.146426,
        "nauc_ndcg_at_3_std": -0.821492,
        "nauc_ndcg_at_3_diff1": 0.772502,
        "nauc_ndcg_at_5_max": -0.097275,
        "nauc_ndcg_at_5_std": -0.850734,
        "nauc_ndcg_at_5_diff1": 0.794838,
        "nauc_ndcg_at_10_max": -0.097275,
        "nauc_ndcg_at_10_std": -0.850734,
        "nauc_ndcg_at_10_diff1": 0.794838,
        "nauc_ndcg_at_20_max": -0.097275,
        "nauc_ndcg_at_20_std": -0.850734,
        "nauc_ndcg_at_20_diff1": 0.794838,
        "nauc_ndcg_at_100_max": -0.097275,
        "nauc_ndcg_at_100_std": -0.850734,
        "nauc_ndcg_at_100_diff1": 0.794838,
        "nauc_ndcg_at_1000_max": -0.097275,
        "nauc_ndcg_at_1000_std": -0.850734,
        "nauc_ndcg_at_1000_diff1": 0.794838,
        "nauc_map_at_1_max": -0.093454,
        "nauc_map_at_1_std": -0.868507,
        "nauc_map_at_1_diff1": 0.802726,
        "nauc_map_at_3_max": -0.118979,
        "nauc_map_at_3_std": -0.83862,
        "nauc_map_at_3_diff1": 0.785292,
        "nauc_map_at_5_max": -0.096612,
        "nauc_map_at_5_std": -0.85196,
        "nauc_map_at_5_diff1": 0.79547,
        "nauc_map_at_10_max": -0.096612,
        "nauc_map_at_10_std": -0.85196,
        "nauc_map_at_10_diff1": 0.79547,
        "nauc_map_at_20_max": -0.096612,
        "nauc_map_at_20_std": -0.85196,
        "nauc_map_at_20_diff1": 0.79547,
        "nauc_map_at_100_max": -0.096612,
        "nauc_map_at_100_std": -0.85196,
        "nauc_map_at_100_diff1": 0.79547,
        "nauc_map_at_1000_max": -0.096612,
        "nauc_map_at_1000_std": -0.85196,
        "nauc_map_at_1000_diff1": 0.79547,
        "nauc_recall_at_1_max": -0.093454,
        "nauc_recall_at_1_std": -0.868507,
        "nauc_recall_at_1_diff1": 0.802726,
        "nauc_recall_at_3_max": -0.658118,
        "nauc_recall_at_3_std": -0.517065,
        "nauc_recall_at_3_diff1": 0.539967,
        "nauc_recall_at_5_max": NaN,
        "nauc_recall_at_5_std": NaN,
        "nauc_recall_at_5_diff1": NaN,
        "nauc_recall_at_10_max": NaN,
        "nauc_recall_at_10_std": NaN,
        "nauc_recall_at_10_diff1": NaN,
        "nauc_recall_at_20_max": NaN,
        "nauc_recall_at_20_std": NaN,
        "nauc_recall_at_20_diff1": NaN,
        "nauc_recall_at_100_max": NaN,
        "nauc_recall_at_100_std": NaN,
        "nauc_recall_at_100_diff1": NaN,
        "nauc_recall_at_1000_max": NaN,
        "nauc_recall_at_1000_std": NaN,
        "nauc_recall_at_1000_diff1": NaN,
        "nauc_precision_at_1_max": -0.093454,
        "nauc_precision_at_1_std": -0.868507,
        "nauc_precision_at_1_diff1": 0.802726,
        "nauc_precision_at_3_max": -0.658118,
        "nauc_precision_at_3_std": -0.517065,
        "nauc_precision_at_3_diff1": 0.539967,
        "nauc_precision_at_5_max": 1.0,
        "nauc_precision_at_5_std": 1.0,
        "nauc_precision_at_5_diff1": 1.0,
        "nauc_precision_at_10_max": 1.0,
        "nauc_precision_at_10_std": 1.0,
        "nauc_precision_at_10_diff1": 1.0,
        "nauc_precision_at_20_max": 1.0,
        "nauc_precision_at_20_std": 1.0,
        "nauc_precision_at_20_diff1": 1.0,
        "nauc_precision_at_100_max": 1.0,
        "nauc_precision_at_100_std": 1.0,
        "nauc_precision_at_100_diff1": 1.0,
        "nauc_precision_at_1000_max": 1.0,
        "nauc_precision_at_1000_std": 1.0,
        "nauc_precision_at_1000_diff1": 1.0,
        "nauc_mrr_at_1_max": 0.014742,
        "nauc_mrr_at_1_std": -0.847437,
        "nauc_mrr_at_1_diff1": 0.772084,
        "nauc_mrr_at_3_max": -0.029663,
        "nauc_mrr_at_3_std": -0.818632,
        "nauc_mrr_at_3_diff1": 0.75816,
        "nauc_mrr_at_5_max": -0.001562,
        "nauc_mrr_at_5_std": -0.832116,
        "nauc_mrr_at_5_diff1": 0.767917,
        "nauc_mrr_at_10_max": -0.001562,
        "nauc_mrr_at_10_std": -0.832116,
        "nauc_mrr_at_10_diff1": 0.767917,
        "nauc_mrr_at_20_max": -0.001562,
        "nauc_mrr_at_20_std": -0.832116,
        "nauc_mrr_at_20_diff1": 0.767917,
        "nauc_mrr_at_100_max": -0.001562,
        "nauc_mrr_at_100_std": -0.832116,
        "nauc_mrr_at_100_diff1": 0.767917,
        "nauc_mrr_at_1000_max": -0.001562,
        "nauc_mrr_at_1000_std": -0.832116,
        "nauc_mrr_at_1000_diff1": 0.767917,
        "main_score": 0.91628,
        "hf_subset": "default",
        "languages": [
          "kor-Hang"
        ]
      }
    ]
  },
  "evaluation_time": 21.834527492523193,
  "kg_co2_emissions": null
}