{
  "dataset_revision": "75b399394a9803252cfec289d103de462763db7c",
  "task_name": "BelebeleRetrieval",
  "mteb_version": "1.38.57",
  "scores": {
    "test": [
      {
        "ndcg_at_1": 0.84222,
        "ndcg_at_3": 0.89779,
        "ndcg_at_5": 0.90841,
        "ndcg_at_10": 0.91442,
        "ndcg_at_20": 0.91893,
        "ndcg_at_100": 0.91953,
        "ndcg_at_1000": 0.91953,
        "map_at_1": 0.84222,
        "map_at_3": 0.885,
        "map_at_5": 0.89094,
        "map_at_10": 0.89337,
        "map_at_20": 0.89462,
        "map_at_100": 0.89469,
        "map_at_1000": 0.89469,
        "recall_at_1": 0.84222,
        "recall_at_3": 0.93444,
        "recall_at_5": 0.96,
        "recall_at_10": 0.97889,
        "recall_at_20": 0.99667,
        "recall_at_100": 1.0,
        "recall_at_1000": 1.0,
        "precision_at_1": 0.84222,
        "precision_at_3": 0.31148,
        "precision_at_5": 0.192,
        "precision_at_10": 0.09789,
        "precision_at_20": 0.04983,
        "precision_at_100": 0.01,
        "precision_at_1000": 0.001,
        "mrr_at_1": 0.844444,
        "mrr_at_3": 0.886296,
        "mrr_at_5": 0.892241,
        "mrr_at_10": 0.894679,
        "mrr_at_20": 0.895931,
        "mrr_at_100": 0.896005,
        "mrr_at_1000": 0.896005,
        "nauc_ndcg_at_1_max": 0.622229,
        "nauc_ndcg_at_1_std": -0.439497,
        "nauc_ndcg_at_1_diff1": 0.841328,
        "nauc_ndcg_at_3_max": 0.615155,
        "nauc_ndcg_at_3_std": -0.519927,
        "nauc_ndcg_at_3_diff1": 0.819339,
        "nauc_ndcg_at_5_max": 0.6018,
        "nauc_ndcg_at_5_std": -0.548786,
        "nauc_ndcg_at_5_diff1": 0.820034,
        "nauc_ndcg_at_10_max": 0.602447,
        "nauc_ndcg_at_10_std": -0.534827,
        "nauc_ndcg_at_10_diff1": 0.824496,
        "nauc_ndcg_at_20_max": 0.611876,
        "nauc_ndcg_at_20_std": -0.504524,
        "nauc_ndcg_at_20_diff1": 0.825973,
        "nauc_ndcg_at_100_max": 0.611666,
        "nauc_ndcg_at_100_std": -0.501957,
        "nauc_ndcg_at_100_diff1": 0.824964,
        "nauc_ndcg_at_1000_max": 0.611666,
        "nauc_ndcg_at_1000_std": -0.501957,
        "nauc_ndcg_at_1000_diff1": 0.824964,
        "nauc_map_at_1_max": 0.622229,
        "nauc_map_at_1_std": -0.439497,
        "nauc_map_at_1_diff1": 0.841328,
        "nauc_map_at_3_max": 0.61683,
        "nauc_map_at_3_std": -0.493645,
        "nauc_map_at_3_diff1": 0.823618,
        "nauc_map_at_5_max": 0.610911,
        "nauc_map_at_5_std": -0.505008,
        "nauc_map_at_5_diff1": 0.824173,
        "nauc_map_at_10_max": 0.611342,
        "nauc_map_at_10_std": -0.499332,
        "nauc_map_at_10_diff1": 0.825778,
        "nauc_map_at_20_max": 0.613445,
        "nauc_map_at_20_std": -0.492642,
        "nauc_map_at_20_diff1": 0.826029,
        "nauc_map_at_100_max": 0.613423,
        "nauc_map_at_100_std": -0.492412,
        "nauc_map_at_100_diff1": 0.825936,
        "nauc_map_at_1000_max": 0.613423,
        "nauc_map_at_1000_std": -0.492412,
        "nauc_map_at_1000_diff1": 0.825936,
        "nauc_recall_at_1_max": 0.622229,
        "nauc_recall_at_1_std": -0.439497,
        "nauc_recall_at_1_diff1": 0.841328,
        "nauc_recall_at_3_max": 0.607392,
        "nauc_recall_at_3_std": -0.648665,
        "nauc_recall_at_3_diff1": 0.800408,
        "nauc_recall_at_5_max": 0.527856,
        "nauc_recall_at_5_std": -0.893687,
        "nauc_recall_at_5_diff1": 0.792185,
        "nauc_recall_at_10_max": 0.469949,
        "nauc_recall_at_10_std": -1.032975,
        "nauc_recall_at_10_diff1": 0.820999,
        "nauc_recall_at_20_max": 0.637411,
        "nauc_recall_at_20_std": -0.844538,
        "nauc_recall_at_20_diff1": 0.956427,
        "nauc_recall_at_100_max": NaN,
        "nauc_recall_at_100_std": NaN,
        "nauc_recall_at_100_diff1": NaN,
        "nauc_recall_at_1000_max": NaN,
        "nauc_recall_at_1000_std": NaN,
        "nauc_recall_at_1000_diff1": NaN,
        "nauc_precision_at_1_max": 0.622229,
        "nauc_precision_at_1_std": -0.439497,
        "nauc_precision_at_1_diff1": 0.841328,
        "nauc_precision_at_3_max": 0.607392,
        "nauc_precision_at_3_std": -0.648665,
        "nauc_precision_at_3_diff1": 0.800408,
        "nauc_precision_at_5_max": 0.527856,
        "nauc_precision_at_5_std": -0.893687,
        "nauc_precision_at_5_diff1": 0.792185,
        "nauc_precision_at_10_max": 0.469949,
        "nauc_precision_at_10_std": -1.032975,
        "nauc_precision_at_10_diff1": 0.820999,
        "nauc_precision_at_20_max": 0.637411,
        "nauc_precision_at_20_std": -0.844538,
        "nauc_precision_at_20_diff1": 0.956427,
        "nauc_precision_at_100_max": 1.0,
        "nauc_precision_at_100_std": 1.0,
        "nauc_precision_at_100_diff1": 1.0,
        "nauc_precision_at_1000_max": NaN,
        "nauc_precision_at_1000_std": NaN,
        "nauc_precision_at_1000_diff1": NaN,
        "nauc_mrr_at_1_max": 0.616329,
        "nauc_mrr_at_1_std": -0.442654,
        "nauc_mrr_at_1_diff1": 0.837302,
        "nauc_mrr_at_3_max": 0.614794,
        "nauc_mrr_at_3_std": -0.49415,
        "nauc_mrr_at_3_diff1": 0.821534,
        "nauc_mrr_at_5_max": 0.608693,
        "nauc_mrr_at_5_std": -0.505668,
        "nauc_mrr_at_5_diff1": 0.821977,
        "nauc_mrr_at_10_max": 0.609107,
        "nauc_mrr_at_10_std": -0.499864,
        "nauc_mrr_at_10_diff1": 0.82358,
        "nauc_mrr_at_20_max": 0.611188,
        "nauc_mrr_at_20_std": -0.493015,
        "nauc_mrr_at_20_diff1": 0.823794,
        "nauc_mrr_at_100_max": 0.61116,
        "nauc_mrr_at_100_std": -0.492793,
        "nauc_mrr_at_100_diff1": 0.823695,
        "nauc_mrr_at_1000_max": 0.61116,
        "nauc_mrr_at_1000_std": -0.492793,
        "nauc_mrr_at_1000_diff1": 0.823695,
        "main_score": 0.91442,
        "hf_subset": "kor_Hang-kor_Hang",
        "languages": [
          "kor-Hang",
          "kor-Hang"
        ]
      },
      {
        "ndcg_at_1": 0.09333,
        "ndcg_at_3": 0.09684,
        "ndcg_at_5": 0.09727,
        "ndcg_at_10": 0.09832,
        "ndcg_at_20": 0.09832,
        "ndcg_at_100": 0.09832,
        "ndcg_at_1000": 0.09832,
        "map_at_1": 0.09333,
        "map_at_3": 0.09611,
        "map_at_5": 0.09633,
        "map_at_10": 0.09675,
        "map_at_20": 0.09675,
        "map_at_100": 0.09675,
        "map_at_1000": 0.09675,
        "recall_at_1": 0.09333,
        "recall_at_3": 0.09889,
        "recall_at_5": 0.1,
        "recall_at_10": 0.10333,
        "recall_at_20": 0.10333,
        "recall_at_100": 0.10333,
        "recall_at_1000": 0.10333,
        "precision_at_1": 0.09333,
        "precision_at_3": 0.03296,
        "precision_at_5": 0.02,
        "precision_at_10": 0.01033,
        "precision_at_20": 0.00517,
        "precision_at_100": 0.00103,
        "precision_at_1000": 0.0001,
        "mrr_at_1": 0.093333,
        "mrr_at_3": 0.096111,
        "mrr_at_5": 0.096333,
        "mrr_at_10": 0.096753,
        "mrr_at_20": 0.096753,
        "mrr_at_100": 0.096753,
        "mrr_at_1000": 0.096753,
        "nauc_ndcg_at_1_max": 0.85377,
        "nauc_ndcg_at_1_std": 0.694795,
        "nauc_ndcg_at_1_diff1": 0.681874,
        "nauc_ndcg_at_3_max": 0.846826,
        "nauc_ndcg_at_3_std": 0.696052,
        "nauc_ndcg_at_3_diff1": 0.643527,
        "nauc_ndcg_at_5_max": 0.842174,
        "nauc_ndcg_at_5_std": 0.692067,
        "nauc_ndcg_at_5_diff1": 0.640371,
        "nauc_ndcg_at_10_max": 0.840081,
        "nauc_ndcg_at_10_std": 0.693219,
        "nauc_ndcg_at_10_diff1": 0.63351,
        "nauc_ndcg_at_20_max": 0.840081,
        "nauc_ndcg_at_20_std": 0.693219,
        "nauc_ndcg_at_20_diff1": 0.63351,
        "nauc_ndcg_at_100_max": 0.840081,
        "nauc_ndcg_at_100_std": 0.693219,
        "nauc_ndcg_at_100_diff1": 0.63351,
        "nauc_ndcg_at_1000_max": 0.840081,
        "nauc_ndcg_at_1000_std": 0.693219,
        "nauc_ndcg_at_1000_diff1": 0.63351,
        "nauc_map_at_1_max": 0.85377,
        "nauc_map_at_1_std": 0.694795,
        "nauc_map_at_1_diff1": 0.681874,