{
  "dataset_revision": "d243889a3eb6654029dbd7e7f9319ae31d58f97c",
  "task_name": "Ko-StrategyQA",
  "mteb_version": "1.38.57",
  "scores": {
    "dev": [
      {
        "ndcg_at_1": 0.75676,
        "ndcg_at_3": 0.75296,
        "ndcg_at_5": 0.7846,
        "ndcg_at_10": 0.81092,
        "ndcg_at_20": 0.82643,
        "ndcg_at_100": 0.84236,
        "ndcg_at_1000": 0.84236,
        "map_at_1": 0.48909,
        "map_at_3": 0.71048,
        "map_at_5": 0.7409,
        "map_at_10": 0.75853,
        "map_at_20": 0.76466,
        "map_at_100": 0.7688,
        "map_at_1000": 0.7688,
        "recall_at_1": 0.48909,
        "recall_at_3": 0.76353,
        "recall_at_5": 0.82812,
        "recall_at_10": 0.89091,
        "recall_at_20": 0.93806,
        "recall_at_100": 1.0,
        "recall_at_1000": 1.0,
        "precision_at_1": 0.75676,
        "precision_at_3": 0.45101,
        "precision_at_5": 0.30169,
        "precision_at_10": 0.16639,
        "precision_at_20": 0.08902,
        "precision_at_100": 0.01934,
        "precision_at_1000": 0.00193,
        "mrr_at_1": 0.761824,
        "mrr_at_3": 0.812218,
        "mrr_at_5": 0.819904,
        "mrr_at_10": 0.823732,
        "mrr_at_20": 0.826266,
        "mrr_at_100": 0.827253,
        "mrr_at_1000": 0.827253,
        "nauc_ndcg_at_1_max": 0.669358,
        "nauc_ndcg_at_1_std": 0.351985,
        "nauc_ndcg_at_1_diff1": 0.649621,
        "nauc_ndcg_at_3_max": 0.650444,
        "nauc_ndcg_at_3_std": 0.335413,
        "nauc_ndcg_at_3_diff1": 0.574059,
        "nauc_ndcg_at_5_max": 0.677675,
        "nauc_ndcg_at_5_std": 0.381848,
        "nauc_ndcg_at_5_diff1": 0.576294,
        "nauc_ndcg_at_10_max": 0.709447,
        "nauc_ndcg_at_10_std": 0.441264,
        "nauc_ndcg_at_10_diff1": 0.599029,
        "nauc_ndcg_at_20_max": 0.700225,
        "nauc_ndcg_at_20_std": 0.425463,
        "nauc_ndcg_at_20_diff1": 0.599075,
        "nauc_ndcg_at_100_max": 0.678154,
        "nauc_ndcg_at_100_std": 0.386341,
        "nauc_ndcg_at_100_diff1": 0.595245,
        "nauc_ndcg_at_1000_max": 0.678154,
        "nauc_ndcg_at_1000_std": 0.386341,
        "nauc_ndcg_at_1000_diff1": 0.595245,
        "nauc_map_at_1_max": 0.373102,
        "nauc_map_at_1_std": 0.025214,
        "nauc_map_at_1_diff1": 0.619027,
        "nauc_map_at_3_max": 0.615739,
        "nauc_map_at_3_std": 0.284208,
        "nauc_map_at_3_diff1": 0.563436,
        "nauc_map_at_5_max": 0.639521,
        "nauc_map_at_5_std": 0.327192,
        "nauc_map_at_5_diff1": 0.563018,
        "nauc_map_at_10_max": 0.657177,
        "nauc_map_at_10_std": 0.357807,
        "nauc_map_at_10_diff1": 0.576752,
        "nauc_map_at_20_max": 0.655117,
        "nauc_map_at_20_std": 0.354489,
        "nauc_map_at_20_diff1": 0.576622,
        "nauc_map_at_100_max": 0.650149,
        "nauc_map_at_100_std": 0.346394,
        "nauc_map_at_100_diff1": 0.5751,
        "nauc_map_at_1000_max": 0.650149,
        "nauc_map_at_1000_std": 0.346394,
        "nauc_map_at_1000_diff1": 0.5751,
        "nauc_recall_at_1_max": 0.373102,
        "nauc_recall_at_1_std": 0.025214,
        "nauc_recall_at_1_diff1": 0.619027,
        "nauc_recall_at_3_max": 0.643139,
        "nauc_recall_at_3_std": 0.334597,
        "nauc_recall_at_3_diff1": 0.537331,
        "nauc_recall_at_5_max": 0.695156,
        "nauc_recall_at_5_std": 0.435263,
        "nauc_recall_at_5_diff1": 0.527429,
        "nauc_recall_at_10_max": 0.839674,
        "nauc_recall_at_10_std": 0.697748,
        "nauc_recall_at_10_diff1": 0.60723,
        "nauc_recall_at_20_max": 0.866262,
        "nauc_recall_at_20_std": 0.751805,
        "nauc_recall_at_20_diff1": 0.616855,
        "nauc_recall_at_100_max": NaN,
        "nauc_recall_at_100_std": NaN,
        "nauc_recall_at_100_diff1": NaN,
        "nauc_recall_at_1000_max": NaN,
        "nauc_recall_at_1000_std": NaN,
        "nauc_recall_at_1000_diff1": NaN,
        "nauc_precision_at_1_max": 0.669358,
        "nauc_precision_at_1_std": 0.351985,
        "nauc_precision_at_1_diff1": 0.649621,
        "nauc_precision_at_3_max": 0.338504,
        "nauc_precision_at_3_std": 0.374141,
        "nauc_precision_at_3_diff1": -0.008338,
        "nauc_precision_at_5_max": 0.239678,
        "nauc_precision_at_5_std": 0.363765,
        "nauc_precision_at_5_diff1": -0.109405,
        "nauc_precision_at_10_max": 0.147697,
        "nauc_precision_at_10_std": 0.360376,
        "nauc_precision_at_10_diff1": -0.184034,
        "nauc_precision_at_20_max": 0.022577,
        "nauc_precision_at_20_std": 0.268324,
        "nauc_precision_at_20_diff1": -0.273885,
        "nauc_precision_at_100_max": -0.168718,
        "nauc_precision_at_100_std": 0.096008,
        "nauc_precision_at_100_diff1": -0.394205,
        "nauc_precision_at_1000_max": -0.168718,
        "nauc_precision_at_1000_std": 0.096008,
        "nauc_precision_at_1000_diff1": -0.394205,
        "nauc_mrr_at_1_max": 0.683138,
        "nauc_mrr_at_1_std": 0.360513,
        "nauc_mrr_at_1_diff1": 0.637075,
        "nauc_mrr_at_3_max": 0.741038,
        "nauc_mrr_at_3_std": 0.451894,
        "nauc_mrr_at_3_diff1": 0.641756,
        "nauc_mrr_at_5_max": 0.734927,
        "nauc_mrr_at_5_std": 0.449945,
        "nauc_mrr_at_5_diff1": 0.635957,
        "nauc_mrr_at_10_max": 0.73441,
        "nauc_mrr_at_10_std": 0.451047,
        "nauc_mrr_at_10_diff1": 0.636045,
        "nauc_mrr_at_20_max": 0.7315,
        "nauc_mrr_at_20_std": 0.445608,
        "nauc_mrr_at_20_diff1": 0.636255,
        "nauc_mrr_at_100_max": 0.730391,
        "nauc_mrr_at_100_std": 0.443142,
        "nauc_mrr_at_100_diff1": 0.636172,
        "nauc_mrr_at_1000_max": 0.730391,
        "nauc_mrr_at_1000_std": 0.443142,
        "nauc_mrr_at_1000_diff1": 0.636172,
        "main_score": 0.81092,
        "hf_subset": "default",
        "languages": [
          "kor-Hang"
        ]
      }
    ]
  },
  "evaluation_time": 68.35570621490479,
  "kg_co2_emissions": null
}