{
  "dataset_revision": "main",
  "task_name": "MIRACLRetrieval",
  "mteb_version": "1.38.57",
  "scores": {
    "dev": [
      {
        "ndcg_at_1": 0.84038,
        "ndcg_at_3": 0.84035,
        "ndcg_at_5": 0.85683,
        "ndcg_at_10": 0.88431,
        "ndcg_at_20": 0.89835,
        "ndcg_at_100": 0.89939,
        "ndcg_at_1000": 0.89939,
        "map_at_1": 0.52,
        "map_at_3": 0.7111,
        "map_at_5": 0.78136,
        "map_at_10": 0.82552,
        "map_at_20": 0.83791,
        "map_at_100": 0.83849,
        "map_at_1000": 0.83849,
        "recall_at_1": 0.52,
        "recall_at_3": 0.77235,
        "recall_at_5": 0.8726,
        "recall_at_10": 0.96221,
        "recall_at_20": 0.9971,
        "recall_at_100": 1.0,
        "recall_at_1000": 1.0,
        "precision_at_1": 0.84038,
        "precision_at_3": 0.52113,
        "precision_at_5": 0.39531,
        "precision_at_10": 0.23803,
        "precision_at_20": 0.1277,
        "precision_at_100": 0.02568,
        "precision_at_1000": 0.00257,
        "mrr_at_1": 0.859155,
        "mrr_at_3": 0.906886,
        "mrr_at_5": 0.909233,
        "mrr_at_10": 0.911683,
        "mrr_at_20": 0.911959,
        "mrr_at_100": 0.911959,
        "mrr_at_1000": 0.911959,
        "nauc_ndcg_at_1_max": 0.177327,
        "nauc_ndcg_at_1_std": 0.149832,
        "nauc_ndcg_at_1_diff1": 0.497948,
        "nauc_ndcg_at_3_max": 0.190761,
        "nauc_ndcg_at_3_std": -0.151446,
        "nauc_ndcg_at_3_diff1": 0.467979,
        "nauc_ndcg_at_5_max": 0.190963,
        "nauc_ndcg_at_5_std": -0.168857,
        "nauc_ndcg_at_5_diff1": 0.449828,
        "nauc_ndcg_at_10_max": 0.21001,
        "nauc_ndcg_at_10_std": -0.091745,
        "nauc_ndcg_at_10_diff1": 0.453052,
        "nauc_ndcg_at_20_max": 0.227169,
        "nauc_ndcg_at_20_std": -0.022994,
        "nauc_ndcg_at_20_diff1": 0.469459,
        "nauc_ndcg_at_100_max": 0.226356,
        "nauc_ndcg_at_100_std": -0.022194,
        "nauc_ndcg_at_100_diff1": 0.477485,
        "nauc_ndcg_at_1000_max": 0.226356,
        "nauc_ndcg_at_1000_std": -0.022194,
        "nauc_ndcg_at_1000_diff1": 0.477485,
        "nauc_map_at_1_max": 0.146774,
        "nauc_map_at_1_std": -0.382887,
        "nauc_map_at_1_diff1": 0.568735,
        "nauc_map_at_3_max": 0.093087,
        "nauc_map_at_3_std": -0.450249,
        "nauc_map_at_3_diff1": 0.4801,
        "nauc_map_at_5_max": 0.093157,
        "nauc_map_at_5_std": -0.362709,
        "nauc_map_at_5_diff1": 0.460218,
        "nauc_map_at_10_max": 0.170934,
        "nauc_map_at_10_std": -0.176749,
        "nauc_map_at_10_diff1": 0.44909,
        "nauc_map_at_20_max": 0.194229,
        "nauc_map_at_20_std": -0.120601,
        "nauc_map_at_20_diff1": 0.451587,
        "nauc_map_at_100_max": 0.194039,
        "nauc_map_at_100_std": -0.121155,
        "nauc_map_at_100_diff1": 0.454542,
        "nauc_map_at_1000_max": 0.194039,
        "nauc_map_at_1000_std": -0.121155,
        "nauc_map_at_1000_diff1": 0.454542,
        "nauc_recall_at_1_max": 0.146774,
        "nauc_recall_at_1_std": -0.382887,
        "nauc_recall_at_1_diff1": 0.568735,
        "nauc_recall_at_3_max": 0.049296,
        "nauc_recall_at_3_std": -0.593663,
        "nauc_recall_at_3_diff1": 0.431205,
        "nauc_recall_at_5_max": 0.008326,
        "nauc_recall_at_5_std": -0.620845,
        "nauc_recall_at_5_diff1": 0.378165,
        "nauc_recall_at_10_max": 0.143783,
        "nauc_recall_at_10_std": -0.37717,
        "nauc_recall_at_10_diff1": 0.237639,
        "nauc_recall_at_20_max": 0.294521,
        "nauc_recall_at_20_std": -0.152957,
        "nauc_recall_at_20_diff1": -0.276699,
        "nauc_recall_at_100_max": NaN,
        "nauc_recall_at_100_std": NaN,
        "nauc_recall_at_100_diff1": NaN,
        "nauc_recall_at_1000_max": NaN,
        "nauc_recall_at_1000_std": NaN,
        "nauc_recall_at_1000_diff1": NaN,
        "nauc_precision_at_1_max": 0.177327,
        "nauc_precision_at_1_std": 0.149832,
        "nauc_precision_at_1_diff1": 0.497948,
        "nauc_precision_at_3_max": -0.024526,
        "nauc_precision_at_3_std": 0.366458,
        "nauc_precision_at_3_diff1": -0.263604,
        "nauc_precision_at_5_max": -0.006231,
        "nauc_precision_at_5_std": 0.459389,
        "nauc_precision_at_5_diff1": -0.288508,
        "nauc_precision_at_10_max": 0.051073,
        "nauc_precision_at_10_std": 0.569244,
        "nauc_precision_at_10_diff1": -0.300781,
        "nauc_precision_at_20_max": 0.058145,
        "nauc_precision_at_20_std": 0.575266,
        "nauc_precision_at_20_diff1": -0.295786,
        "nauc_precision_at_100_max": 0.05558,
        "nauc_precision_at_100_std": 0.570038,
        "nauc_precision_at_100_diff1": -0.290544,
        "nauc_precision_at_1000_max": 0.05558,
        "nauc_precision_at_1000_std": 0.570038,
        "nauc_precision_at_1000_diff1": -0.290544,
        "nauc_mrr_at_1_max": 0.280585,
        "nauc_mrr_at_1_std": 0.133742,
        "nauc_mrr_at_1_diff1": 0.419261,
        "nauc_mrr_at_3_max": 0.353701,
        "nauc_mrr_at_3_std": 0.164801,
        "nauc_mrr_at_3_diff1": 0.476949,
        "nauc_mrr_at_5_max": 0.336463,
        "nauc_mrr_at_5_std": 0.144265,
        "nauc_mrr_at_5_diff1": 0.468445,
        "nauc_mrr_at_10_max": 0.342453,
        "nauc_mrr_at_10_std": 0.159765,
        "nauc_mrr_at_10_diff1": 0.463021,
        "nauc_mrr_at_20_max": 0.340746,
        "nauc_mrr_at_20_std": 0.157944,
        "nauc_mrr_at_20_diff1": 0.461705,
        "nauc_mrr_at_100_max": 0.340746,
        "nauc_mrr_at_100_std": 0.157944,
        "nauc_mrr_at_100_diff1": 0.461705,
        "nauc_mrr_at_1000_max": 0.340746,
        "nauc_mrr_at_1000_std": 0.157944,
        "nauc_mrr_at_1000_diff1": 0.461705,
        "main_score": 0.88431,
        "hf_subset": "ko",
        "languages": [
          "kor-Kore"
        ]
      }
    ]
  },
  "evaluation_time": 24.863199472427368,
  "kg_co2_emissions": null
}