{
  "dataset_revision": "fc24a3ce8f09746410daee3d5cd823ff7a0675b7",
  "task_name": "MrTidyRetrieval",
  "mteb_version": "1.38.57",
  "scores": {
    "test": [
      {
        "ndcg_at_1": 0.66508,
        "ndcg_at_3": 0.75279,
        "ndcg_at_5": 0.77632,
        "ndcg_at_10": 0.79821,
        "ndcg_at_20": 0.80789,
        "ndcg_at_100": 0.81464,
        "ndcg_at_1000": 0.81464,
        "map_at_1": 0.61124,
        "map_at_3": 0.72163,
        "map_at_5": 0.73636,
        "map_at_10": 0.74694,
        "map_at_20": 0.7503,
        "map_at_100": 0.75162,
        "map_at_1000": 0.75162,
        "recall_at_1": 0.61124,
        "recall_at_3": 0.81591,
        "recall_at_5": 0.87015,
        "recall_at_10": 0.9331,
        "recall_at_20": 0.96833,
        "recall_at_100": 1.0,
        "recall_at_1000": 1.0,
        "precision_at_1": 0.66508,
        "precision_at_3": 0.31037,
        "precision_at_5": 0.2,
        "precision_at_10": 0.10831,
        "precision_at_20": 0.05653,
        "precision_at_100": 0.01169,
        "precision_at_1000": 0.00117,
        "mrr_at_1": 0.688836,
        "mrr_at_3": 0.761679,
        "mrr_at_5": 0.771892,
        "mrr_at_10": 0.778823,
        "mrr_at_20": 0.780692,
        "mrr_at_100": 0.781632,
        "mrr_at_1000": 0.781632,
        "nauc_ndcg_at_1_max": 0.24561,
        "nauc_ndcg_at_1_std": -0.253814,
        "nauc_ndcg_at_1_diff1": 0.578647,
        "nauc_ndcg_at_3_max": 0.237217,
        "nauc_ndcg_at_3_std": -0.266501,
        "nauc_ndcg_at_3_diff1": 0.536366,
        "nauc_ndcg_at_5_max": 0.253109,
        "nauc_ndcg_at_5_std": -0.22475,
        "nauc_ndcg_at_5_diff1": 0.545404,
        "nauc_ndcg_at_10_max": 0.252005,
        "nauc_ndcg_at_10_std": -0.218889,
        "nauc_ndcg_at_10_diff1": 0.556453,
        "nauc_ndcg_at_20_max": 0.266701,
        "nauc_ndcg_at_20_std": -0.204073,
        "nauc_ndcg_at_20_diff1": 0.555333,
        "nauc_ndcg_at_100_max": 0.253461,
        "nauc_ndcg_at_100_std": -0.230778,
        "nauc_ndcg_at_100_diff1": 0.555362,
        "nauc_ndcg_at_1000_max": 0.253461,
        "nauc_ndcg_at_1000_std": -0.230778,
        "nauc_ndcg_at_1000_diff1": 0.555362,
        "nauc_map_at_1_max": 0.215154,
        "nauc_map_at_1_std": -0.255759,
        "nauc_map_at_1_diff1": 0.547023,
        "nauc_map_at_3_max": 0.232996,
        "nauc_map_at_3_std": -0.265398,
        "nauc_map_at_3_diff1": 0.55265,
        "nauc_map_at_5_max": 0.24315,
        "nauc_map_at_5_std": -0.243479,
        "nauc_map_at_5_diff1": 0.560185,
        "nauc_map_at_10_max": 0.243045,
        "nauc_map_at_10_std": -0.240887,
        "nauc_map_at_10_diff1": 0.563572,
        "nauc_map_at_20_max": 0.247322,
        "nauc_map_at_20_std": -0.235457,
        "nauc_map_at_20_diff1": 0.562497,
        "nauc_map_at_100_max": 0.245226,
        "nauc_map_at_100_std": -0.239649,
        "nauc_map_at_100_diff1": 0.562324,
        "nauc_map_at_1000_max": 0.245226,
        "nauc_map_at_1000_std": -0.239649,
        "nauc_map_at_1000_diff1": 0.562324,
        "nauc_recall_at_1_max": 0.215154,
        "nauc_recall_at_1_std": -0.255759,
        "nauc_recall_at_1_diff1": 0.547023,
        "nauc_recall_at_3_max": 0.213905,
        "nauc_recall_at_3_std": -0.277511,
        "nauc_recall_at_3_diff1": 0.467871,
        "nauc_recall_at_5_max": 0.261594,
        "nauc_recall_at_5_std": -0.130551,
        "nauc_recall_at_5_diff1": 0.471617,
        "nauc_recall_at_10_max": 0.264458,
        "nauc_recall_at_10_std": -0.014985,
        "nauc_recall_at_10_diff1": 0.521204,
        "nauc_recall_at_20_max": 0.570753,
        "nauc_recall_at_20_std": 0.428712,
        "nauc_recall_at_20_diff1": 0.522413,
        "nauc_recall_at_100_max": NaN,
        "nauc_recall_at_100_std": NaN,
        "nauc_recall_at_100_diff1": NaN,
        "nauc_recall_at_1000_max": NaN,
        "nauc_recall_at_1000_std": NaN,
        "nauc_recall_at_1000_diff1": NaN,
        "nauc_precision_at_1_max": 0.24561,
        "nauc_precision_at_1_std": -0.253814,
        "nauc_precision_at_1_diff1": 0.578647,
        "nauc_precision_at_3_max": 0.1005,
        "nauc_precision_at_3_std": -0.130919,
        "nauc_precision_at_3_diff1": 0.218596,
        "nauc_precision_at_5_max": 0.084197,
        "nauc_precision_at_5_std": -0.004695,
        "nauc_precision_at_5_diff1": 0.144041,
        "nauc_precision_at_10_max": 0.025652,
        "nauc_precision_at_10_std": 0.075546,
        "nauc_precision_at_10_diff1": 0.025011,
        "nauc_precision_at_20_max": 0.03135,
        "nauc_precision_at_20_std": 0.14951,
        "nauc_precision_at_20_diff1": -0.074888,
        "nauc_precision_at_100_max": -0.055054,
        "nauc_precision_at_100_std": 0.087888,
        "nauc_precision_at_100_diff1": -0.159721,
        "nauc_precision_at_1000_max": -0.055054,
        "nauc_precision_at_1000_std": 0.087888,
        "nauc_precision_at_1000_diff1": -0.159721,
        "nauc_mrr_at_1_max": 0.361159,
        "nauc_mrr_at_1_std": -0.153388,
        "nauc_mrr_at_1_diff1": 0.517801,
        "nauc_mrr_at_3_max": 0.336727,
        "nauc_mrr_at_3_std": -0.190218,
        "nauc_mrr_at_3_diff1": 0.504575,
        "nauc_mrr_at_5_max": 0.346342,
        "nauc_mrr_at_5_std": -0.165157,
        "nauc_mrr_at_5_diff1": 0.503807,
        "nauc_mrr_at_10_max": 0.346224,
        "nauc_mrr_at_10_std": -0.164245,
        "nauc_mrr_at_10_diff1": 0.506746,
        "nauc_mrr_at_20_max": 0.348753,
        "nauc_mrr_at_20_std": -0.161838,
        "nauc_mrr_at_20_diff1": 0.507263,
        "nauc_mrr_at_100_max": 0.348005,
        "nauc_mrr_at_100_std": -0.164455,
        "nauc_mrr_at_100_diff1": 0.507305,
        "nauc_mrr_at_1000_max": 0.348005,
        "nauc_mrr_at_1000_std": -0.164455,
        "nauc_mrr_at_1000_diff1": 0.507305,
        "main_score": 0.79821,
        "hf_subset": "korean",
        "languages": [
          "kor-Kore"
        ]
      }
    ]
  },
  "evaluation_time": 46.22361779212952,
  "kg_co2_emissions": null
}