{
  "dataset_revision": "d67138e705d963e346253a80e59676ddb418810a",
  "task_name": "MultiLongDocRetrieval",
  "mteb_version": "1.38.57",
  "scores": {
    "test": [
      {
        "ndcg_at_1": 0.735,
        "ndcg_at_3": 0.78351,
        "ndcg_at_5": 0.79815,
        "ndcg_at_10": 0.80612,
        "ndcg_at_20": 0.81484,
        "ndcg_at_100": 0.8327,
        "ndcg_at_1000": 0.8327,
        "map_at_1": 0.735,
        "map_at_3": 0.7725,
        "map_at_5": 0.78075,
        "map_at_10": 0.78398,
        "map_at_20": 0.78631,
        "map_at_100": 0.78919,
        "map_at_1000": 0.78919,
        "recall_at_1": 0.735,
        "recall_at_3": 0.815,
        "recall_at_5": 0.85,
        "recall_at_10": 0.875,
        "recall_at_20": 0.91,
        "recall_at_100": 1.0,
        "recall_at_1000": 1.0,
        "precision_at_1": 0.735,
        "precision_at_3": 0.27167,
        "precision_at_5": 0.17,
        "precision_at_10": 0.0875,
        "precision_at_20": 0.0455,
        "precision_at_100": 0.01,
        "precision_at_1000": 0.001,
        "mrr_at_1": 0.75,
        "mrr_at_3": 0.7825,
        "mrr_at_5": 0.7895,
        "mrr_at_10": 0.792728,
        "mrr_at_20": 0.795113,
        "mrr_at_100": 0.797998,
        "mrr_at_1000": 0.797998,
        "nauc_ndcg_at_1_max": 0.701101,
        "nauc_ndcg_at_1_std": 0.048467,
        "nauc_ndcg_at_1_diff1": 0.831861,
        "nauc_ndcg_at_3_max": 0.711595,
        "nauc_ndcg_at_3_std": 0.184386,
        "nauc_ndcg_at_3_diff1": 0.79081,
        "nauc_ndcg_at_5_max": 0.731567,
        "nauc_ndcg_at_5_std": 0.22565,
        "nauc_ndcg_at_5_diff1": 0.784103,
        "nauc_ndcg_at_10_max": 0.724282,
        "nauc_ndcg_at_10_std": 0.206714,
        "nauc_ndcg_at_10_diff1": 0.778727,
        "nauc_ndcg_at_20_max": 0.723779,
        "nauc_ndcg_at_20_std": 0.196261,
        "nauc_ndcg_at_20_diff1": 0.782331,
        "nauc_ndcg_at_100_max": 0.718898,
        "nauc_ndcg_at_100_std": 0.17337,
        "nauc_ndcg_at_100_diff1": 0.793248,
        "nauc_ndcg_at_1000_max": 0.718898,
        "nauc_ndcg_at_1000_std": 0.17337,
        "nauc_ndcg_at_1000_diff1": 0.793248,
        "nauc_map_at_1_max": 0.701101,
        "nauc_map_at_1_std": 0.048467,
        "nauc_map_at_1_diff1": 0.831861,
        "nauc_map_at_3_max": 0.708786,
        "nauc_map_at_3_std": 0.151529,
        "nauc_map_at_3_diff1": 0.800382,
        "nauc_map_at_5_max": 0.719584,
        "nauc_map_at_5_std": 0.171794,
        "nauc_map_at_5_diff1": 0.797239,
        "nauc_map_at_10_max": 0.717159,
        "nauc_map_at_10_std": 0.164357,
        "nauc_map_at_10_diff1": 0.795581,
        "nauc_map_at_20_max": 0.716533,
        "nauc_map_at_20_std": 0.161044,
        "nauc_map_at_20_diff1": 0.796591,
        "nauc_map_at_100_max": 0.715924,
        "nauc_map_at_100_std": 0.157516,
        "nauc_map_at_100_diff1": 0.798421,
        "nauc_map_at_1000_max": 0.715924,
        "nauc_map_at_1000_std": 0.157516,
        "nauc_map_at_1000_diff1": 0.798421,
        "nauc_recall_at_1_max": 0.701101,
        "nauc_recall_at_1_std": 0.048467,
        "nauc_recall_at_1_diff1": 0.831861,
        "nauc_recall_at_3_max": 0.721172,
        "nauc_recall_at_3_std": 0.294614,
        "nauc_recall_at_3_diff1": 0.758893,
        "nauc_recall_at_5_max": 0.782346,
        "nauc_recall_at_5_std": 0.446339,
        "nauc_recall_at_5_diff1": 0.731272,
        "nauc_recall_at_10_max": 0.75442,
        "nauc_recall_at_10_std": 0.39628,
        "nauc_recall_at_10_diff1": 0.69605,
        "nauc_recall_at_20_max": 0.768285,
        "nauc_recall_at_20_std": 0.390627,
        "nauc_recall_at_20_diff1": 0.694159,
        "nauc_recall_at_100_max": NaN,
        "nauc_recall_at_100_std": NaN,
        "nauc_recall_at_100_diff1": NaN,
        "nauc_recall_at_1000_max": NaN,
        "nauc_recall_at_1000_std": NaN,
        "nauc_recall_at_1000_diff1": NaN,
        "nauc_precision_at_1_max": 0.701101,
        "nauc_precision_at_1_std": 0.048467,
        "nauc_precision_at_1_diff1": 0.831861,
        "nauc_precision_at_3_max": 0.721172,
        "nauc_precision_at_3_std": 0.294614,
        "nauc_precision_at_3_diff1": 0.758893,
        "nauc_precision_at_5_max": 0.782346,
        "nauc_precision_at_5_std": 0.446339,
        "nauc_precision_at_5_diff1": 0.731272,
        "nauc_precision_at_10_max": 0.75442,
        "nauc_precision_at_10_std": 0.39628,
        "nauc_precision_at_10_diff1": 0.69605,
        "nauc_precision_at_20_max": 0.768285,
        "nauc_precision_at_20_std": 0.390627,
        "nauc_precision_at_20_diff1": 0.694159,
        "nauc_precision_at_100_max": 1.0,
        "nauc_precision_at_100_std": 1.0,
        "nauc_precision_at_100_diff1": 1.0,
        "nauc_precision_at_1000_max": 1.0,
        "nauc_precision_at_1000_std": 1.0,
        "nauc_precision_at_1000_diff1": 1.0,
        "nauc_mrr_at_1_max": 0.781842,
        "nauc_mrr_at_1_std": 0.154652,
        "nauc_mrr_at_1_diff1": 0.805013,
        "nauc_mrr_at_3_max": 0.784044,
        "nauc_mrr_at_3_std": 0.237586,
        "nauc_mrr_at_3_diff1": 0.780604,
        "nauc_mrr_at_5_max": 0.782279,
        "nauc_mrr_at_5_std": 0.249096,
        "nauc_mrr_at_5_diff1": 0.778706,
        "nauc_mrr_at_10_max": 0.780699,
        "nauc_mrr_at_10_std": 0.242548,
        "nauc_mrr_at_10_diff1": 0.776717,
        "nauc_mrr_at_20_max": 0.780682,
        "nauc_mrr_at_20_std": 0.239868,
        "nauc_mrr_at_20_diff1": 0.777498,
        "nauc_mrr_at_100_max": 0.781054,
        "nauc_mrr_at_100_std": 0.237498,
        "nauc_mrr_at_100_diff1": 0.779092,
        "nauc_mrr_at_1000_max": 0.781054,
        "nauc_mrr_at_1000_std": 0.237498,
        "nauc_mrr_at_1000_diff1": 0.779092,
        "main_score": 0.80612,
        "hf_subset": "ko",
        "languages": [
          "kor-Hang"
        ]
      }
    ]
  },
  "evaluation_time": 985.9470417499542,
  "kg_co2_emissions": null
}