{
  "dataset_revision": "main",
  "task_name": "PublicHealthQA",
  "mteb_version": "1.38.57",
  "scores": {
    "test": [
      {
        "ndcg_at_1": 0.48052,
        "ndcg_at_3": 0.56246,
        "ndcg_at_5": 0.57364,
        "ndcg_at_10": 0.58522,
        "ndcg_at_20": 0.59225,
        "ndcg_at_100": 0.59225,
        "ndcg_at_1000": 0.59225,
        "map_at_1": 0.48052,
        "map_at_3": 0.54545,
        "map_at_5": 0.55195,
        "map_at_10": 0.55613,
        "map_at_20": 0.55831,
        "map_at_100": 0.55831,
        "map_at_1000": 0.55831,
        "recall_at_1": 0.48052,
        "recall_at_3": 0.61039,
        "recall_at_5": 0.63636,
        "recall_at_10": 0.67532,
        "recall_at_20": 0.7013,
        "recall_at_100": 0.7013,
        "recall_at_1000": 0.7013,
        "precision_at_1": 0.48052,
        "precision_at_3": 0.20346,
        "precision_at_5": 0.12727,
        "precision_at_10": 0.06753,
        "precision_at_20": 0.03506,
        "precision_at_100": 0.00701,
        "precision_at_1000": 0.0007,
        "mrr_at_1": 0.480519,
        "mrr_at_3": 0.545455,
        "mrr_at_5": 0.551948,
        "mrr_at_10": 0.556133,
        "mrr_at_20": 0.558396,
        "mrr_at_100": 0.558396,
        "mrr_at_1000": 0.558396,
        "nauc_ndcg_at_1_max": 0.36579,
        "nauc_ndcg_at_1_std": 0.002975,
        "nauc_ndcg_at_1_diff1": 0.656375,
        "nauc_ndcg_at_3_max": 0.303622,
        "nauc_ndcg_at_3_std": -0.04617,
        "nauc_ndcg_at_3_diff1": 0.617786,
        "nauc_ndcg_at_5_max": 0.337771,
        "nauc_ndcg_at_5_std": -0.006782,
        "nauc_ndcg_at_5_diff1": 0.604808,
        "nauc_ndcg_at_10_max": 0.36764,
        "nauc_ndcg_at_10_std": 0.019749,
        "nauc_ndcg_at_10_diff1": 0.622488,
        "nauc_ndcg_at_20_max": 0.349445,
        "nauc_ndcg_at_20_std": 0.000144,
        "nauc_ndcg_at_20_diff1": 0.607526,
        "nauc_ndcg_at_100_max": 0.349445,
        "nauc_ndcg_at_100_std": 0.000144,
        "nauc_ndcg_at_100_diff1": 0.607526,
        "nauc_ndcg_at_1000_max": 0.349445,
        "nauc_ndcg_at_1000_std": 0.000144,
        "nauc_ndcg_at_1000_diff1": 0.607526,
        "nauc_map_at_1_max": 0.36579,
        "nauc_map_at_1_std": 0.002975,
        "nauc_map_at_1_diff1": 0.656375,
        "nauc_map_at_3_max": 0.317364,
        "nauc_map_at_3_std": -0.035307,
        "nauc_map_at_3_diff1": 0.626316,
        "nauc_map_at_5_max": 0.336838,
        "nauc_map_at_5_std": -0.0129,
        "nauc_map_at_5_diff1": 0.619067,
        "nauc_map_at_10_max": 0.346922,
        "nauc_map_at_10_std": -0.003835,
        "nauc_map_at_10_diff1": 0.625044,
        "nauc_map_at_20_max": 0.341468,
        "nauc_map_at_20_std": -0.009716,
        "nauc_map_at_20_diff1": 0.620633,
        "nauc_map_at_100_max": 0.341468,
        "nauc_map_at_100_std": -0.009716,
        "nauc_map_at_100_diff1": 0.620633,
        "nauc_map_at_1000_max": 0.341468,
        "nauc_map_at_1000_std": -0.009716,
        "nauc_map_at_1000_diff1": 0.620633,
        "nauc_recall_at_1_max": 0.36579,
        "nauc_recall_at_1_std": 0.002975,
        "nauc_recall_at_1_diff1": 0.656375,
        "nauc_recall_at_3_max": 0.262185,
        "nauc_recall_at_3_std": -0.078928,
        "nauc_recall_at_3_diff1": 0.592065,
        "nauc_recall_at_5_max": 0.345938,
        "nauc_recall_at_5_std": 0.018413,
        "nauc_recall_at_5_diff1": 0.558201,
        "nauc_recall_at_10_max": 0.463752,
        "nauc_recall_at_10_std": 0.123458,
        "nauc_recall_at_10_diff1": 0.624548,
        "nauc_recall_at_20_max": 0.388966,
        "nauc_recall_at_20_std": 0.04288,
        "nauc_recall_at_20_diff1": 0.558746,
        "nauc_recall_at_100_max": 0.388966,
        "nauc_recall_at_100_std": 0.04288,
        "nauc_recall_at_100_diff1": 0.558746,
        "nauc_recall_at_1000_max": 0.388966,
        "nauc_recall_at_1000_std": 0.04288,
        "nauc_recall_at_1000_diff1": 0.558746,
        "nauc_precision_at_1_max": 0.36579,
        "nauc_precision_at_1_std": 0.002975,
        "nauc_precision_at_1_diff1": 0.656375,
        "nauc_precision_at_3_max": 0.262185,
        "nauc_precision_at_3_std": -0.078928,
        "nauc_precision_at_3_diff1": 0.592065,
        "nauc_precision_at_5_max": 0.345938,
        "nauc_precision_at_5_std": 0.018413,
        "nauc_precision_at_5_diff1": 0.558201,
        "nauc_precision_at_10_max": 0.463752,
        "nauc_precision_at_10_std": 0.123458,
        "nauc_precision_at_10_diff1": 0.624548,
        "nauc_precision_at_20_max": 0.388966,
        "nauc_precision_at_20_std": 0.04288,
        "nauc_precision_at_20_diff1": 0.558746,
        "nauc_precision_at_100_max": 0.388966,
        "nauc_precision_at_100_std": 0.04288,
        "nauc_precision_at_100_diff1": 0.558746,
        "nauc_precision_at_1000_max": 0.388966,
        "nauc_precision_at_1000_std": 0.04288,
        "nauc_precision_at_1000_diff1": 0.558746,
        "nauc_mrr_at_1_max": 0.36579,
        "nauc_mrr_at_1_std": 0.002975,
        "nauc_mrr_at_1_diff1": 0.656375,
        "nauc_mrr_at_3_max": 0.317364,
        "nauc_mrr_at_3_std": -0.035307,
        "nauc_mrr_at_3_diff1": 0.626316,
        "nauc_mrr_at_5_max": 0.336838,
        "nauc_mrr_at_5_std": -0.0129,
        "nauc_mrr_at_5_diff1": 0.619067,
        "nauc_mrr_at_10_max": 0.346922,
        "nauc_mrr_at_10_std": -0.003835,
        "nauc_mrr_at_10_diff1": 0.625044,
        "nauc_mrr_at_20_max": 0.341259,
        "nauc_mrr_at_20_std": -0.009942,
        "nauc_mrr_at_20_diff1": 0.620463,
        "nauc_mrr_at_100_max": 0.341259,
        "nauc_mrr_at_100_std": -0.009942,
        "nauc_mrr_at_100_diff1": 0.620463,
        "nauc_mrr_at_1000_max": 0.341259,
        "nauc_mrr_at_1000_std": -0.009942,
        "nauc_mrr_at_1000_diff1": 0.620463,
        "main_score": 0.58522,
        "hf_subset": "korean",
        "languages": [
          "kor-Hang"
        ]
      }
    ]
  },
  "evaluation_time": 9.848859310150146,
  "kg_co2_emissions": null
}