{
  "dataset_revision": "c99d599f0a6ab9b85b065da6f9d94f9cf731679f",
  "task_name": "XPQARetrieval",
  "mteb_version": "1.38.57",
  "scores": {
    "test": [
      {
        "ndcg_at_1": 0.31498,
        "ndcg_at_3": 0.3652,
        "ndcg_at_5": 0.40086,
        "ndcg_at_10": 0.44889,
        "ndcg_at_20": 0.49352,
        "ndcg_at_100": 0.54333,
        "ndcg_at_1000": 0.54333,
        "map_at_1": 0.22118,
        "map_at_3": 0.32827,
        "map_at_5": 0.35527,
        "map_at_10": 0.37832,
        "map_at_20": 0.39372,
        "map_at_100": 0.40368,
        "map_at_1000": 0.40368,
        "recall_at_1": 0.22118,
        "recall_at_3": 0.40071,
        "recall_at_5": 0.48542,
        "recall_at_10": 0.61728,
        "recall_at_20": 0.7709,
        "recall_at_100": 1.0,
        "recall_at_1000": 1.0,
        "precision_at_1": 0.31498,
        "precision_at_3": 0.20846,
        "precision_at_5": 0.15382,
        "precision_at_10": 0.09847,
        "precision_at_20": 0.06208,
        "precision_at_100": 0.01564,
        "precision_at_1000": 0.00156,
        "mrr_at_1": 0.32263,
        "mrr_at_3": 0.390418,
        "mrr_at_5": 0.40739,
        "mrr_at_10": 0.424742,
        "mrr_at_20": 0.434213,
        "mrr_at_100": 0.440344,
        "mrr_at_1000": 0.440344,
        "nauc_ndcg_at_1_max": 0.129263,
        "nauc_ndcg_at_1_std": -0.084542,
        "nauc_ndcg_at_1_diff1": 0.464246,
        "nauc_ndcg_at_3_max": 0.074858,
        "nauc_ndcg_at_3_std": -0.093904,
        "nauc_ndcg_at_3_diff1": 0.385731,
        "nauc_ndcg_at_5_max": 0.055086,
        "nauc_ndcg_at_5_std": -0.091685,
        "nauc_ndcg_at_5_diff1": 0.365588,
        "nauc_ndcg_at_10_max": 0.063564,
        "nauc_ndcg_at_10_std": -0.07231,
        "nauc_ndcg_at_10_diff1": 0.370402,
        "nauc_ndcg_at_20_max": 0.090941,
        "nauc_ndcg_at_20_std": -0.049325,
        "nauc_ndcg_at_20_diff1": 0.383505,
        "nauc_ndcg_at_100_max": 0.096956,
        "nauc_ndcg_at_100_std": -0.066537,
        "nauc_ndcg_at_100_diff1": 0.388179,
        "nauc_ndcg_at_1000_max": 0.096956,
        "nauc_ndcg_at_1000_std": -0.066537,
        "nauc_ndcg_at_1000_diff1": 0.388179,
        "nauc_map_at_1_max": 0.089934,
        "nauc_map_at_1_std": -0.137108,
        "nauc_map_at_1_diff1": 0.474088,
        "nauc_map_at_3_max": 0.091952,
        "nauc_map_at_3_std": -0.095971,
        "nauc_map_at_3_diff1": 0.387159,
        "nauc_map_at_5_max": 0.078612,
        "nauc_map_at_5_std": -0.091385,
        "nauc_map_at_5_diff1": 0.376357,
        "nauc_map_at_10_max": 0.081293,
        "nauc_map_at_10_std": -0.081598,
        "nauc_map_at_10_diff1": 0.378903,
        "nauc_map_at_20_max": 0.090355,
        "nauc_map_at_20_std": -0.073357,
        "nauc_map_at_20_diff1": 0.383211,
        "nauc_map_at_100_max": 0.093017,
        "nauc_map_at_100_std": -0.075953,
        "nauc_map_at_100_diff1": 0.383793,
        "nauc_map_at_1000_max": 0.093017,
        "nauc_map_at_1000_std": -0.075953,
        "nauc_map_at_1000_diff1": 0.383793,
        "nauc_recall_at_1_max": 0.089934,
        "nauc_recall_at_1_std": -0.137108,
        "nauc_recall_at_1_diff1": 0.474088,
        "nauc_recall_at_3_max": 0.028148,
        "nauc_recall_at_3_std": -0.104942,
        "nauc_recall_at_3_diff1": 0.327534,
        "nauc_recall_at_5_max": -0.02376,
        "nauc_recall_at_5_std": -0.100755,
        "nauc_recall_at_5_diff1": 0.287276,
        "nauc_recall_at_10_max": -0.014264,
        "nauc_recall_at_10_std": -0.054216,
        "nauc_recall_at_10_diff1": 0.292595,
        "nauc_recall_at_20_max": 0.06881,
        "nauc_recall_at_20_std": 0.052852,
        "nauc_recall_at_20_diff1": 0.327349,
        "nauc_recall_at_100_max": NaN,
        "nauc_recall_at_100_std": NaN,
        "nauc_recall_at_100_diff1": NaN,
        "nauc_recall_at_1000_max": NaN,
        "nauc_recall_at_1000_std": NaN,
        "nauc_recall_at_1000_diff1": NaN,
        "nauc_precision_at_1_max": 0.129263,
        "nauc_precision_at_1_std": -0.084542,
        "nauc_precision_at_1_diff1": 0.464246,
        "nauc_precision_at_3_max": 0.101856,
        "nauc_precision_at_3_std": -0.006226,
        "nauc_precision_at_3_diff1": 0.232458,
        "nauc_precision_at_5_max": 0.062511,
        "nauc_precision_at_5_std": 0.01027,
        "nauc_precision_at_5_diff1": 0.173466,
        "nauc_precision_at_10_max": 0.070181,
        "nauc_precision_at_10_std": 0.066552,
        "nauc_precision_at_10_diff1": 0.136795,
        "nauc_precision_at_20_max": 0.148429,
        "nauc_precision_at_20_std": 0.143627,
        "nauc_precision_at_20_diff1": 0.106629,
        "nauc_precision_at_100_max": 0.175776,
        "nauc_precision_at_100_std": 0.124437,
        "nauc_precision_at_100_diff1": -0.007498,
        "nauc_precision_at_1000_max": 0.175776,
        "nauc_precision_at_1000_std": 0.124437,
        "nauc_precision_at_1000_diff1": -0.007498,
        "nauc_mrr_at_1_max": 0.123583,
        "nauc_mrr_at_1_std": -0.08602,
        "nauc_mrr_at_1_diff1": 0.44062,
        "nauc_mrr_at_3_max": 0.084358,
        "nauc_mrr_at_3_std": -0.087229,
        "nauc_mrr_at_3_diff1": 0.415288,
        "nauc_mrr_at_5_max": 0.081998,
        "nauc_mrr_at_5_std": -0.079411,
        "nauc_mrr_at_5_diff1": 0.404387,
        "nauc_mrr_at_10_max": 0.08792,
        "nauc_mrr_at_10_std": -0.073864,
        "nauc_mrr_at_10_diff1": 0.405635,
        "nauc_mrr_at_20_max": 0.093092,
        "nauc_mrr_at_20_std": -0.071522,
        "nauc_mrr_at_20_diff1": 0.408621,
        "nauc_mrr_at_100_max": 0.091164,
        "nauc_mrr_at_100_std": -0.073956,
        "nauc_mrr_at_100_diff1": 0.408943,
        "nauc_mrr_at_1000_max": 0.091164,
        "nauc_mrr_at_1000_std": -0.073956,
        "nauc_mrr_at_1000_diff1": 0.408943,
        "main_score": 0.44889,
        "hf_subset": "kor-kor",
        "languages": [
          "kor-Hang",
          "kor-Hang"
        ]
      },
      {
        "ndcg_at_1": 0.03211,
        "ndcg_at_3": 0.02946,
        "ndcg_at_5": 0.03053,
        "ndcg_at_10": 0.03346,
        "ndcg_at_20": 0.03638,
        "ndcg_at_100": 0.03667,
        "ndcg_at_1000": 0.03667,
        "map_at_1": 0.01743,
        "map_at_3": 0.02294,
        "map_at_5": 0.02387,
        "map_at_10": 0.02504,
        "map_at_20": 0.02581,
        "map_at_100": 0.02585,
        "map_at_1000": 0.02585,
        "recall_at_1": 0.01743,
        "recall_at_3": 0.02964,
        "recall_at_5": 0.03397,
        "recall_at_10": 0.04141,
        "recall_at_20": 0.05199,
        "recall_at_100": 0.05306,
        "recall_at_1000": 0.05306,
        "precision_at_1": 0.03211,
        "precision_at_3": 0.01835,
        "precision_at_5": 0.01284,
        "precision_at_10": 0.0078,
        "precision_at_20": 0.00466,
        "precision_at_100": 0.00096,
        "precision_at_1000": 0.0001,
        "mrr_at_1": 0.03211,
        "mrr_at_3": 0.04001,
        "mrr_at_5": 0.041998,
        "mrr_at_10": 0.04375,
        "mrr_at_20": 0.044696,
        "mrr_at_100": 0.044786,
        "mrr_at_1000": 0.044786,
        "nauc_ndcg_at_1_max": 0.370759,
        "nauc_ndcg_at_1_std": -0.043976,
        "nauc_ndcg_at_1_diff1": 0.472451,
        "nauc_ndcg_at_3_max": 0.261039,
        "nauc_ndcg_at_3_std": -0.021869,
        "nauc_ndcg_at_3_diff1": 0.356838,
        "nauc_ndcg_at_5_max": 0.262881,
        "nauc_ndcg_at_5_std": 0.000494,
        "nauc_ndcg_at_5_diff1": 0.315206,
        "nauc_ndcg_at_10_max": 0.244182,
        "nauc_ndcg_at_10_std": 0.01526,
        "nauc_ndcg_at_10_diff1": 0.27351,
        "nauc_ndcg_at_20_max": 0.24532,
        "nauc_ndcg_at_20_std": 0.039355,
        "nauc_ndcg_at_20_diff1": 0.268165,
        "nauc_ndcg_at_100_max": 0.247748,
        "nauc_ndcg_at_100_std": 0.043407,
        "nauc_ndcg_at_100_diff1": 0.265918,
        "nauc_ndcg_at_1000_max": 0.247748,
        "nauc_ndcg_at_1000_std": 0.043407,
        "nauc_ndcg_at_1000_diff1": 0.265918,
        "nauc_map_at_1_max": 0.276069,
        "nauc_map_at_1_std": -0.05388,