{
  "dataset_revision": "fd7df84ac089bbec763b1c6bb1b56e985df5cc5c",
  "task_name": "AutoRAGRetrieval",
  "mteb_version": "1.38.57",
  "scores": {
    "test": [
      {
        "ndcg_at_1": 0.7807,
        "ndcg_at_3": 0.89557,
        "ndcg_at_5": 0.90312,
        "ndcg_at_10": 0.90605,
        "ndcg_at_20": 0.90605,
        "ndcg_at_100": 0.90605,
        "ndcg_at_1000": 0.90605,
        "map_at_1": 0.7807,
        "map_at_3": 0.86842,
        "map_at_5": 0.87281,
        "map_at_10": 0.87406,
        "map_at_20": 0.87406,
        "map_at_100": 0.87406,
        "map_at_1000": 0.87406,
        "recall_at_1": 0.7807,
        "recall_at_3": 0.97368,
        "recall_at_5": 0.99123,
        "recall_at_10": 1.0,
        "recall_at_20": 1.0,
        "recall_at_100": 1.0,
        "recall_at_1000": 1.0,
        "precision_at_1": 0.7807,
        "precision_at_3": 0.32456,
        "precision_at_5": 0.19825,
        "precision_at_10": 0.1,
        "precision_at_20": 0.05,
        "precision_at_100": 0.01,
        "precision_at_1000": 0.001,
        "mrr_at_1": 0.982456,
        "mrr_at_3": 0.989766,
        "mrr_at_5": 0.989766,
        "mrr_at_10": 0.989766,
        "mrr_at_20": 0.989766,
        "mrr_at_100": 0.989766,
        "mrr_at_1000": 0.989766,
        "nauc_ndcg_at_1_max": -0.229409,
        "nauc_ndcg_at_1_std": -0.992509,
        "nauc_ndcg_at_1_diff1": 0.897634,
        "nauc_ndcg_at_3_max": -0.160795,
        "nauc_ndcg_at_3_std": -1.122538,
        "nauc_ndcg_at_3_diff1": 0.893871,
        "nauc_ndcg_at_5_max": -0.187133,
        "nauc_ndcg_at_5_std": -1.069323,
        "nauc_ndcg_at_5_diff1": 0.896613,
        "nauc_ndcg_at_10_max": -0.197519,
        "nauc_ndcg_at_10_std": -1.046252,
        "nauc_ndcg_at_10_diff1": 0.893142,
        "nauc_ndcg_at_20_max": -0.197519,
        "nauc_ndcg_at_20_std": -1.046252,
        "nauc_ndcg_at_20_diff1": 0.893142,
        "nauc_ndcg_at_100_max": -0.197519,
        "nauc_ndcg_at_100_std": -1.046252,
        "nauc_ndcg_at_100_diff1": 0.893142,
        "nauc_ndcg_at_1000_max": -0.197519,
        "nauc_ndcg_at_1000_std": -1.046252,
        "nauc_ndcg_at_1000_diff1": 0.893142,
        "nauc_map_at_1_max": -0.229409,
        "nauc_map_at_1_std": -0.992509,
        "nauc_map_at_1_diff1": 0.897634,
        "nauc_map_at_3_max": -0.183996,
        "nauc_map_at_3_std": -1.074736,
        "nauc_map_at_3_diff1": 0.893171,
        "nauc_map_at_5_max": -0.196532,
        "nauc_map_at_5_std": -1.049374,
        "nauc_map_at_5_diff1": 0.89436,
        "nauc_map_at_10_max": -0.199956,
        "nauc_map_at_10_std": -1.041777,
        "nauc_map_at_10_diff1": 0.893225,
        "nauc_map_at_20_max": -0.199956,
        "nauc_map_at_20_std": -1.041777,
        "nauc_map_at_20_diff1": 0.893225,
        "nauc_map_at_100_max": -0.199956,
        "nauc_map_at_100_std": -1.041777,
        "nauc_map_at_100_diff1": 0.893225,
        "nauc_map_at_1000_max": -0.199956,
        "nauc_map_at_1000_std": -1.041777,
        "nauc_map_at_1000_diff1": 0.893225,
        "nauc_recall_at_1_max": -0.229409,
        "nauc_recall_at_1_std": -0.992509,
        "nauc_recall_at_1_diff1": 0.897634,
        "nauc_recall_at_3_max": 0.142744,
        "nauc_recall_at_3_std": -1.756536,
        "nauc_recall_at_3_diff1": 0.907469,
        "nauc_recall_at_5_max": 0.122234,
        "nauc_recall_at_5_std": -1.756536,
        "nauc_recall_at_5_diff1": 1.0,
        "nauc_recall_at_10_max": NaN,
        "nauc_recall_at_10_std": NaN,
        "nauc_recall_at_10_diff1": NaN,
        "nauc_recall_at_20_max": NaN,
        "nauc_recall_at_20_std": NaN,
        "nauc_recall_at_20_diff1": NaN,
        "nauc_recall_at_100_max": NaN,
        "nauc_recall_at_100_std": NaN,
        "nauc_recall_at_100_diff1": NaN,
        "nauc_recall_at_1000_max": NaN,
        "nauc_recall_at_1000_std": NaN,
        "nauc_recall_at_1000_diff1": NaN,
        "nauc_precision_at_1_max": -0.229409,
        "nauc_precision_at_1_std": -0.992509,
        "nauc_precision_at_1_diff1": 0.897634,
        "nauc_precision_at_3_max": 0.142744,
        "nauc_precision_at_3_std": -1.756536,
        "nauc_precision_at_3_diff1": 0.907469,
        "nauc_precision_at_5_max": 0.122234,
        "nauc_precision_at_5_std": -1.756536,
        "nauc_precision_at_5_diff1": 1.0,
        "nauc_precision_at_10_max": 1.0,
        "nauc_precision_at_10_std": 1.0,
        "nauc_precision_at_10_diff1": 1.0,
        "nauc_precision_at_20_max": 1.0,
        "nauc_precision_at_20_std": 1.0,
        "nauc_precision_at_20_diff1": 1.0,
        "nauc_precision_at_100_max": 1.0,
        "nauc_precision_at_100_std": 1.0,
        "nauc_precision_at_100_diff1": 1.0,
        "nauc_precision_at_1000_max": 1.0,
        "nauc_precision_at_1000_std": 1.0,
        "nauc_precision_at_1000_diff1": 1.0,
        "nauc_mrr_at_1_max": 1.0,
        "nauc_mrr_at_1_std": -0.169326,
        "nauc_mrr_at_1_diff1": 0.613658,
        "nauc_mrr_at_3_max": 1.0,
        "nauc_mrr_at_3_std": -0.169326,
        "nauc_mrr_at_3_diff1": 0.650248,
        "nauc_mrr_at_5_max": 1.0,
        "nauc_mrr_at_5_std": -0.169326,
        "nauc_mrr_at_5_diff1": 0.650248,
        "nauc_mrr_at_10_max": 1.0,
        "nauc_mrr_at_10_std": -0.169326,
        "nauc_mrr_at_10_diff1": 0.650248,
        "nauc_mrr_at_20_max": 1.0,
        "nauc_mrr_at_20_std": -0.169326,
        "nauc_mrr_at_20_diff1": 0.650248,
        "nauc_mrr_at_100_max": 1.0,
        "nauc_mrr_at_100_std": -0.169326,
        "nauc_mrr_at_100_diff1": 0.650248,
        "nauc_mrr_at_1000_max": 1.0,
        "nauc_mrr_at_1000_std": -0.169326,
        "nauc_mrr_at_1000_diff1": 0.650248,
        "main_score": 0.90605,
        "hf_subset": "default",
        "languages": [
          "kor-Hang"
        ]
      }
    ]
  },
  "evaluation_time": 344.246853351593,
  "kg_co2_emissions": null
}