{
  "dataset_revision": "75b399394a9803252cfec289d103de462763db7c",
  "task_name": "BelebeleRetrieval",
  "mteb_version": "1.38.57",
  "scores": {
    "test": [
      {
        "ndcg_at_1": 0.96111,
        "ndcg_at_3": 0.97651,
        "ndcg_at_5": 0.97875,
        "ndcg_at_10": 0.97955,
        "ndcg_at_20": 0.9801,
        "ndcg_at_100": 0.98073,
        "ndcg_at_1000": 0.98073,
        "map_at_1": 0.96111,
        "map_at_3": 0.97296,
        "map_at_5": 0.97419,
        "map_at_10": 0.97456,
        "map_at_20": 0.9747,
        "map_at_100": 0.97479,
        "map_at_1000": 0.97479,
        "recall_at_1": 0.96111,
        "recall_at_3": 0.98667,
        "recall_at_5": 0.99222,
        "recall_at_10": 0.99444,
        "recall_at_20": 0.99667,
        "recall_at_100": 1.0,
        "recall_at_1000": 1.0,
        "precision_at_1": 0.96111,
        "precision_at_3": 0.32889,
        "precision_at_5": 0.19844,
        "precision_at_10": 0.09944,
        "precision_at_20": 0.04983,
        "precision_at_100": 0.01,
        "precision_at_1000": 0.001,
        "mrr_at_1": 0.964444,
        "mrr_at_3": 0.97463,
        "mrr_at_5": 0.975852,
        "mrr_at_10": 0.976222,
        "mrr_at_20": 0.976371,
        "mrr_at_100": 0.976459,
        "mrr_at_1000": 0.976459,
        "nauc_ndcg_at_1_max": 0.79229,
        "nauc_ndcg_at_1_std": 0.189289,
        "nauc_ndcg_at_1_diff1": 0.934174,
        "nauc_ndcg_at_3_max": 0.864811,
        "nauc_ndcg_at_3_std": 0.440488,
        "nauc_ndcg_at_3_diff1": 0.932874,
        "nauc_ndcg_at_5_max": 0.850516,
        "nauc_ndcg_at_5_std": 0.381324,
        "nauc_ndcg_at_5_diff1": 0.934677,
        "nauc_ndcg_at_10_max": 0.850106,
        "nauc_ndcg_at_10_std": 0.399017,
        "nauc_ndcg_at_10_diff1": 0.937524,
        "nauc_ndcg_at_20_max": 0.845916,
        "nauc_ndcg_at_20_std": 0.382217,
        "nauc_ndcg_at_20_diff1": 0.935778,
        "nauc_ndcg_at_100_max": 0.840894,
        "nauc_ndcg_at_100_std": 0.362082,
        "nauc_ndcg_at_100_diff1": 0.935065,
        "nauc_ndcg_at_1000_max": 0.840894,
        "nauc_ndcg_at_1000_std": 0.362082,
        "nauc_ndcg_at_1000_diff1": 0.935065,
        "nauc_map_at_1_max": 0.79229,
        "nauc_map_at_1_std": 0.189289,
        "nauc_map_at_1_diff1": 0.934174,
        "nauc_map_at_3_max": 0.844912,
        "nauc_map_at_3_std": 0.372741,
        "nauc_map_at_3_diff1": 0.933074,
        "nauc_map_at_5_max": 0.837569,
        "nauc_map_at_5_std": 0.343043,
        "nauc_map_at_5_diff1": 0.934019,
        "nauc_map_at_10_max": 0.837226,
        "nauc_map_at_10_std": 0.34914,
        "nauc_map_at_10_diff1": 0.935081,
        "nauc_map_at_20_max": 0.836269,
        "nauc_map_at_20_std": 0.345312,
        "nauc_map_at_20_diff1": 0.934699,
        "nauc_map_at_100_max": 0.835704,
        "nauc_map_at_100_std": 0.343054,
        "nauc_map_at_100_diff1": 0.934607,
        "nauc_map_at_1000_max": 0.835704,
        "nauc_map_at_1000_std": 0.343054,
        "nauc_map_at_1000_diff1": 0.934607,
        "nauc_recall_at_1_max": 0.79229,
        "nauc_recall_at_1_std": 0.189289,
        "nauc_recall_at_1_diff1": 0.934174,
        "nauc_recall_at_3_max": 0.976852,
        "nauc_recall_at_3_std": 0.820689,
        "nauc_recall_at_3_diff1": 0.931917,
        "nauc_recall_at_5_max": 0.960317,
        "nauc_recall_at_5_std": 0.69261,
        "nauc_recall_at_5_diff1": 0.941643,
        "nauc_recall_at_10_max": 1.0,
        "nauc_recall_at_10_std": 1.0,
        "nauc_recall_at_10_diff1": 0.973856,
        "nauc_recall_at_20_max": 1.0,
        "nauc_recall_at_20_std": 1.0,
        "nauc_recall_at_20_diff1": 0.956427,
        "nauc_recall_at_100_max": NaN,
        "nauc_recall_at_100_std": NaN,
        "nauc_recall_at_100_diff1": NaN,
        "nauc_recall_at_1000_max": NaN,
        "nauc_recall_at_1000_std": NaN,
        "nauc_recall_at_1000_diff1": NaN,
        "nauc_precision_at_1_max": 0.79229,
        "nauc_precision_at_1_std": 0.189289,
        "nauc_precision_at_1_diff1": 0.934174,
        "nauc_precision_at_3_max": 0.976852,
        "nauc_precision_at_3_std": 0.820689,
        "nauc_precision_at_3_diff1": 0.931917,
        "nauc_precision_at_5_max": 0.960317,
        "nauc_precision_at_5_std": 0.69261,
        "nauc_precision_at_5_diff1": 0.941643,
        "nauc_precision_at_10_max": 1.0,
        "nauc_precision_at_10_std": 1.0,
        "nauc_precision_at_10_diff1": 0.973856,
        "nauc_precision_at_20_max": 1.0,
        "nauc_precision_at_20_std": 1.0,
        "nauc_precision_at_20_diff1": 0.956427,
        "nauc_precision_at_100_max": 1.0,
        "nauc_precision_at_100_std": 1.0,
        "nauc_precision_at_100_diff1": 1.0,
        "nauc_precision_at_1000_max": NaN,
        "nauc_precision_at_1000_std": NaN,
        "nauc_precision_at_1000_diff1": NaN,
        "nauc_mrr_at_1_max": 0.862672,
        "nauc_mrr_at_1_std": 0.370156,
        "nauc_mrr_at_1_diff1": 0.928002,
        "nauc_mrr_at_3_max": 0.897688,
        "nauc_mrr_at_3_std": 0.511532,
        "nauc_mrr_at_3_diff1": 0.928677,
        "nauc_mrr_at_5_max": 0.892509,
        "nauc_mrr_at_5_std": 0.486809,
        "nauc_mrr_at_5_diff1": 0.929465,
        "nauc_mrr_at_10_max": 0.892998,
        "nauc_mrr_at_10_std": 0.495573,
        "nauc_mrr_at_10_diff1": 0.93053,
        "nauc_mrr_at_20_max": 0.892324,
        "nauc_mrr_at_20_std": 0.492396,
        "nauc_mrr_at_20_diff1": 0.930093,
        "nauc_mrr_at_100_max": 0.891924,
        "nauc_mrr_at_100_std": 0.490509,
        "nauc_mrr_at_100_diff1": 0.929976,
        "nauc_mrr_at_1000_max": 0.891924,
        "nauc_mrr_at_1000_std": 0.490509,
        "nauc_mrr_at_1000_diff1": 0.929976,
        "main_score": 0.97955,
        "hf_subset": "kor_Hang-kor_Hang",
        "languages": [
          "kor-Hang",
          "kor-Hang"
        ]
      },
      {
        "ndcg_at_1": 0.10222,
        "ndcg_at_3": 0.10292,
        "ndcg_at_5": 0.10292,
        "ndcg_at_10": 0.10292,
        "ndcg_at_20": 0.10292,
        "ndcg_at_100": 0.10292,
        "ndcg_at_1000": 0.10292,
        "map_at_1": 0.10222,
        "map_at_3": 0.10278,
        "map_at_5": 0.10278,
        "map_at_10": 0.10278,
        "map_at_20": 0.10278,
        "map_at_100": 0.10278,
        "map_at_1000": 0.10278,
        "recall_at_1": 0.10222,
        "recall_at_3": 0.10333,
        "recall_at_5": 0.10333,
        "recall_at_10": 0.10333,
        "recall_at_20": 0.10333,
        "recall_at_100": 0.10333,
        "recall_at_1000": 0.10333,
        "precision_at_1": 0.10222,
        "precision_at_3": 0.03444,
        "precision_at_5": 0.02067,
        "precision_at_10": 0.01033,
        "precision_at_20": 0.00517,
        "precision_at_100": 0.00103,
        "precision_at_1000": 0.0001,
        "mrr_at_1": 0.102222,
        "mrr_at_3": 0.102778,
        "mrr_at_5": 0.102778,
        "mrr_at_10": 0.102778,
        "mrr_at_20": 0.102778,
        "mrr_at_100": 0.102778,
        "mrr_at_1000": 0.102778,
        "nauc_ndcg_at_1_max": 0.974087,
        "nauc_ndcg_at_1_std": 0.974087,
        "nauc_ndcg_at_1_diff1": 0.970385,
        "nauc_ndcg_at_3_max": 0.97653,
        "nauc_ndcg_at_3_std": 0.97653,
        "nauc_ndcg_at_3_diff1": 0.970519,
        "nauc_ndcg_at_5_max": 0.97653,
        "nauc_ndcg_at_5_std": 0.97653,
        "nauc_ndcg_at_5_diff1": 0.970519,
        "nauc_ndcg_at_10_max": 0.97653,
        "nauc_ndcg_at_10_std": 0.97653,
        "nauc_ndcg_at_10_diff1": 0.970519,
        "nauc_ndcg_at_20_max": 0.97653,
        "nauc_ndcg_at_20_std": 0.97653,
        "nauc_ndcg_at_20_diff1": 0.970519,
        "nauc_ndcg_at_100_max": 0.97653,
        "nauc_ndcg_at_100_std": 0.97653,
        "nauc_ndcg_at_100_diff1": 0.970519,
        "nauc_ndcg_at_1000_max": 0.97653,
        "nauc_ndcg_at_1000_std": 0.97653,
        "nauc_ndcg_at_1000_diff1": 0.970519,
        "nauc_map_at_1_max": 0.974087,
        "nauc_map_at_1_std": 0.974087,
        "nauc_map_at_1_diff1": 0.970385,
        "nauc_map_at_3_max": 0.976024,