{
  "dataset_revision": "d243889a3eb6654029dbd7e7f9319ae31d58f97c",
  "task_name": "Ko-StrategyQA",
  "mteb_version": "1.38.57",
  "scores": {
    "dev": [
      {
        "ndcg_at_1": 0.80743,
        "ndcg_at_3": 0.82219,
        "ndcg_at_5": 0.84811,
        "ndcg_at_10": 0.86484,
        "ndcg_at_20": 0.87366,
        "ndcg_at_100": 0.88573,
        "ndcg_at_1000": 0.88573,
        "map_at_1": 0.51941,
        "map_at_3": 0.78623,
        "map_at_5": 0.81471,
        "map_at_10": 0.82616,
        "map_at_20": 0.8299,
        "map_at_100": 0.8331,
        "map_at_1000": 0.8331,
        "recall_at_1": 0.51941,
        "recall_at_3": 0.83327,
        "recall_at_5": 0.88792,
        "recall_at_10": 0.92812,
        "recall_at_20": 0.95439,
        "recall_at_100": 1.0,
        "recall_at_1000": 1.0,
        "precision_at_1": 0.80743,
        "precision_at_3": 0.50394,
        "precision_at_5": 0.33074,
        "precision_at_10": 0.175,
        "precision_at_20": 0.09105,
        "precision_at_100": 0.01934,
        "precision_at_1000": 0.00193,
        "mrr_at_1": 0.863176,
        "mrr_at_3": 0.886824,
        "mrr_at_5": 0.891216,
        "mrr_at_10": 0.894398,
        "mrr_at_20": 0.895738,
        "mrr_at_100": 0.896582,
        "mrr_at_1000": 0.896582,
        "nauc_ndcg_at_1_max": 0.577472,
        "nauc_ndcg_at_1_std": 0.015961,
        "nauc_ndcg_at_1_diff1": 0.119455,
        "nauc_ndcg_at_3_max": 0.63422,
        "nauc_ndcg_at_3_std": 0.067341,
        "nauc_ndcg_at_3_diff1": -0.028234,
        "nauc_ndcg_at_5_max": 0.67734,
        "nauc_ndcg_at_5_std": 0.160579,
        "nauc_ndcg_at_5_diff1": -0.064985,
        "nauc_ndcg_at_10_max": 0.686024,
        "nauc_ndcg_at_10_std": 0.207671,
        "nauc_ndcg_at_10_diff1": -0.076085,
        "nauc_ndcg_at_20_max": 0.679802,
        "nauc_ndcg_at_20_std": 0.199447,
        "nauc_ndcg_at_20_diff1": -0.063302,
        "nauc_ndcg_at_100_max": 0.646128,
        "nauc_ndcg_at_100_std": 0.133698,
        "nauc_ndcg_at_100_diff1": -0.023837,
        "nauc_ndcg_at_1000_max": 0.646128,
        "nauc_ndcg_at_1000_std": 0.133698,
        "nauc_ndcg_at_1000_diff1": -0.023837,
        "nauc_map_at_1_max": 0.290573,
        "nauc_map_at_1_std": -0.283016,
        "nauc_map_at_1_diff1": 0.457057,
        "nauc_map_at_3_max": 0.599279,
        "nauc_map_at_3_std": -0.043447,
        "nauc_map_at_3_diff1": 0.034735,
        "nauc_map_at_5_max": 0.625565,
        "nauc_map_at_5_std": 0.054364,
        "nauc_map_at_5_diff1": -0.008795,
        "nauc_map_at_10_max": 0.63228,
        "nauc_map_at_10_std": 0.091783,
        "nauc_map_at_10_diff1": -0.018137,
        "nauc_map_at_20_max": 0.630705,
        "nauc_map_at_20_std": 0.090691,
        "nauc_map_at_20_diff1": -0.015401,
        "nauc_map_at_100_max": 0.623469,
        "nauc_map_at_100_std": 0.076402,
        "nauc_map_at_100_diff1": -0.007174,
        "nauc_map_at_1000_max": 0.623469,
        "nauc_map_at_1000_std": 0.076402,
        "nauc_map_at_1000_diff1": -0.007174,
        "nauc_recall_at_1_max": 0.290573,
        "nauc_recall_at_1_std": -0.283016,
        "nauc_recall_at_1_diff1": 0.457057,
        "nauc_recall_at_3_max": 0.673275,
        "nauc_recall_at_3_std": 0.080089,
        "nauc_recall_at_3_diff1": -0.089091,
        "nauc_recall_at_5_max": 0.796597,
        "nauc_recall_at_5_std": 0.353975,
        "nauc_recall_at_5_diff1": -0.230645,
        "nauc_recall_at_10_max": 0.88378,
        "nauc_recall_at_10_std": 0.614032,
        "nauc_recall_at_10_diff1": -0.362488,
        "nauc_recall_at_20_max": 0.965526,
        "nauc_recall_at_20_std": 0.769308,
        "nauc_recall_at_20_diff1": -0.417646,
        "nauc_recall_at_100_max": NaN,
        "nauc_recall_at_100_std": NaN,
        "nauc_recall_at_100_diff1": NaN,
        "nauc_recall_at_1000_max": NaN,
        "nauc_recall_at_1000_std": NaN,
        "nauc_recall_at_1000_diff1": NaN,
        "nauc_precision_at_1_max": 0.577472,
        "nauc_precision_at_1_std": 0.015961,
        "nauc_precision_at_1_diff1": 0.119455,
        "nauc_precision_at_3_max": 0.244445,
        "nauc_precision_at_3_std": 0.387573,
        "nauc_precision_at_3_diff1": -0.481332,
        "nauc_precision_at_5_max": 0.150909,
        "nauc_precision_at_5_std": 0.479218,
        "nauc_precision_at_5_diff1": -0.500809,
        "nauc_precision_at_10_max": 0.074659,
        "nauc_precision_at_10_std": 0.510418,
        "nauc_precision_at_10_diff1": -0.495122,
        "nauc_precision_at_20_max": -0.001985,
        "nauc_precision_at_20_std": 0.471401,
        "nauc_precision_at_20_diff1": -0.463016,
        "nauc_precision_at_100_max": -0.160204,
        "nauc_precision_at_100_std": 0.344726,
        "nauc_precision_at_100_diff1": -0.400104,
        "nauc_precision_at_1000_max": -0.160204,
        "nauc_precision_at_1000_std": 0.344726,
        "nauc_precision_at_1000_diff1": -0.400104,
        "nauc_mrr_at_1_max": 0.83553,
        "nauc_mrr_at_1_std": 0.391021,
        "nauc_mrr_at_1_diff1": -0.223123,
        "nauc_mrr_at_3_max": 0.856845,
        "nauc_mrr_at_3_std": 0.477275,
        "nauc_mrr_at_3_diff1": -0.268579,
        "nauc_mrr_at_5_max": 0.866293,
        "nauc_mrr_at_5_std": 0.48228,
        "nauc_mrr_at_5_diff1": -0.270385,
        "nauc_mrr_at_10_max": 0.863521,
        "nauc_mrr_at_10_std": 0.476618,
        "nauc_mrr_at_10_diff1": -0.269404,
        "nauc_mrr_at_20_max": 0.862522,
        "nauc_mrr_at_20_std": 0.474239,
        "nauc_mrr_at_20_diff1": -0.266597,
        "nauc_mrr_at_100_max": 0.861553,
        "nauc_mrr_at_100_std": 0.472269,
        "nauc_mrr_at_100_diff1": -0.266487,
        "nauc_mrr_at_1000_max": 0.861553,
        "nauc_mrr_at_1000_std": 0.472269,
        "nauc_mrr_at_1000_diff1": -0.266487,
        "main_score": 0.86484,
        "hf_subset": "default",
        "languages": [
          "kor-Hang"
        ]
      }
    ]
  },
  "evaluation_time": 1064.1771743297577,
  "kg_co2_emissions": null
}