{
  "dataset_revision": "main",
  "task_name": "MIRACLRetrieval",
  "mteb_version": "1.38.57",
  "scores": {
    "dev": [
      {
        "ndcg_at_1": 0.80751,
        "ndcg_at_3": 0.85449,
        "ndcg_at_5": 0.87843,
        "ndcg_at_10": 0.89887,
        "ndcg_at_20": 0.90671,
        "ndcg_at_100": 0.90717,
        "ndcg_at_1000": 0.90717,
        "map_at_1": 0.50185,
        "map_at_3": 0.72335,
        "map_at_5": 0.8029,
        "map_at_10": 0.84608,
        "map_at_20": 0.85451,
        "map_at_100": 0.85468,
        "map_at_1000": 0.85468,
        "recall_at_1": 0.50185,
        "recall_at_3": 0.79618,
        "recall_at_5": 0.91462,
        "recall_at_10": 0.98077,
        "recall_at_20": 0.99844,
        "recall_at_100": 1.0,
        "recall_at_1000": 1.0,
        "precision_at_1": 0.80751,
        "precision_at_3": 0.53834,
        "precision_at_5": 0.41127,
        "precision_at_10": 0.2446,
        "precision_at_20": 0.12817,
        "precision_at_100": 0.02568,
        "precision_at_1000": 0.00257,
        "mrr_at_1": 0.906103,
        "mrr_at_3": 0.941315,
        "mrr_at_5": 0.944131,
        "mrr_at_10": 0.944914,
        "mrr_at_20": 0.944914,
        "mrr_at_100": 0.944914,
        "mrr_at_1000": 0.944914,
        "nauc_ndcg_at_1_max": -0.156074,
        "nauc_ndcg_at_1_std": -0.224254,
        "nauc_ndcg_at_1_diff1": 0.462306,
        "nauc_ndcg_at_3_max": -0.026341,
        "nauc_ndcg_at_3_std": -0.463768,
        "nauc_ndcg_at_3_diff1": 0.508371,
        "nauc_ndcg_at_5_max": -0.072523,
        "nauc_ndcg_at_5_std": -0.534539,
        "nauc_ndcg_at_5_diff1": 0.529229,
        "nauc_ndcg_at_10_max": -0.066862,
        "nauc_ndcg_at_10_std": -0.472894,
        "nauc_ndcg_at_10_diff1": 0.514089,
        "nauc_ndcg_at_20_max": -0.07188,
        "nauc_ndcg_at_20_std": -0.365823,
        "nauc_ndcg_at_20_diff1": 0.48591,
        "nauc_ndcg_at_100_max": -0.075291,
        "nauc_ndcg_at_100_std": -0.364471,
        "nauc_ndcg_at_100_diff1": 0.487562,
        "nauc_ndcg_at_1000_max": -0.075291,
        "nauc_ndcg_at_1000_std": -0.364471,
        "nauc_ndcg_at_1000_diff1": 0.487562,
        "nauc_map_at_1_max": -0.02939,
        "nauc_map_at_1_std": -0.539125,
        "nauc_map_at_1_diff1": 0.634535,
        "nauc_map_at_3_max": -0.056112,
        "nauc_map_at_3_std": -0.7207,
        "nauc_map_at_3_diff1": 0.639844,
        "nauc_map_at_5_max": -0.076955,
        "nauc_map_at_5_std": -0.728423,
        "nauc_map_at_5_diff1": 0.603237,
        "nauc_map_at_10_max": -0.062162,
        "nauc_map_at_10_std": -0.538831,
        "nauc_map_at_10_diff1": 0.533306,
        "nauc_map_at_20_max": -0.057252,
        "nauc_map_at_20_std": -0.459977,
        "nauc_map_at_20_diff1": 0.510434,
        "nauc_map_at_100_max": -0.058097,
        "nauc_map_at_100_std": -0.459827,
        "nauc_map_at_100_diff1": 0.51096,
        "nauc_map_at_1000_max": -0.058097,
        "nauc_map_at_1000_std": -0.459827,
        "nauc_map_at_1000_diff1": 0.51096,
        "nauc_recall_at_1_max": -0.02939,
        "nauc_recall_at_1_std": -0.539125,
        "nauc_recall_at_1_diff1": 0.634535,
        "nauc_recall_at_3_max": 0.006409,
        "nauc_recall_at_3_std": -0.834973,
        "nauc_recall_at_3_diff1": 0.622264,
        "nauc_recall_at_5_max": -0.086332,
        "nauc_recall_at_5_std": -1.142785,
        "nauc_recall_at_5_diff1": 0.645743,
        "nauc_recall_at_10_max": 0.074262,
        "nauc_recall_at_10_std": -1.401506,
        "nauc_recall_at_10_diff1": 0.624985,
        "nauc_recall_at_20_max": 0.5539,
        "nauc_recall_at_20_std": -0.56242,
        "nauc_recall_at_20_diff1": 0.123934,
        "nauc_recall_at_100_max": NaN,
        "nauc_recall_at_100_std": NaN,
        "nauc_recall_at_100_diff1": NaN,
        "nauc_recall_at_1000_max": NaN,
        "nauc_recall_at_1000_std": NaN,
        "nauc_recall_at_1000_diff1": NaN,
        "nauc_precision_at_1_max": -0.156074,
        "nauc_precision_at_1_std": -0.224254,
        "nauc_precision_at_1_diff1": 0.462306,
        "nauc_precision_at_3_max": -0.018954,
        "nauc_precision_at_3_std": 0.336981,
        "nauc_precision_at_3_diff1": -0.3646,
        "nauc_precision_at_5_max": -0.017889,
        "nauc_precision_at_5_std": 0.458803,
        "nauc_precision_at_5_diff1": -0.441477,
        "nauc_precision_at_10_max": 0.006437,
        "nauc_precision_at_10_std": 0.606049,
        "nauc_precision_at_10_diff1": -0.463256,
        "nauc_precision_at_20_max": 0.013376,
        "nauc_precision_at_20_std": 0.657303,
        "nauc_precision_at_20_diff1": -0.470651,
        "nauc_precision_at_100_max": 0.011861,
        "nauc_precision_at_100_std": 0.658529,
        "nauc_precision_at_100_diff1": -0.47077,
        "nauc_precision_at_1000_max": 0.011861,
        "nauc_precision_at_1000_std": 0.658529,
        "nauc_precision_at_1000_diff1": -0.47077,
        "nauc_mrr_at_1_max": 0.093095,
        "nauc_mrr_at_1_std": 0.081005,
        "nauc_mrr_at_1_diff1": 0.023069,
        "nauc_mrr_at_3_max": 0.132723,
        "nauc_mrr_at_3_std": 0.00599,
        "nauc_mrr_at_3_diff1": 0.130018,
        "nauc_mrr_at_5_max": 0.095576,
        "nauc_mrr_at_5_std": 0.021489,
        "nauc_mrr_at_5_diff1": 0.108025,
        "nauc_mrr_at_10_max": 0.1132,
        "nauc_mrr_at_10_std": 0.029783,
        "nauc_mrr_at_10_diff1": 0.099303,
        "nauc_mrr_at_20_max": 0.1132,
        "nauc_mrr_at_20_std": 0.029783,
        "nauc_mrr_at_20_diff1": 0.099303,
        "nauc_mrr_at_100_max": 0.1132,
        "nauc_mrr_at_100_std": 0.029783,
        "nauc_mrr_at_100_diff1": 0.099303,
        "nauc_mrr_at_1000_max": 0.1132,
        "nauc_mrr_at_1000_std": 0.029783,
        "nauc_mrr_at_1000_diff1": 0.099303,
        "main_score": 0.89887,
        "hf_subset": "ko",
        "languages": [
          "kor-Kore"
        ]
      }
    ]
  },
  "evaluation_time": 359.52091884613037,
  "kg_co2_emissions": null
}