{
  "dataset_revision": "fc24a3ce8f09746410daee3d5cd823ff7a0675b7",
  "task_name": "MrTidyRetrieval",
  "mteb_version": "1.38.57",
  "scores": {
    "test": [
      {
        "ndcg_at_1": 0.61995,
        "ndcg_at_3": 0.75055,
        "ndcg_at_5": 0.77953,
        "ndcg_at_10": 0.79594,
        "ndcg_at_20": 0.80276,
        "ndcg_at_100": 0.8071,
        "ndcg_at_1000": 0.8071,
        "map_at_1": 0.56888,
        "map_at_3": 0.71061,
        "map_at_5": 0.72926,
        "map_at_10": 0.73725,
        "map_at_20": 0.73948,
        "map_at_100": 0.74042,
        "map_at_1000": 0.74042,
        "recall_at_1": 0.56888,
        "recall_at_3": 0.84125,
        "recall_at_5": 0.90697,
        "recall_at_10": 0.95487,
        "recall_at_20": 0.98021,
        "recall_at_100": 1.0,
        "recall_at_1000": 1.0,
        "precision_at_1": 0.61995,
        "precision_at_3": 0.32067,
        "precision_at_5": 0.2095,
        "precision_at_10": 0.11093,
        "precision_at_20": 0.05713,
        "precision_at_100": 0.01169,
        "precision_at_1000": 0.00117,
        "mrr_at_1": 0.752969,
        "mrr_at_3": 0.806017,
        "mrr_at_5": 0.818369,
        "mrr_at_10": 0.822848,
        "mrr_at_20": 0.824278,
        "mrr_at_100": 0.824789,
        "mrr_at_1000": 0.824789,
        "nauc_ndcg_at_1_max": 0.072033,
        "nauc_ndcg_at_1_std": -0.432061,
        "nauc_ndcg_at_1_diff1": 0.517169,
        "nauc_ndcg_at_3_max": 0.149813,
        "nauc_ndcg_at_3_std": -0.465805,
        "nauc_ndcg_at_3_diff1": 0.440797,
        "nauc_ndcg_at_5_max": 0.138051,
        "nauc_ndcg_at_5_std": -0.477472,
        "nauc_ndcg_at_5_diff1": 0.437593,
        "nauc_ndcg_at_10_max": 0.131106,
        "nauc_ndcg_at_10_std": -0.477832,
        "nauc_ndcg_at_10_diff1": 0.459634,
        "nauc_ndcg_at_20_max": 0.127299,
        "nauc_ndcg_at_20_std": -0.462119,
        "nauc_ndcg_at_20_diff1": 0.465817,
        "nauc_ndcg_at_100_max": 0.126167,
        "nauc_ndcg_at_100_std": -0.456881,
        "nauc_ndcg_at_100_diff1": 0.465547,
        "nauc_ndcg_at_1000_max": 0.126167,
        "nauc_ndcg_at_1000_std": -0.456881,
        "nauc_ndcg_at_1000_diff1": 0.465547,
        "nauc_map_at_1_max": 0.10589,
        "nauc_map_at_1_std": -0.39545,
        "nauc_map_at_1_diff1": 0.48429,
        "nauc_map_at_3_max": 0.132776,
        "nauc_map_at_3_std": -0.468933,
        "nauc_map_at_3_diff1": 0.461913,
        "nauc_map_at_5_max": 0.129689,
        "nauc_map_at_5_std": -0.471896,
        "nauc_map_at_5_diff1": 0.462804,
        "nauc_map_at_10_max": 0.12726,
        "nauc_map_at_10_std": -0.470444,
        "nauc_map_at_10_diff1": 0.471088,
        "nauc_map_at_20_max": 0.126655,
        "nauc_map_at_20_std": -0.46505,
        "nauc_map_at_20_diff1": 0.471927,
        "nauc_map_at_100_max": 0.126192,
        "nauc_map_at_100_std": -0.463985,
        "nauc_map_at_100_diff1": 0.471708,
        "nauc_map_at_1000_max": 0.126192,
        "nauc_map_at_1000_std": -0.463985,
        "nauc_map_at_1000_diff1": 0.471708,
        "nauc_recall_at_1_max": 0.10589,
        "nauc_recall_at_1_std": -0.39545,
        "nauc_recall_at_1_diff1": 0.48429,
        "nauc_recall_at_3_max": 0.217576,
        "nauc_recall_at_3_std": -0.484143,
        "nauc_recall_at_3_diff1": 0.333291,
        "nauc_recall_at_5_max": 0.203681,
        "nauc_recall_at_5_std": -0.573332,
        "nauc_recall_at_5_diff1": 0.256381,
        "nauc_recall_at_10_max": 0.195944,
        "nauc_recall_at_10_std": -0.704855,
        "nauc_recall_at_10_diff1": 0.333565,
        "nauc_recall_at_20_max": 0.134676,
        "nauc_recall_at_20_std": -0.594865,
        "nauc_recall_at_20_diff1": 0.420774,
        "nauc_recall_at_100_max": NaN,
        "nauc_recall_at_100_std": NaN,
        "nauc_recall_at_100_diff1": NaN,
        "nauc_recall_at_1000_max": NaN,
        "nauc_recall_at_1000_std": NaN,
        "nauc_recall_at_1000_diff1": NaN,
        "nauc_precision_at_1_max": 0.072033,
        "nauc_precision_at_1_std": -0.432061,
        "nauc_precision_at_1_diff1": 0.517169,
        "nauc_precision_at_3_max": 0.077701,
        "nauc_precision_at_3_std": -0.246887,
        "nauc_precision_at_3_diff1": 0.142134,
        "nauc_precision_at_5_max": 0.017835,
        "nauc_precision_at_5_std": -0.13605,
        "nauc_precision_at_5_diff1": 0.021492,
        "nauc_precision_at_10_max": -0.025952,
        "nauc_precision_at_10_std": -0.016734,
        "nauc_precision_at_10_diff1": -0.032737,
        "nauc_precision_at_20_max": -0.052549,
        "nauc_precision_at_20_std": 0.101007,
        "nauc_precision_at_20_diff1": -0.078038,
        "nauc_precision_at_100_max": -0.072301,
        "nauc_precision_at_100_std": 0.153399,
        "nauc_precision_at_100_diff1": -0.117273,
        "nauc_precision_at_1000_max": -0.072301,
        "nauc_precision_at_1000_std": 0.153399,
        "nauc_precision_at_1000_diff1": -0.117273,
        "nauc_mrr_at_1_max": 0.24804,
        "nauc_mrr_at_1_std": -0.136951,
        "nauc_mrr_at_1_diff1": 0.178146,
        "nauc_mrr_at_3_max": 0.253658,
        "nauc_mrr_at_3_std": -0.229715,
        "nauc_mrr_at_3_diff1": 0.228454,
        "nauc_mrr_at_5_max": 0.248775,
        "nauc_mrr_at_5_std": -0.22282,
        "nauc_mrr_at_5_diff1": 0.211015,
        "nauc_mrr_at_10_max": 0.248924,
        "nauc_mrr_at_10_std": -0.225227,
        "nauc_mrr_at_10_diff1": 0.21727,
        "nauc_mrr_at_20_max": 0.248796,
        "nauc_mrr_at_20_std": -0.221302,
        "nauc_mrr_at_20_diff1": 0.217595,
        "nauc_mrr_at_100_max": 0.249294,
        "nauc_mrr_at_100_std": -0.219469,
        "nauc_mrr_at_100_diff1": 0.216598,
        "nauc_mrr_at_1000_max": 0.249294,
        "nauc_mrr_at_1000_std": -0.219469,
        "nauc_mrr_at_1000_diff1": 0.216598,
        "main_score": 0.79594,
        "hf_subset": "korean",
        "languages": [
          "kor-Kore"
        ]
      }
    ]
  },
  "evaluation_time": 710.3572943210602,
  "kg_co2_emissions": null
}