{
  "dataset_revision": "d67138e705d963e346253a80e59676ddb418810a",
  "task_name": "MultiLongDocRetrieval",
  "mteb_version": "1.38.57",
  "scores": {
    "test": [
      {
        "ndcg_at_1": 0.725,
        "ndcg_at_3": 0.77155,
        "ndcg_at_5": 0.78403,
        "ndcg_at_10": 0.79992,
        "ndcg_at_20": 0.81222,
        "ndcg_at_100": 0.82504,
        "ndcg_at_1000": 0.82504,
        "map_at_1": 0.725,
        "map_at_3": 0.76,
        "map_at_5": 0.767,
        "map_at_10": 0.7734,
        "map_at_20": 0.7766,
        "map_at_100": 0.77861,
        "map_at_1000": 0.77861,
        "recall_at_1": 0.725,
        "recall_at_3": 0.805,
        "recall_at_5": 0.835,
        "recall_at_10": 0.885,
        "recall_at_20": 0.935,
        "recall_at_100": 1.0,
        "recall_at_1000": 1.0,
        "precision_at_1": 0.725,
        "precision_at_3": 0.26833,
        "precision_at_5": 0.167,
        "precision_at_10": 0.0885,
        "precision_at_20": 0.04675,
        "precision_at_100": 0.01,
        "precision_at_1000": 0.001,
        "mrr_at_1": 0.735,
        "mrr_at_3": 0.765,
        "mrr_at_5": 0.772,
        "mrr_at_10": 0.778401,
        "mrr_at_20": 0.781599,
        "mrr_at_100": 0.78361,
        "mrr_at_1000": 0.78361,
        "nauc_ndcg_at_1_max": 0.805848,
        "nauc_ndcg_at_1_std": -0.044033,
        "nauc_ndcg_at_1_diff1": 0.18904,
        "nauc_ndcg_at_3_max": 0.84378,
        "nauc_ndcg_at_3_std": -0.001037,
        "nauc_ndcg_at_3_diff1": 0.133842,
        "nauc_ndcg_at_5_max": 0.841843,
        "nauc_ndcg_at_5_std": 0.053038,
        "nauc_ndcg_at_5_diff1": 0.099171,
        "nauc_ndcg_at_10_max": 0.82697,
        "nauc_ndcg_at_10_std": 0.031086,
        "nauc_ndcg_at_10_diff1": 0.110377,
        "nauc_ndcg_at_20_max": 0.83186,
        "nauc_ndcg_at_20_std": 0.046399,
        "nauc_ndcg_at_20_diff1": 0.10647,
        "nauc_ndcg_at_100_max": 0.828631,
        "nauc_ndcg_at_100_std": 0.023606,
        "nauc_ndcg_at_100_diff1": 0.12273,
        "nauc_ndcg_at_1000_max": 0.828631,
        "nauc_ndcg_at_1000_std": 0.023606,
        "nauc_ndcg_at_1000_diff1": 0.12273,
        "nauc_map_at_1_max": 0.805848,
        "nauc_map_at_1_std": -0.044033,
        "nauc_map_at_1_diff1": 0.18904,
        "nauc_map_at_3_max": 0.831991,
        "nauc_map_at_3_std": -0.009415,
        "nauc_map_at_3_diff1": 0.144194,
        "nauc_map_at_5_max": 0.830668,
        "nauc_map_at_5_std": 0.019319,
        "nauc_map_at_5_diff1": 0.126038,
        "nauc_map_at_10_max": 0.825117,
        "nauc_map_at_10_std": 0.011367,
        "nauc_map_at_10_diff1": 0.130186,
        "nauc_map_at_20_max": 0.826261,
        "nauc_map_at_20_std": 0.015444,
        "nauc_map_at_20_diff1": 0.129129,
        "nauc_map_at_100_max": 0.825874,
        "nauc_map_at_100_std": 0.012393,
        "nauc_map_at_100_diff1": 0.131542,
        "nauc_map_at_1000_max": 0.825874,
        "nauc_map_at_1000_std": 0.012393,
        "nauc_map_at_1000_diff1": 0.131542,
        "nauc_recall_at_1_max": 0.805848,
        "nauc_recall_at_1_std": -0.044033,
        "nauc_recall_at_1_diff1": 0.18904,
        "nauc_recall_at_3_max": 0.884707,
        "nauc_recall_at_3_std": 0.02594,
        "nauc_recall_at_3_diff1": 0.100782,
        "nauc_recall_at_5_max": 0.885482,
        "nauc_recall_at_5_std": 0.190272,
        "nauc_recall_at_5_diff1": -0.00789,
        "nauc_recall_at_10_max": 0.825548,
        "nauc_recall_at_10_std": 0.12293,
        "nauc_recall_at_10_diff1": 0.013423,
        "nauc_recall_at_20_max": 0.874309,
        "nauc_recall_at_20_std": 0.331179,
        "nauc_recall_at_20_diff1": -0.088163,
        "nauc_recall_at_100_max": NaN,
        "nauc_recall_at_100_std": NaN,
        "nauc_recall_at_100_diff1": NaN,
        "nauc_recall_at_1000_max": NaN,
        "nauc_recall_at_1000_std": NaN,
        "nauc_recall_at_1000_diff1": NaN,
        "nauc_precision_at_1_max": 0.805848,
        "nauc_precision_at_1_std": -0.044033,
        "nauc_precision_at_1_diff1": 0.18904,
        "nauc_precision_at_3_max": 0.884707,
        "nauc_precision_at_3_std": 0.02594,
        "nauc_precision_at_3_diff1": 0.100782,
        "nauc_precision_at_5_max": 0.885482,
        "nauc_precision_at_5_std": 0.190272,
        "nauc_precision_at_5_diff1": -0.00789,
        "nauc_precision_at_10_max": 0.825548,
        "nauc_precision_at_10_std": 0.12293,
        "nauc_precision_at_10_diff1": 0.013423,
        "nauc_precision_at_20_max": 0.874309,
        "nauc_precision_at_20_std": 0.331179,
        "nauc_precision_at_20_diff1": -0.088163,
        "nauc_precision_at_100_max": 1.0,
        "nauc_precision_at_100_std": 1.0,
        "nauc_precision_at_100_diff1": 1.0,
        "nauc_precision_at_1000_max": 1.0,
        "nauc_precision_at_1000_std": 1.0,
        "nauc_precision_at_1000_diff1": 1.0,
        "nauc_mrr_at_1_max": 0.816261,
        "nauc_mrr_at_1_std": -0.017107,
        "nauc_mrr_at_1_diff1": 0.152119,
        "nauc_mrr_at_3_max": 0.838181,
        "nauc_mrr_at_3_std": 0.006029,
        "nauc_mrr_at_3_diff1": 0.123062,
        "nauc_mrr_at_5_max": 0.837018,
        "nauc_mrr_at_5_std": 0.035724,
        "nauc_mrr_at_5_diff1": 0.103962,
        "nauc_mrr_at_10_max": 0.831543,
        "nauc_mrr_at_10_std": 0.028085,
        "nauc_mrr_at_10_diff1": 0.107572,
        "nauc_mrr_at_20_max": 0.832807,
        "nauc_mrr_at_20_std": 0.032494,
        "nauc_mrr_at_20_diff1": 0.106146,
        "nauc_mrr_at_100_max": 0.83248,
        "nauc_mrr_at_100_std": 0.029545,
        "nauc_mrr_at_100_diff1": 0.108393,
        "nauc_mrr_at_1000_max": 0.83248,
        "nauc_mrr_at_1000_std": 0.029545,
        "nauc_mrr_at_1000_diff1": 0.108393,
        "main_score": 0.79992,
        "hf_subset": "ko",
        "languages": [
          "kor-Hang"
        ]
      }
    ]
  },
  "evaluation_time": 29029.831327199936,
  "kg_co2_emissions": null
}