{
  "dataset_revision": "main",
  "task_name": "PublicHealthQA",
  "mteb_version": "1.38.57",
  "scores": {
    "test": [
      {
        "ndcg_at_1": 0.49351,
        "ndcg_at_3": 0.54097,
        "ndcg_at_5": 0.55102,
        "ndcg_at_10": 0.56782,
        "ndcg_at_20": 0.57083,
        "ndcg_at_100": 0.57083,
        "ndcg_at_1000": 0.57083,
        "map_at_1": 0.49351,
        "map_at_3": 0.5303,
        "map_at_5": 0.5355,
        "map_at_10": 0.54244,
        "map_at_20": 0.54312,
        "map_at_100": 0.54312,
        "map_at_1000": 0.54312,
        "recall_at_1": 0.49351,
        "recall_at_3": 0.57143,
        "recall_at_5": 0.5974,
        "recall_at_10": 0.64935,
        "recall_at_20": 0.66234,
        "recall_at_100": 0.66234,
        "recall_at_1000": 0.66234,
        "precision_at_1": 0.49351,
        "precision_at_3": 0.19048,
        "precision_at_5": 0.11948,
        "precision_at_10": 0.06494,
        "precision_at_20": 0.03312,
        "precision_at_100": 0.00662,
        "precision_at_1000": 0.00066,
        "mrr_at_1": 0.480519,
        "mrr_at_3": 0.52381,
        "mrr_at_5": 0.529004,
        "mrr_at_10": 0.535946,
        "mrr_at_20": 0.53663,
        "mrr_at_100": 0.53663,
        "mrr_at_1000": 0.53663,
        "nauc_ndcg_at_1_max": 0.31769,
        "nauc_ndcg_at_1_std": -0.32874,
        "nauc_ndcg_at_1_diff1": 0.111039,
        "nauc_ndcg_at_3_max": 0.327564,
        "nauc_ndcg_at_3_std": -0.261699,
        "nauc_ndcg_at_3_diff1": 0.035181,
        "nauc_ndcg_at_5_max": 0.375052,
        "nauc_ndcg_at_5_std": -0.238368,
        "nauc_ndcg_at_5_diff1": 0.013632,
        "nauc_ndcg_at_10_max": 0.397325,
        "nauc_ndcg_at_10_std": -0.1748,
        "nauc_ndcg_at_10_diff1": -0.025647,
        "nauc_ndcg_at_20_max": 0.390006,
        "nauc_ndcg_at_20_std": -0.185098,
        "nauc_ndcg_at_20_diff1": -0.009534,
        "nauc_ndcg_at_100_max": 0.390006,
        "nauc_ndcg_at_100_std": -0.185098,
        "nauc_ndcg_at_100_diff1": -0.009534,
        "nauc_ndcg_at_1000_max": 0.390006,
        "nauc_ndcg_at_1000_std": -0.185098,
        "nauc_ndcg_at_1000_diff1": -0.009534,
        "nauc_map_at_1_max": 0.31769,
        "nauc_map_at_1_std": -0.32874,
        "nauc_map_at_1_diff1": 0.111039,
        "nauc_map_at_3_max": 0.324758,
        "nauc_map_at_3_std": -0.277219,
        "nauc_map_at_3_diff1": 0.052776,
        "nauc_map_at_5_max": 0.348917,
        "nauc_map_at_5_std": -0.265428,
        "nauc_map_at_5_diff1": 0.041904,
        "nauc_map_at_10_max": 0.356508,
        "nauc_map_at_10_std": -0.24,
        "nauc_map_at_10_diff1": 0.02635,
        "nauc_map_at_20_max": 0.354857,
        "nauc_map_at_20_std": -0.242333,
        "nauc_map_at_20_diff1": 0.029943,
        "nauc_map_at_100_max": 0.354857,
        "nauc_map_at_100_std": -0.242333,
        "nauc_map_at_100_diff1": 0.029943,
        "nauc_map_at_1000_max": 0.354857,
        "nauc_map_at_1000_std": -0.242333,
        "nauc_map_at_1000_diff1": 0.029943,
        "nauc_recall_at_1_max": 0.31769,
        "nauc_recall_at_1_std": -0.32874,
        "nauc_recall_at_1_diff1": 0.111039,
        "nauc_recall_at_3_max": 0.336137,
        "nauc_recall_at_3_std": -0.215608,
        "nauc_recall_at_3_diff1": -0.017089,
        "nauc_recall_at_5_max": 0.465168,
        "nauc_recall_at_5_std": -0.150981,
        "nauc_recall_at_5_diff1": -0.077064,
        "nauc_recall_at_10_max": 0.557616,
        "nauc_recall_at_10_std": 0.076503,
        "nauc_recall_at_10_diff1": -0.221346,
        "nauc_recall_at_20_max": 0.525534,
        "nauc_recall_at_20_std": 0.032021,
        "nauc_recall_at_20_diff1": -0.146659,
        "nauc_recall_at_100_max": 0.525534,
        "nauc_recall_at_100_std": 0.032021,
        "nauc_recall_at_100_diff1": -0.146659,
        "nauc_recall_at_1000_max": 0.525534,
        "nauc_recall_at_1000_std": 0.032021,
        "nauc_recall_at_1000_diff1": -0.146659,
        "nauc_precision_at_1_max": 0.31769,
        "nauc_precision_at_1_std": -0.32874,
        "nauc_precision_at_1_diff1": 0.111039,
        "nauc_precision_at_3_max": 0.336137,
        "nauc_precision_at_3_std": -0.215608,
        "nauc_precision_at_3_diff1": -0.017089,
        "nauc_precision_at_5_max": 0.465168,
        "nauc_precision_at_5_std": -0.150981,
        "nauc_precision_at_5_diff1": -0.077064,
        "nauc_precision_at_10_max": 0.557616,
        "nauc_precision_at_10_std": 0.076503,
        "nauc_precision_at_10_diff1": -0.221346,
        "nauc_precision_at_20_max": 0.525534,
        "nauc_precision_at_20_std": 0.032021,
        "nauc_precision_at_20_diff1": -0.146659,
        "nauc_precision_at_100_max": 0.525534,
        "nauc_precision_at_100_std": 0.032021,
        "nauc_precision_at_100_diff1": -0.146659,
        "nauc_precision_at_1000_max": 0.525534,
        "nauc_precision_at_1000_std": 0.032021,
        "nauc_precision_at_1000_diff1": -0.146659,
        "nauc_mrr_at_1_max": 0.315796,
        "nauc_mrr_at_1_std": -0.274893,
        "nauc_mrr_at_1_diff1": 0.147482,
        "nauc_mrr_at_3_max": 0.32376,
        "nauc_mrr_at_3_std": -0.249428,
        "nauc_mrr_at_3_diff1": 0.071809,
        "nauc_mrr_at_5_max": 0.347854,
        "nauc_mrr_at_5_std": -0.237513,
        "nauc_mrr_at_5_diff1": 0.061068,
        "nauc_mrr_at_10_max": 0.355414,
        "nauc_mrr_at_10_std": -0.211824,
        "nauc_mrr_at_10_diff1": 0.045774,
        "nauc_mrr_at_20_max": 0.353766,
        "nauc_mrr_at_20_std": -0.214119,
        "nauc_mrr_at_20_diff1": 0.04938,
        "nauc_mrr_at_100_max": 0.353766,
        "nauc_mrr_at_100_std": -0.214119,
        "nauc_mrr_at_100_diff1": 0.04938,
        "nauc_mrr_at_1000_max": 0.353766,
        "nauc_mrr_at_1000_std": -0.214119,
        "nauc_mrr_at_1000_diff1": 0.04938,
        "main_score": 0.56782,
        "hf_subset": "korean",
        "languages": [
          "kor-Hang"
        ]
      }
    ]
  },
  "evaluation_time": 141.3457796573639,
  "kg_co2_emissions": null
}