{
  "dataset_revision": "c99d599f0a6ab9b85b065da6f9d94f9cf731679f",
  "task_name": "XPQARetrieval",
  "mteb_version": "1.38.57",
  "scores": {
    "test": [
      {
        "ndcg_at_1": 0.38226,
        "ndcg_at_3": 0.44774,
        "ndcg_at_5": 0.48227,
        "ndcg_at_10": 0.52769,
        "ndcg_at_20": 0.56964,
        "ndcg_at_100": 0.60305,
        "ndcg_at_1000": 0.60305,
        "map_at_1": 0.27852,
        "map_at_3": 0.41154,
        "map_at_5": 0.44189,
        "map_at_10": 0.46363,
        "map_at_20": 0.47715,
        "map_at_100": 0.48384,
        "map_at_1000": 0.48384,
        "recall_at_1": 0.27852,
        "recall_at_3": 0.48897,
        "recall_at_5": 0.56983,
        "recall_at_10": 0.69758,
        "recall_at_20": 0.84888,
        "recall_at_100": 1.0,
        "recall_at_1000": 1.0,
        "precision_at_1": 0.38226,
        "precision_at_3": 0.25535,
        "precision_at_5": 0.18471,
        "precision_at_10": 0.11208,
        "precision_at_20": 0.06735,
        "precision_at_100": 0.01564,
        "precision_at_1000": 0.00156,
        "mrr_at_1": 0.392966,
        "mrr_at_3": 0.45948,
        "mrr_at_5": 0.472783,
        "mrr_at_10": 0.488785,
        "mrr_at_20": 0.498167,
        "mrr_at_100": 0.502719,
        "mrr_at_1000": 0.502719,
        "nauc_ndcg_at_1_max": 0.292697,
        "nauc_ndcg_at_1_std": -0.343842,
        "nauc_ndcg_at_1_diff1": 0.442974,
        "nauc_ndcg_at_3_max": 0.224767,
        "nauc_ndcg_at_3_std": -0.392661,
        "nauc_ndcg_at_3_diff1": 0.390798,
        "nauc_ndcg_at_5_max": 0.198761,
        "nauc_ndcg_at_5_std": -0.422883,
        "nauc_ndcg_at_5_diff1": 0.378524,
        "nauc_ndcg_at_10_max": 0.16975,
        "nauc_ndcg_at_10_std": -0.447245,
        "nauc_ndcg_at_10_diff1": 0.383827,
        "nauc_ndcg_at_20_max": 0.170799,
        "nauc_ndcg_at_20_std": -0.430434,
        "nauc_ndcg_at_20_diff1": 0.389177,
        "nauc_ndcg_at_100_max": 0.215895,
        "nauc_ndcg_at_100_std": -0.393193,
        "nauc_ndcg_at_100_diff1": 0.385729,
        "nauc_ndcg_at_1000_max": 0.215895,
        "nauc_ndcg_at_1000_std": -0.393193,
        "nauc_ndcg_at_1000_diff1": 0.385729,
        "nauc_map_at_1_max": 0.210544,
        "nauc_map_at_1_std": -0.329959,
        "nauc_map_at_1_diff1": 0.519429,
        "nauc_map_at_3_max": 0.233452,
        "nauc_map_at_3_std": -0.375762,
        "nauc_map_at_3_diff1": 0.398551,
        "nauc_map_at_5_max": 0.221238,
        "nauc_map_at_5_std": -0.395199,
        "nauc_map_at_5_diff1": 0.386518,
        "nauc_map_at_10_max": 0.210877,
        "nauc_map_at_10_std": -0.406542,
        "nauc_map_at_10_diff1": 0.390884,
        "nauc_map_at_20_max": 0.211362,
        "nauc_map_at_20_std": -0.399556,
        "nauc_map_at_20_diff1": 0.391739,
        "nauc_map_at_100_max": 0.219787,
        "nauc_map_at_100_std": -0.391953,
        "nauc_map_at_100_diff1": 0.390498,
        "nauc_map_at_1000_max": 0.219787,
        "nauc_map_at_1000_std": -0.391953,
        "nauc_map_at_1000_diff1": 0.390498,
        "nauc_recall_at_1_max": 0.210544,
        "nauc_recall_at_1_std": -0.329959,
        "nauc_recall_at_1_diff1": 0.519429,
        "nauc_recall_at_3_max": 0.171974,
        "nauc_recall_at_3_std": -0.425685,
        "nauc_recall_at_3_diff1": 0.36341,
        "nauc_recall_at_5_max": 0.116362,
        "nauc_recall_at_5_std": -0.501929,
        "nauc_recall_at_5_diff1": 0.332813,
        "nauc_recall_at_10_max": -0.011429,
        "nauc_recall_at_10_std": -0.609275,
        "nauc_recall_at_10_diff1": 0.341249,
        "nauc_recall_at_20_max": -0.161186,
        "nauc_recall_at_20_std": -0.664932,
        "nauc_recall_at_20_diff1": 0.373094,
        "nauc_recall_at_100_max": NaN,
        "nauc_recall_at_100_std": NaN,
        "nauc_recall_at_100_diff1": NaN,
        "nauc_recall_at_1000_max": NaN,
        "nauc_recall_at_1000_std": NaN,
        "nauc_recall_at_1000_diff1": NaN,
        "nauc_precision_at_1_max": 0.292697,
        "nauc_precision_at_1_std": -0.343842,
        "nauc_precision_at_1_diff1": 0.442974,
        "nauc_precision_at_3_max": 0.203557,
        "nauc_precision_at_3_std": -0.259707,
        "nauc_precision_at_3_diff1": 0.101369,
        "nauc_precision_at_5_max": 0.135403,
        "nauc_precision_at_5_std": -0.253192,
        "nauc_precision_at_5_diff1": 0.051505,
        "nauc_precision_at_10_max": 0.068489,
        "nauc_precision_at_10_std": -0.237173,
        "nauc_precision_at_10_diff1": 0.010602,
        "nauc_precision_at_20_max": 0.06202,
        "nauc_precision_at_20_std": -0.086388,
        "nauc_precision_at_20_diff1": -0.077707,
        "nauc_precision_at_100_max": 0.160535,
        "nauc_precision_at_100_std": 0.141849,
        "nauc_precision_at_100_diff1": -0.220745,
        "nauc_precision_at_1000_max": 0.160535,
        "nauc_precision_at_1000_std": 0.141849,
        "nauc_precision_at_1000_diff1": -0.220745,
        "nauc_mrr_at_1_max": 0.301686,
        "nauc_mrr_at_1_std": -0.316846,
        "nauc_mrr_at_1_diff1": 0.411106,
        "nauc_mrr_at_3_max": 0.253339,
        "nauc_mrr_at_3_std": -0.362563,
        "nauc_mrr_at_3_diff1": 0.389974,
        "nauc_mrr_at_5_max": 0.240043,
        "nauc_mrr_at_5_std": -0.376087,
        "nauc_mrr_at_5_diff1": 0.386484,
        "nauc_mrr_at_10_max": 0.230446,
        "nauc_mrr_at_10_std": -0.381307,
        "nauc_mrr_at_10_diff1": 0.386558,
        "nauc_mrr_at_20_max": 0.233033,
        "nauc_mrr_at_20_std": -0.378201,
        "nauc_mrr_at_20_diff1": 0.389333,
        "nauc_mrr_at_100_max": 0.238634,
        "nauc_mrr_at_100_std": -0.373579,
        "nauc_mrr_at_100_diff1": 0.388893,
        "nauc_mrr_at_1000_max": 0.238634,
        "nauc_mrr_at_1000_std": -0.373579,
        "nauc_mrr_at_1000_diff1": 0.388893,
        "main_score": 0.52769,
        "hf_subset": "kor-kor",
        "languages": [
          "kor-Hang",
          "kor-Hang"
        ]
      },
      {
        "ndcg_at_1": 0.0581,
        "ndcg_at_3": 0.04365,
        "ndcg_at_5": 0.04321,
        "ndcg_at_10": 0.04608,
        "ndcg_at_20": 0.04708,
        "ndcg_at_100": 0.04708,
        "ndcg_at_1000": 0.04708,
        "map_at_1": 0.03025,
        "map_at_3": 0.03503,
        "map_at_5": 0.0357,
        "map_at_10": 0.03684,
        "map_at_20": 0.0371,
        "map_at_100": 0.0371,
        "map_at_1000": 0.0371,
        "recall_at_1": 0.03025,
        "recall_at_3": 0.03879,
        "recall_at_5": 0.04146,
        "recall_at_10": 0.04924,
        "recall_at_20": 0.05306,
        "recall_at_100": 0.05306,
        "recall_at_1000": 0.05306,
        "precision_at_1": 0.0581,
        "precision_at_3": 0.02446,
        "precision_at_5": 0.0159,
        "precision_at_10": 0.00917,
        "precision_at_20": 0.00482,
        "precision_at_100": 0.00096,
        "precision_at_1000": 0.0001,
        "mrr_at_1": 0.058104,
        "mrr_at_3": 0.063201,
        "mrr_at_5": 0.06473,
        "mrr_at_10": 0.06619,
        "mrr_at_20": 0.066496,
        "mrr_at_100": 0.066496,
        "mrr_at_1000": 0.066496,
        "nauc_ndcg_at_1_max": 0.510292,
        "nauc_ndcg_at_1_std": 0.437369,
        "nauc_ndcg_at_1_diff1": 0.555984,
        "nauc_ndcg_at_3_max": 0.459393,
        "nauc_ndcg_at_3_std": 0.398339,
        "nauc_ndcg_at_3_diff1": 0.459717,
        "nauc_ndcg_at_5_max": 0.45729,
        "nauc_ndcg_at_5_std": 0.396997,
        "nauc_ndcg_at_5_diff1": 0.460134,
        "nauc_ndcg_at_10_max": 0.478143,
        "nauc_ndcg_at_10_std": 0.423604,
        "nauc_ndcg_at_10_diff1": 0.470046,
        "nauc_ndcg_at_20_max": 0.467885,
        "nauc_ndcg_at_20_std": 0.415501,
        "nauc_ndcg_at_20_diff1": 0.461007,
        "nauc_ndcg_at_100_max": 0.467885,
        "nauc_ndcg_at_100_std": 0.415501,
        "nauc_ndcg_at_100_diff1": 0.461007,
        "nauc_ndcg_at_1000_max": 0.467885,
        "nauc_ndcg_at_1000_std": 0.415501,
        "nauc_ndcg_at_1000_diff1": 0.461007,
        "nauc_map_at_1_max": 0.510213,
        "nauc_map_at_1_std": 0.429321,