{
  "dataset_revision": "fd7df84ac089bbec763b1c6bb1b56e985df5cc5c",
  "task_name": "AutoRAGRetrieval",
  "mteb_version": "1.38.1",
  "scores": {
    "test": [
      {
        "ndcg_at_1": 0.89474,
        "ndcg_at_3": 0.95311,
        "ndcg_at_5": 0.95311,
        "ndcg_at_10": 0.95311,
        "ndcg_at_20": 0.95311,
        "ndcg_at_100": 0.95311,
        "ndcg_at_1000": 0.95311,
        "map_at_1": 0.89474,
        "map_at_3": 0.93713,
        "map_at_5": 0.93713,
        "map_at_10": 0.93713,
        "map_at_20": 0.93713,
        "map_at_100": 0.93713,
        "map_at_1000": 0.93713,
        "recall_at_1": 0.89474,
        "recall_at_3": 1.0,
        "recall_at_5": 1.0,
        "recall_at_10": 1.0,
        "recall_at_20": 1.0,
        "recall_at_100": 1.0,
        "recall_at_1000": 1.0,
        "precision_at_1": 0.89474,
        "precision_at_3": 0.33333,
        "precision_at_5": 0.2,
        "precision_at_10": 0.1,
        "precision_at_20": 0.05,
        "precision_at_100": 0.01,
        "precision_at_1000": 0.001,
        "mrr_at_1": 0.903509,
        "mrr_at_3": 0.944444,
        "mrr_at_5": 0.944444,
        "mrr_at_10": 0.944444,
        "mrr_at_20": 0.944444,
        "mrr_at_100": 0.944444,
        "mrr_at_1000": 0.944444,
        "nauc_ndcg_at_1_max": -0.177815,
        "nauc_ndcg_at_1_std": -0.476602,
        "nauc_ndcg_at_1_diff1": 0.803586,
        "nauc_ndcg_at_3_max": -0.181039,
        "nauc_ndcg_at_3_std": -0.530726,
        "nauc_ndcg_at_3_diff1": 0.794168,
        "nauc_ndcg_at_5_max": -0.181039,
        "nauc_ndcg_at_5_std": -0.530726,
        "nauc_ndcg_at_5_diff1": 0.794168,
        "nauc_ndcg_at_10_max": -0.181039,
        "nauc_ndcg_at_10_std": -0.530726,
        "nauc_ndcg_at_10_diff1": 0.794168,
        "nauc_ndcg_at_20_max": -0.181039,
        "nauc_ndcg_at_20_std": -0.530726,
        "nauc_ndcg_at_20_diff1": 0.794168,
        "nauc_ndcg_at_100_max": -0.181039,
        "nauc_ndcg_at_100_std": -0.530726,
        "nauc_ndcg_at_100_diff1": 0.794168,
        "nauc_ndcg_at_1000_max": -0.181039,
        "nauc_ndcg_at_1000_std": -0.530726,
        "nauc_ndcg_at_1000_diff1": 0.794168,
        "nauc_map_at_1_max": -0.177815,
        "nauc_map_at_1_std": -0.476602,
        "nauc_map_at_1_diff1": 0.803586,
        "nauc_map_at_3_max": -0.180877,
        "nauc_map_at_3_std": -0.527995,
        "nauc_map_at_3_diff1": 0.794643,
        "nauc_map_at_5_max": -0.180877,
        "nauc_map_at_5_std": -0.527995,
        "nauc_map_at_5_diff1": 0.794643,
        "nauc_map_at_10_max": -0.180877,
        "nauc_map_at_10_std": -0.527995,
        "nauc_map_at_10_diff1": 0.794643,
        "nauc_map_at_20_max": -0.180877,
        "nauc_map_at_20_std": -0.527995,
        "nauc_map_at_20_diff1": 0.794643,
        "nauc_map_at_100_max": -0.180877,
        "nauc_map_at_100_std": -0.527995,
        "nauc_map_at_100_diff1": 0.794643,
        "nauc_map_at_1000_max": -0.180877,
        "nauc_map_at_1000_std": -0.527995,
        "nauc_map_at_1000_diff1": 0.794643,
        "nauc_recall_at_1_max": -0.177815,
        "nauc_recall_at_1_std": -0.476602,
        "nauc_recall_at_1_diff1": 0.803586,
        "nauc_recall_at_3_max": NaN,
        "nauc_recall_at_3_std": NaN,
        "nauc_recall_at_3_diff1": NaN,
        "nauc_recall_at_5_max": NaN,
        "nauc_recall_at_5_std": NaN,
        "nauc_recall_at_5_diff1": NaN,
        "nauc_recall_at_10_max": NaN,
        "nauc_recall_at_10_std": NaN,
        "nauc_recall_at_10_diff1": NaN,
        "nauc_recall_at_20_max": NaN,
        "nauc_recall_at_20_std": NaN,
        "nauc_recall_at_20_diff1": NaN,
        "nauc_recall_at_100_max": NaN,
        "nauc_recall_at_100_std": NaN,
        "nauc_recall_at_100_diff1": NaN,
        "nauc_recall_at_1000_max": NaN,
        "nauc_recall_at_1000_std": NaN,
        "nauc_recall_at_1000_diff1": NaN,
        "nauc_precision_at_1_max": -0.177815,
        "nauc_precision_at_1_std": -0.476602,
        "nauc_precision_at_1_diff1": 0.803586,
        "nauc_precision_at_3_max": 1.0,
        "nauc_precision_at_3_std": 1.0,
        "nauc_precision_at_3_diff1": 1.0,
        "nauc_precision_at_5_max": 1.0,
        "nauc_precision_at_5_std": 1.0,
        "nauc_precision_at_5_diff1": 1.0,
        "nauc_precision_at_10_max": 1.0,
        "nauc_precision_at_10_std": 1.0,
        "nauc_precision_at_10_diff1": 1.0,
        "nauc_precision_at_20_max": 1.0,
        "nauc_precision_at_20_std": 1.0,
        "nauc_precision_at_20_diff1": 1.0,
        "nauc_precision_at_100_max": 1.0,
        "nauc_precision_at_100_std": 1.0,
        "nauc_precision_at_100_diff1": 1.0,
        "nauc_precision_at_1000_max": 1.0,
        "nauc_precision_at_1000_std": 1.0,
        "nauc_precision_at_1000_diff1": 1.0,
        "nauc_mrr_at_1_max": -0.270947,
        "nauc_mrr_at_1_std": -0.5254,
        "nauc_mrr_at_1_diff1": 0.776218,
        "nauc_mrr_at_3_max": -0.271247,
        "nauc_mrr_at_3_std": -0.558682,
        "nauc_mrr_at_3_diff1": 0.774597,
        "nauc_mrr_at_5_max": -0.271247,
        "nauc_mrr_at_5_std": -0.558682,
        "nauc_mrr_at_5_diff1": 0.774597,
        "nauc_mrr_at_10_max": -0.271247,
        "nauc_mrr_at_10_std": -0.558682,
        "nauc_mrr_at_10_diff1": 0.774597,
        "nauc_mrr_at_20_max": -0.271247,
        "nauc_mrr_at_20_std": -0.558682,
        "nauc_mrr_at_20_diff1": 0.774597,
        "nauc_mrr_at_100_max": -0.271247,
        "nauc_mrr_at_100_std": -0.558682,
        "nauc_mrr_at_100_diff1": 0.774597,
        "nauc_mrr_at_1000_max": -0.271247,
        "nauc_mrr_at_1000_std": -0.558682,
        "nauc_mrr_at_1000_diff1": 0.774597,
        "main_score": 0.95311,
        "hf_subset": "default",
        "languages": [
          "kor-Hang"
        ]
      }
    ]
  },
  "evaluation_time": 416.9956600666046,
  "kg_co2_emissions": null
}