{
  "dataset_revision": "75b399394a9803252cfec289d103de462763db7c",
  "task_name": "BelebeleRetrieval",
  "mteb_version": "1.38.1",
  "scores": {
    "test": [
      {
        "ndcg_at_1": 0.93222,
        "ndcg_at_3": 0.957,
        "ndcg_at_5": 0.96106,
        "ndcg_at_10": 0.96401,
        "ndcg_at_20": 0.96513,
        "ndcg_at_100": 0.96584,
        "ndcg_at_1000": 0.96584,
        "map_at_1": 0.93222,
        "map_at_3": 0.9513,
        "map_at_5": 0.95352,
        "map_at_10": 0.95478,
        "map_at_20": 0.95509,
        "map_at_100": 0.95522,
        "map_at_1000": 0.95522,
        "recall_at_1": 0.93222,
        "recall_at_3": 0.97333,
        "recall_at_5": 0.98333,
        "recall_at_10": 0.99222,
        "recall_at_20": 0.99667,
        "recall_at_100": 1.0,
        "recall_at_1000": 1.0,
        "precision_at_1": 0.93222,
        "precision_at_3": 0.32444,
        "precision_at_5": 0.19667,
        "precision_at_10": 0.09922,
        "precision_at_20": 0.04983,
        "precision_at_100": 0.01,
        "precision_at_1000": 0.001,
        "mrr_at_1": 0.933333,
        "mrr_at_3": 0.951852,
        "mrr_at_5": 0.954074,
        "mrr_at_10": 0.955359,
        "mrr_at_20": 0.955673,
        "mrr_at_100": 0.955808,
        "mrr_at_1000": 0.955808,
        "nauc_ndcg_at_1_max": 0.77976,
        "nauc_ndcg_at_1_std": 0.222215,
        "nauc_ndcg_at_1_diff1": 0.9426,
        "nauc_ndcg_at_3_max": 0.845039,
        "nauc_ndcg_at_3_std": 0.366113,
        "nauc_ndcg_at_3_diff1": 0.94415,
        "nauc_ndcg_at_5_max": 0.834985,
        "nauc_ndcg_at_5_std": 0.342471,
        "nauc_ndcg_at_5_diff1": 0.942978,
        "nauc_ndcg_at_10_max": 0.827308,
        "nauc_ndcg_at_10_std": 0.318906,
        "nauc_ndcg_at_10_diff1": 0.941091,
        "nauc_ndcg_at_20_max": 0.823993,
        "nauc_ndcg_at_20_std": 0.318905,
        "nauc_ndcg_at_20_diff1": 0.942427,
        "nauc_ndcg_at_100_max": 0.820343,
        "nauc_ndcg_at_100_std": 0.304779,
        "nauc_ndcg_at_100_diff1": 0.943231,
        "nauc_ndcg_at_1000_max": 0.820343,
        "nauc_ndcg_at_1000_std": 0.304779,
        "nauc_ndcg_at_1000_diff1": 0.943231,
        "nauc_map_at_1_max": 0.77976,
        "nauc_map_at_1_std": 0.222215,
        "nauc_map_at_1_diff1": 0.9426,
        "nauc_map_at_3_max": 0.825842,
        "nauc_map_at_3_std": 0.318802,
        "nauc_map_at_3_diff1": 0.943969,
        "nauc_map_at_5_max": 0.82025,
        "nauc_map_at_5_std": 0.305302,
        "nauc_map_at_5_diff1": 0.943477,
        "nauc_map_at_10_max": 0.817378,
        "nauc_map_at_10_std": 0.296483,
        "nauc_map_at_10_diff1": 0.942898,
        "nauc_map_at_20_max": 0.816661,
        "nauc_map_at_20_std": 0.296726,
        "nauc_map_at_20_diff1": 0.943226,
        "nauc_map_at_100_max": 0.816115,
        "nauc_map_at_100_std": 0.294633,
        "nauc_map_at_100_diff1": 0.943371,
        "nauc_map_at_1000_max": 0.816115,
        "nauc_map_at_1000_std": 0.294633,
        "nauc_map_at_1000_diff1": 0.943371,
        "nauc_recall_at_1_max": 0.77976,
        "nauc_recall_at_1_std": 0.222215,
        "nauc_recall_at_1_diff1": 0.9426,
        "nauc_recall_at_3_max": 0.944172,
        "nauc_recall_at_3_std": 0.614729,
        "nauc_recall_at_3_diff1": 0.944853,
        "nauc_recall_at_5_max": 0.946623,
        "nauc_recall_at_5_std": 0.632649,
        "nauc_recall_at_5_diff1": 0.937908,
        "nauc_recall_at_10_max": 0.962652,
        "nauc_recall_at_10_std": 0.628918,
        "nauc_recall_at_10_diff1": 0.904295,
        "nauc_recall_at_20_max": 1.0,
        "nauc_recall_at_20_std": 1.0,
        "nauc_recall_at_20_diff1": 0.907407,
        "nauc_recall_at_100_max": NaN,
        "nauc_recall_at_100_std": NaN,
        "nauc_recall_at_100_diff1": NaN,
        "nauc_recall_at_1000_max": NaN,
        "nauc_recall_at_1000_std": NaN,
        "nauc_recall_at_1000_diff1": NaN,
        "nauc_precision_at_1_max": 0.77976,
        "nauc_precision_at_1_std": 0.222215,
        "nauc_precision_at_1_diff1": 0.9426,
        "nauc_precision_at_3_max": 0.944172,
        "nauc_precision_at_3_std": 0.614729,
        "nauc_precision_at_3_diff1": 0.944853,
        "nauc_precision_at_5_max": 0.946623,
        "nauc_precision_at_5_std": 0.632649,
        "nauc_precision_at_5_diff1": 0.937908,
        "nauc_precision_at_10_max": 0.962652,
        "nauc_precision_at_10_std": 0.628918,
        "nauc_precision_at_10_diff1": 0.904295,
        "nauc_precision_at_20_max": 1.0,
        "nauc_precision_at_20_std": 1.0,
        "nauc_precision_at_20_diff1": 0.907407,
        "nauc_precision_at_100_max": 1.0,
        "nauc_precision_at_100_std": 1.0,
        "nauc_precision_at_100_diff1": 1.0,
        "nauc_precision_at_1000_max": NaN,
        "nauc_precision_at_1000_std": NaN,
        "nauc_precision_at_1000_diff1": NaN,
        "nauc_mrr_at_1_max": 0.776089,
        "nauc_mrr_at_1_std": 0.209251,
        "nauc_mrr_at_1_diff1": 0.941643,
        "nauc_mrr_at_3_max": 0.823833,
        "nauc_mrr_at_3_std": 0.310942,
        "nauc_mrr_at_3_diff1": 0.943322,
        "nauc_mrr_at_5_max": 0.818076,
        "nauc_mrr_at_5_std": 0.296899,
        "nauc_mrr_at_5_diff1": 0.942794,
        "nauc_mrr_at_10_max": 0.815075,
        "nauc_mrr_at_10_std": 0.287388,
        "nauc_mrr_at_10_diff1": 0.942231,
        "nauc_mrr_at_20_max": 0.814317,
        "nauc_mrr_at_20_std": 0.287512,
        "nauc_mrr_at_20_diff1": 0.942554,
        "nauc_mrr_at_100_max": 0.813751,
        "nauc_mrr_at_100_std": 0.285341,
        "nauc_mrr_at_100_diff1": 0.942697,
        "nauc_mrr_at_1000_max": 0.813751,
        "nauc_mrr_at_1000_std": 0.285341,
        "nauc_mrr_at_1000_diff1": 0.942697,
        "main_score": 0.96401,
        "hf_subset": "kor_Hang-kor_Hang",
        "languages": [
          "kor-Hang",
          "kor-Hang"
        ]
      },
      {
        "ndcg_at_1": 0.10222,
        "ndcg_at_3": 0.10278,
        "ndcg_at_5": 0.10278,
        "ndcg_at_10": 0.10278,
        "ndcg_at_20": 0.10278,
        "ndcg_at_100": 0.10278,
        "ndcg_at_1000": 0.10278,
        "map_at_1": 0.10222,
        "map_at_3": 0.10259,
        "map_at_5": 0.10259,
        "map_at_10": 0.10259,
        "map_at_20": 0.10259,
        "map_at_100": 0.10259,
        "map_at_1000": 0.10259,
        "recall_at_1": 0.10222,
        "recall_at_3": 0.10333,
        "recall_at_5": 0.10333,
        "recall_at_10": 0.10333,
        "recall_at_20": 0.10333,
        "recall_at_100": 0.10333,
        "recall_at_1000": 0.10333,
        "precision_at_1": 0.10222,
        "precision_at_3": 0.03444,
        "precision_at_5": 0.02067,
        "precision_at_10": 0.01033,
        "precision_at_20": 0.00517,
        "precision_at_100": 0.00103,
        "precision_at_1000": 0.0001,
        "mrr_at_1": 0.102222,
        "mrr_at_3": 0.102593,
        "mrr_at_5": 0.102593,
        "mrr_at_10": 0.102593,
        "mrr_at_20": 0.102593,
        "mrr_at_100": 0.102593,
        "mrr_at_1000": 0.102593,
        "nauc_ndcg_at_1_max": 0.900048,
        "nauc_ndcg_at_1_std": 0.734164,
        "nauc_ndcg_at_1_diff1": 0.837406,
        "nauc_ndcg_at_3_max": 0.900409,
        "nauc_ndcg_at_3_std": 0.736968,
        "nauc_ndcg_at_3_diff1": 0.832118,
        "nauc_ndcg_at_5_max": 0.900409,
        "nauc_ndcg_at_5_std": 0.736968,
        "nauc_ndcg_at_5_diff1": 0.832118,
        "nauc_ndcg_at_10_max": 0.900409,
        "nauc_ndcg_at_10_std": 0.736968,
        "nauc_ndcg_at_10_diff1": 0.832118,
        "nauc_ndcg_at_20_max": 0.900409,
        "nauc_ndcg_at_20_std": 0.736968,
        "nauc_ndcg_at_20_diff1": 0.832118,
        "nauc_ndcg_at_100_max": 0.900409,
        "nauc_ndcg_at_100_std": 0.736968,
        "nauc_ndcg_at_100_diff1": 0.832118,
        "nauc_ndcg_at_1000_max": 0.900409,
        "nauc_ndcg_at_1000_std": 0.736968,
        "nauc_ndcg_at_1000_diff1": 0.832118,
        "nauc_map_at_1_max": 0.900048,
        "nauc_map_at_1_std": 0.734164,
        "nauc_map_at_1_diff1": 0.837406,
        "nauc_map_at_3_max": 0.900289,