{
  "dataset_revision": "d243889a3eb6654029dbd7e7f9319ae31d58f97c",
  "task_name": "Ko-StrategyQA",
  "mteb_version": "1.38.1",
  "scores": {
    "dev": [
      {
        "ndcg_at_1": 0.79899,
        "ndcg_at_3": 0.80137,
        "ndcg_at_5": 0.83168,
        "ndcg_at_10": 0.85628,
        "ndcg_at_20": 0.87032,
        "ndcg_at_100": 0.8771,
        "ndcg_at_1000": 0.8771,
        "map_at_1": 0.51696,
        "map_at_3": 0.76077,
        "map_at_5": 0.79199,
        "map_at_10": 0.80841,
        "map_at_20": 0.81422,
        "map_at_100": 0.81631,
        "map_at_1000": 0.81631,
        "recall_at_1": 0.51696,
        "recall_at_3": 0.81182,
        "recall_at_5": 0.87384,
        "recall_at_10": 0.93271,
        "recall_at_20": 0.97537,
        "recall_at_100": 1.0,
        "recall_at_1000": 1.0,
        "precision_at_1": 0.79899,
        "precision_at_3": 0.48592,
        "precision_at_5": 0.32331,
        "precision_at_10": 0.17618,
        "precision_at_20": 0.09333,
        "precision_at_100": 0.01934,
        "precision_at_1000": 0.00193,
        "mrr_at_1": 0.798986,
        "mrr_at_3": 0.851914,
        "mrr_at_5": 0.857742,
        "mrr_at_10": 0.86182,
        "mrr_at_20": 0.863599,
        "mrr_at_100": 0.86379,
        "mrr_at_1000": 0.86379,
        "nauc_ndcg_at_1_max": 0.685736,
        "nauc_ndcg_at_1_std": 0.242041,
        "nauc_ndcg_at_1_diff1": 0.619374,
        "nauc_ndcg_at_3_max": 0.618104,
        "nauc_ndcg_at_3_std": 0.216397,
        "nauc_ndcg_at_3_diff1": 0.520327,
        "nauc_ndcg_at_5_max": 0.661607,
        "nauc_ndcg_at_5_std": 0.287015,
        "nauc_ndcg_at_5_diff1": 0.525509,
        "nauc_ndcg_at_10_max": 0.700884,
        "nauc_ndcg_at_10_std": 0.350348,
        "nauc_ndcg_at_10_diff1": 0.552059,
        "nauc_ndcg_at_20_max": 0.675927,
        "nauc_ndcg_at_20_std": 0.319375,
        "nauc_ndcg_at_20_diff1": 0.548403,
        "nauc_ndcg_at_100_max": 0.659881,
        "nauc_ndcg_at_100_std": 0.2846,
        "nauc_ndcg_at_100_diff1": 0.546816,
        "nauc_ndcg_at_1000_max": 0.659881,
        "nauc_ndcg_at_1000_std": 0.2846,
        "nauc_ndcg_at_1000_diff1": 0.546816,
        "nauc_map_at_1_max": 0.376907,
        "nauc_map_at_1_std": -0.056361,
        "nauc_map_at_1_diff1": 0.638268,
        "nauc_map_at_3_max": 0.573304,
        "nauc_map_at_3_std": 0.149253,
        "nauc_map_at_3_diff1": 0.508589,
        "nauc_map_at_5_max": 0.616814,
        "nauc_map_at_5_std": 0.217387,
        "nauc_map_at_5_diff1": 0.516375,
        "nauc_map_at_10_max": 0.638288,
        "nauc_map_at_10_std": 0.260685,
        "nauc_map_at_10_diff1": 0.527857,
        "nauc_map_at_20_max": 0.628604,
        "nauc_map_at_20_std": 0.249973,
        "nauc_map_at_20_diff1": 0.526351,
        "nauc_map_at_100_max": 0.624855,
        "nauc_map_at_100_std": 0.242226,
        "nauc_map_at_100_diff1": 0.525862,
        "nauc_map_at_1000_max": 0.624855,
        "nauc_map_at_1000_std": 0.242226,
        "nauc_map_at_1000_diff1": 0.525862,
        "nauc_recall_at_1_max": 0.376907,
        "nauc_recall_at_1_std": -0.056361,
        "nauc_recall_at_1_diff1": 0.638268,
        "nauc_recall_at_3_max": 0.582139,
        "nauc_recall_at_3_std": 0.189541,
        "nauc_recall_at_3_diff1": 0.468775,
        "nauc_recall_at_5_max": 0.686311,
        "nauc_recall_at_5_std": 0.364889,
        "nauc_recall_at_5_diff1": 0.478119,
        "nauc_recall_at_10_max": 0.897949,
        "nauc_recall_at_10_std": 0.701008,
        "nauc_recall_at_10_diff1": 0.575923,
        "nauc_recall_at_20_max": 0.934341,
        "nauc_recall_at_20_std": 0.893791,
        "nauc_recall_at_20_diff1": 0.564392,
        "nauc_recall_at_100_max": NaN,
        "nauc_recall_at_100_std": NaN,
        "nauc_recall_at_100_diff1": NaN,
        "nauc_recall_at_1000_max": NaN,
        "nauc_recall_at_1000_std": NaN,
        "nauc_recall_at_1000_diff1": NaN,
        "nauc_precision_at_1_max": 0.685736,
        "nauc_precision_at_1_std": 0.242041,
        "nauc_precision_at_1_diff1": 0.619374,
        "nauc_precision_at_3_max": 0.193647,
        "nauc_precision_at_3_std": 0.309995,
        "nauc_precision_at_3_diff1": -0.171103,
        "nauc_precision_at_5_max": 0.117452,
        "nauc_precision_at_5_std": 0.341196,
        "nauc_precision_at_5_diff1": -0.25149,
        "nauc_precision_at_10_max": 0.027814,
        "nauc_precision_at_10_std": 0.359403,
        "nauc_precision_at_10_diff1": -0.314652,
        "nauc_precision_at_20_max": -0.110241,
        "nauc_precision_at_20_std": 0.267191,
        "nauc_precision_at_20_diff1": -0.396435,
        "nauc_precision_at_100_max": -0.198159,
        "nauc_precision_at_100_std": 0.174166,
        "nauc_precision_at_100_diff1": -0.441002,
        "nauc_precision_at_1000_max": -0.198159,
        "nauc_precision_at_1000_std": 0.174166,
        "nauc_precision_at_1000_diff1": -0.441002,
        "nauc_mrr_at_1_max": 0.685736,
        "nauc_mrr_at_1_std": 0.242041,
        "nauc_mrr_at_1_diff1": 0.619374,
        "nauc_mrr_at_3_max": 0.736786,
        "nauc_mrr_at_3_std": 0.3518,
        "nauc_mrr_at_3_diff1": 0.60432,
        "nauc_mrr_at_5_max": 0.733104,
        "nauc_mrr_at_5_std": 0.345122,
        "nauc_mrr_at_5_diff1": 0.598639,
        "nauc_mrr_at_10_max": 0.730038,
        "nauc_mrr_at_10_std": 0.336958,
        "nauc_mrr_at_10_diff1": 0.60426,
        "nauc_mrr_at_20_max": 0.728492,
        "nauc_mrr_at_20_std": 0.332201,
        "nauc_mrr_at_20_diff1": 0.60482,
        "nauc_mrr_at_100_max": 0.728089,
        "nauc_mrr_at_100_std": 0.33121,
        "nauc_mrr_at_100_diff1": 0.605174,
        "nauc_mrr_at_1000_max": 0.728089,
        "nauc_mrr_at_1000_std": 0.33121,
        "nauc_mrr_at_1000_diff1": 0.605174,
        "main_score": 0.85628,
        "hf_subset": "default",
        "languages": [
          "kor-Hang"
        ]
      }
    ]
  },
  "evaluation_time": 1006.3996729850769,
  "kg_co2_emissions": null
}