{
  "dataset_revision": "main",
  "task_name": "MIRACLRetrieval",
  "mteb_version": "1.38.1",
  "scores": {
    "dev": [
      {
        "ndcg_at_1": 0.79812,
        "ndcg_at_3": 0.82173,
        "ndcg_at_5": 0.83638,
        "ndcg_at_10": 0.86551,
        "ndcg_at_20": 0.87965,
        "ndcg_at_100": 0.88335,
        "ndcg_at_1000": 0.88335,
        "map_at_1": 0.4941,
        "map_at_3": 0.69305,
        "map_at_5": 0.75522,
        "map_at_10": 0.80129,
        "map_at_20": 0.81461,
        "map_at_100": 0.81608,
        "map_at_1000": 0.81608,
        "recall_at_1": 0.4941,
        "recall_at_3": 0.76655,
        "recall_at_5": 0.86535,
        "recall_at_10": 0.95419,
        "recall_at_20": 0.98693,
        "recall_at_100": 1.0,
        "recall_at_1000": 1.0,
        "precision_at_1": 0.79812,
        "precision_at_3": 0.51487,
        "precision_at_5": 0.38498,
        "precision_at_10": 0.23474,
        "precision_at_20": 0.12653,
        "precision_at_100": 0.02568,
        "precision_at_1000": 0.00257,
        "mrr_at_1": 0.812207,
        "mrr_at_3": 0.878717,
        "mrr_at_5": 0.882942,
        "mrr_at_10": 0.884917,
        "mrr_at_20": 0.884917,
        "mrr_at_100": 0.885068,
        "mrr_at_1000": 0.885068,
        "nauc_ndcg_at_1_max": 0.516845,
        "nauc_ndcg_at_1_std": 0.075271,
        "nauc_ndcg_at_1_diff1": 0.383526,
        "nauc_ndcg_at_3_max": 0.333214,
        "nauc_ndcg_at_3_std": -0.054097,
        "nauc_ndcg_at_3_diff1": 0.372748,
        "nauc_ndcg_at_5_max": 0.279236,
        "nauc_ndcg_at_5_std": -0.067492,
        "nauc_ndcg_at_5_diff1": 0.368492,
        "nauc_ndcg_at_10_max": 0.299053,
        "nauc_ndcg_at_10_std": -0.058948,
        "nauc_ndcg_at_10_diff1": 0.374712,
        "nauc_ndcg_at_20_max": 0.398875,
        "nauc_ndcg_at_20_std": 0.039795,
        "nauc_ndcg_at_20_diff1": 0.370484,
        "nauc_ndcg_at_100_max": 0.402789,
        "nauc_ndcg_at_100_std": 0.030359,
        "nauc_ndcg_at_100_diff1": 0.367879,
        "nauc_ndcg_at_1000_max": 0.402789,
        "nauc_ndcg_at_1000_std": 0.030359,
        "nauc_ndcg_at_1000_diff1": 0.367879,
        "nauc_map_at_1_max": 0.06395,
        "nauc_map_at_1_std": -0.325938,
        "nauc_map_at_1_diff1": 0.520251,
        "nauc_map_at_3_max": 0.052735,
        "nauc_map_at_3_std": -0.38867,
        "nauc_map_at_3_diff1": 0.442035,
        "nauc_map_at_5_max": 0.10913,
        "nauc_map_at_5_std": -0.294831,
        "nauc_map_at_5_diff1": 0.407936,
        "nauc_map_at_10_max": 0.229475,
        "nauc_map_at_10_std": -0.130022,
        "nauc_map_at_10_diff1": 0.391756,
        "nauc_map_at_20_max": 0.301967,
        "nauc_map_at_20_std": -0.047046,
        "nauc_map_at_20_diff1": 0.374366,
        "nauc_map_at_100_max": 0.304274,
        "nauc_map_at_100_std": -0.049963,
        "nauc_map_at_100_diff1": 0.373749,
        "nauc_map_at_1000_max": 0.304274,
        "nauc_map_at_1000_std": -0.049963,
        "nauc_map_at_1000_diff1": 0.373749,
        "nauc_recall_at_1_max": 0.06395,
        "nauc_recall_at_1_std": -0.325938,
        "nauc_recall_at_1_diff1": 0.520251,
        "nauc_recall_at_3_max": -0.112758,
        "nauc_recall_at_3_std": -0.557135,
        "nauc_recall_at_3_diff1": 0.430652,
        "nauc_recall_at_5_max": -0.146417,
        "nauc_recall_at_5_std": -0.523454,
        "nauc_recall_at_5_diff1": 0.363996,
        "nauc_recall_at_10_max": -0.188076,
        "nauc_recall_at_10_std": -0.401233,
        "nauc_recall_at_10_diff1": 0.279947,
        "nauc_recall_at_20_max": 0.391268,
        "nauc_recall_at_20_std": 0.322863,
        "nauc_recall_at_20_diff1": 0.406948,
        "nauc_recall_at_100_max": NaN,
        "nauc_recall_at_100_std": NaN,
        "nauc_recall_at_100_diff1": NaN,
        "nauc_recall_at_1000_max": NaN,
        "nauc_recall_at_1000_std": NaN,
        "nauc_recall_at_1000_diff1": NaN,
        "nauc_precision_at_1_max": 0.516845,
        "nauc_precision_at_1_std": 0.075271,
        "nauc_precision_at_1_diff1": 0.383526,
        "nauc_precision_at_3_max": 0.258222,
        "nauc_precision_at_3_std": 0.390928,
        "nauc_precision_at_3_diff1": -0.300799,
        "nauc_precision_at_5_max": 0.260248,
        "nauc_precision_at_5_std": 0.493953,
        "nauc_precision_at_5_diff1": -0.322712,
        "nauc_precision_at_10_max": 0.307019,
        "nauc_precision_at_10_std": 0.599719,
        "nauc_precision_at_10_diff1": -0.325123,
        "nauc_precision_at_20_max": 0.347403,
        "nauc_precision_at_20_std": 0.636169,
        "nauc_precision_at_20_diff1": -0.334906,
        "nauc_precision_at_100_max": 0.343068,
        "nauc_precision_at_100_std": 0.622868,
        "nauc_precision_at_100_diff1": -0.340086,
        "nauc_precision_at_1000_max": 0.343068,
        "nauc_precision_at_1000_std": 0.622868,
        "nauc_precision_at_1000_diff1": -0.340086,
        "nauc_mrr_at_1_max": 0.508059,
        "nauc_mrr_at_1_std": 0.088928,
        "nauc_mrr_at_1_diff1": 0.330233,
        "nauc_mrr_at_3_max": 0.538656,
        "nauc_mrr_at_3_std": 0.117919,
        "nauc_mrr_at_3_diff1": 0.348167,
        "nauc_mrr_at_5_max": 0.535067,
        "nauc_mrr_at_5_std": 0.121125,
        "nauc_mrr_at_5_diff1": 0.343473,
        "nauc_mrr_at_10_max": 0.527599,
        "nauc_mrr_at_10_std": 0.114417,
        "nauc_mrr_at_10_diff1": 0.339135,
        "nauc_mrr_at_20_max": 0.527599,
        "nauc_mrr_at_20_std": 0.114417,
        "nauc_mrr_at_20_diff1": 0.339135,
        "nauc_mrr_at_100_max": 0.527124,
        "nauc_mrr_at_100_std": 0.113807,
        "nauc_mrr_at_100_diff1": 0.339109,
        "nauc_mrr_at_1000_max": 0.527124,
        "nauc_mrr_at_1000_std": 0.113807,
        "nauc_mrr_at_1000_diff1": 0.339109,
        "main_score": 0.86551,
        "hf_subset": "ko",
        "languages": [
          "kor-Kore"
        ]
      }
    ]
  },
  "evaluation_time": 239.8530397415161,
  "kg_co2_emissions": null
}