{
  "dataset_revision": "fc24a3ce8f09746410daee3d5cd823ff7a0675b7",
  "task_name": "MrTidyRetrieval",
  "mteb_version": "1.38.1",
  "scores": {
    "test": [
      {
        "ndcg_at_1": 0.77435,
        "ndcg_at_3": 0.84379,
        "ndcg_at_5": 0.86125,
        "ndcg_at_10": 0.87845,
        "ndcg_at_20": 0.88163,
        "ndcg_at_100": 0.88321,
        "ndcg_at_1000": 0.88321,
        "map_at_1": 0.71457,
        "map_at_3": 0.81783,
        "map_at_5": 0.82968,
        "map_at_10": 0.83902,
        "map_at_20": 0.84015,
        "map_at_100": 0.84047,
        "map_at_1000": 0.84047,
        "recall_at_1": 0.71457,
        "recall_at_3": 0.89549,
        "recall_at_5": 0.93428,
        "recall_at_10": 0.98139,
        "recall_at_20": 0.99287,
        "recall_at_100": 1.0,
        "recall_at_1000": 1.0,
        "precision_at_1": 0.77435,
        "precision_at_3": 0.34283,
        "precision_at_5": 0.21663,
        "precision_at_10": 0.11473,
        "precision_at_20": 0.05808,
        "precision_at_100": 0.01169,
        "precision_at_1000": 0.00117,
        "mrr_at_1": 0.776722,
        "mrr_at_3": 0.842439,
        "mrr_at_5": 0.849327,
        "mrr_at_10": 0.854016,
        "mrr_at_20": 0.854728,
        "mrr_at_100": 0.855053,
        "mrr_at_1000": 0.855053,
        "nauc_ndcg_at_1_max": 0.373908,
        "nauc_ndcg_at_1_std": -0.249884,
        "nauc_ndcg_at_1_diff1": 0.638969,
        "nauc_ndcg_at_3_max": 0.359804,
        "nauc_ndcg_at_3_std": -0.274189,
        "nauc_ndcg_at_3_diff1": 0.616744,
        "nauc_ndcg_at_5_max": 0.373431,
        "nauc_ndcg_at_5_std": -0.246562,
        "nauc_ndcg_at_5_diff1": 0.615781,
        "nauc_ndcg_at_10_max": 0.332752,
        "nauc_ndcg_at_10_std": -0.2824,
        "nauc_ndcg_at_10_diff1": 0.621329,
        "nauc_ndcg_at_20_max": 0.359053,
        "nauc_ndcg_at_20_std": -0.260288,
        "nauc_ndcg_at_20_diff1": 0.625324,
        "nauc_ndcg_at_100_max": 0.362626,
        "nauc_ndcg_at_100_std": -0.260201,
        "nauc_ndcg_at_100_diff1": 0.62576,
        "nauc_ndcg_at_1000_max": 0.362626,
        "nauc_ndcg_at_1000_std": -0.260201,
        "nauc_ndcg_at_1000_diff1": 0.62576,
        "nauc_map_at_1_max": 0.350721,
        "nauc_map_at_1_std": -0.261674,
        "nauc_map_at_1_diff1": 0.659461,
        "nauc_map_at_3_max": 0.364453,
        "nauc_map_at_3_std": -0.282508,
        "nauc_map_at_3_diff1": 0.638106,
        "nauc_map_at_5_max": 0.374323,
        "nauc_map_at_5_std": -0.263223,
        "nauc_map_at_5_diff1": 0.635906,
        "nauc_map_at_10_max": 0.35752,
        "nauc_map_at_10_std": -0.276561,
        "nauc_map_at_10_diff1": 0.63637,
        "nauc_map_at_20_max": 0.364163,
        "nauc_map_at_20_std": -0.270176,
        "nauc_map_at_20_diff1": 0.63724,
        "nauc_map_at_100_max": 0.364721,
        "nauc_map_at_100_std": -0.270238,
        "nauc_map_at_100_diff1": 0.637325,
        "nauc_map_at_1000_max": 0.364721,
        "nauc_map_at_1000_std": -0.270238,
        "nauc_map_at_1000_diff1": 0.637325,
        "nauc_recall_at_1_max": 0.350721,
        "nauc_recall_at_1_std": -0.261674,
        "nauc_recall_at_1_diff1": 0.659461,
        "nauc_recall_at_3_max": 0.31713,
        "nauc_recall_at_3_std": -0.291162,
        "nauc_recall_at_3_diff1": 0.555994,
        "nauc_recall_at_5_max": 0.356676,
        "nauc_recall_at_5_std": -0.189905,
        "nauc_recall_at_5_diff1": 0.529528,
        "nauc_recall_at_10_max": -0.324314,
        "nauc_recall_at_10_std": -0.72995,
        "nauc_recall_at_10_diff1": 0.506242,
        "nauc_recall_at_20_max": 0.116387,
        "nauc_recall_at_20_std": -0.276704,
        "nauc_recall_at_20_diff1": 0.594147,
        "nauc_recall_at_100_max": NaN,
        "nauc_recall_at_100_std": NaN,
        "nauc_recall_at_100_diff1": NaN,
        "nauc_recall_at_1000_max": NaN,
        "nauc_recall_at_1000_std": NaN,
        "nauc_recall_at_1000_diff1": NaN,
        "nauc_precision_at_1_max": 0.373908,
        "nauc_precision_at_1_std": -0.249884,
        "nauc_precision_at_1_diff1": 0.638969,
        "nauc_precision_at_3_max": 0.01384,
        "nauc_precision_at_3_std": -0.015529,
        "nauc_precision_at_3_diff1": -0.048442,
        "nauc_precision_at_5_max": -0.032143,
        "nauc_precision_at_5_std": 0.077266,
        "nauc_precision_at_5_diff1": -0.171108,
        "nauc_precision_at_10_max": -0.171897,
        "nauc_precision_at_10_std": 0.081484,
        "nauc_precision_at_10_diff1": -0.307143,
        "nauc_precision_at_20_max": -0.146287,
        "nauc_precision_at_20_std": 0.139947,
        "nauc_precision_at_20_diff1": -0.336524,
        "nauc_precision_at_100_max": -0.153437,
        "nauc_precision_at_100_std": 0.151288,
        "nauc_precision_at_100_diff1": -0.361858,
        "nauc_precision_at_1000_max": -0.153437,
        "nauc_precision_at_1000_std": 0.151288,
        "nauc_precision_at_1000_diff1": -0.361858,
        "nauc_mrr_at_1_max": 0.368633,
        "nauc_mrr_at_1_std": -0.263653,
        "nauc_mrr_at_1_diff1": 0.632689,
        "nauc_mrr_at_3_max": 0.370849,
        "nauc_mrr_at_3_std": -0.246848,
        "nauc_mrr_at_3_diff1": 0.596647,
        "nauc_mrr_at_5_max": 0.37003,
        "nauc_mrr_at_5_std": -0.237914,
        "nauc_mrr_at_5_diff1": 0.5995,
        "nauc_mrr_at_10_max": 0.360422,
        "nauc_mrr_at_10_std": -0.254843,
        "nauc_mrr_at_10_diff1": 0.607031,
        "nauc_mrr_at_20_max": 0.366134,
        "nauc_mrr_at_20_std": -0.251502,
        "nauc_mrr_at_20_diff1": 0.608284,
        "nauc_mrr_at_100_max": 0.366742,
        "nauc_mrr_at_100_std": -0.251524,
        "nauc_mrr_at_100_diff1": 0.608306,
        "nauc_mrr_at_1000_max": 0.366742,
        "nauc_mrr_at_1000_std": -0.251524,
        "nauc_mrr_at_1000_diff1": 0.608306,
        "main_score": 0.87845,
        "hf_subset": "korean",
        "languages": [
          "kor-Kore"
        ]
      }
    ]
  },
  "evaluation_time": 487.14708161354065,
  "kg_co2_emissions": null
}