{
  "dataset_revision": "main",
  "task_name": "PublicHealthQA",
  "mteb_version": "1.38.1",
  "scores": {
    "test": [
      {
        "ndcg_at_1": 0.55844,
        "ndcg_at_3": 0.6042,
        "ndcg_at_5": 0.6098,
        "ndcg_at_10": 0.62285,
        "ndcg_at_20": 0.62285,
        "ndcg_at_100": 0.62285,
        "ndcg_at_1000": 0.62285,
        "map_at_1": 0.55844,
        "map_at_3": 0.59307,
        "map_at_5": 0.59632,
        "map_at_10": 0.60196,
        "map_at_20": 0.60196,
        "map_at_100": 0.60196,
        "map_at_1000": 0.60196,
        "recall_at_1": 0.55844,
        "recall_at_3": 0.63636,
        "recall_at_5": 0.64935,
        "recall_at_10": 0.68831,
        "recall_at_20": 0.68831,
        "recall_at_100": 0.68831,
        "recall_at_1000": 0.68831,
        "precision_at_1": 0.55844,
        "precision_at_3": 0.21212,
        "precision_at_5": 0.12987,
        "precision_at_10": 0.06883,
        "precision_at_20": 0.03442,
        "precision_at_100": 0.00688,
        "precision_at_1000": 0.00069,
        "mrr_at_1": 0.558442,
        "mrr_at_3": 0.588745,
        "mrr_at_5": 0.595238,
        "mrr_at_10": 0.600881,
        "mrr_at_20": 0.600881,
        "mrr_at_100": 0.600881,
        "mrr_at_1000": 0.600881,
        "nauc_ndcg_at_1_max": 0.477843,
        "nauc_ndcg_at_1_std": -0.016103,
        "nauc_ndcg_at_1_diff1": 0.608874,
        "nauc_ndcg_at_3_max": 0.452424,
        "nauc_ndcg_at_3_std": 0.005578,
        "nauc_ndcg_at_3_diff1": 0.521413,
        "nauc_ndcg_at_5_max": 0.460061,
        "nauc_ndcg_at_5_std": 0.015882,
        "nauc_ndcg_at_5_diff1": 0.516557,
        "nauc_ndcg_at_10_max": 0.460536,
        "nauc_ndcg_at_10_std": 0.031795,
        "nauc_ndcg_at_10_diff1": 0.493206,
        "nauc_ndcg_at_20_max": 0.460536,
        "nauc_ndcg_at_20_std": 0.031795,
        "nauc_ndcg_at_20_diff1": 0.493206,
        "nauc_ndcg_at_100_max": 0.460536,
        "nauc_ndcg_at_100_std": 0.031795,
        "nauc_ndcg_at_100_diff1": 0.493206,
        "nauc_ndcg_at_1000_max": 0.460536,
        "nauc_ndcg_at_1000_std": 0.031795,
        "nauc_ndcg_at_1000_diff1": 0.493206,
        "nauc_map_at_1_max": 0.477843,
        "nauc_map_at_1_std": -0.016103,
        "nauc_map_at_1_diff1": 0.608874,
        "nauc_map_at_3_max": 0.461132,
        "nauc_map_at_3_std": 0.005702,
        "nauc_map_at_3_diff1": 0.543426,
        "nauc_map_at_5_max": 0.465523,
        "nauc_map_at_5_std": 0.01156,
        "nauc_map_at_5_diff1": 0.540793,
        "nauc_map_at_10_max": 0.465628,
        "nauc_map_at_10_std": 0.018268,
        "nauc_map_at_10_diff1": 0.53114,
        "nauc_map_at_20_max": 0.465628,
        "nauc_map_at_20_std": 0.018268,
        "nauc_map_at_20_diff1": 0.53114,
        "nauc_map_at_100_max": 0.465628,
        "nauc_map_at_100_std": 0.018268,
        "nauc_map_at_100_diff1": 0.53114,
        "nauc_map_at_1000_max": 0.465628,
        "nauc_map_at_1000_std": 0.018268,
        "nauc_map_at_1000_diff1": 0.53114,
        "nauc_recall_at_1_max": 0.477843,
        "nauc_recall_at_1_std": -0.016103,
        "nauc_recall_at_1_diff1": 0.608874,
        "nauc_recall_at_3_max": 0.424567,
        "nauc_recall_at_3_std": 0.00272,
        "nauc_recall_at_3_diff1": 0.453575,
        "nauc_recall_at_5_max": 0.44278,
        "nauc_recall_at_5_std": 0.028169,
        "nauc_recall_at_5_diff1": 0.439845,
        "nauc_recall_at_10_max": 0.44376,
        "nauc_recall_at_10_std": 0.081897,
        "nauc_recall_at_10_diff1": 0.355939,
        "nauc_recall_at_20_max": 0.44376,
        "nauc_recall_at_20_std": 0.081897,
        "nauc_recall_at_20_diff1": 0.355939,
        "nauc_recall_at_100_max": 0.44376,
        "nauc_recall_at_100_std": 0.081897,
        "nauc_recall_at_100_diff1": 0.355939,
        "nauc_recall_at_1000_max": 0.44376,
        "nauc_recall_at_1000_std": 0.081897,
        "nauc_recall_at_1000_diff1": 0.355939,
        "nauc_precision_at_1_max": 0.477843,
        "nauc_precision_at_1_std": -0.016103,
        "nauc_precision_at_1_diff1": 0.608874,
        "nauc_precision_at_3_max": 0.424567,
        "nauc_precision_at_3_std": 0.00272,
        "nauc_precision_at_3_diff1": 0.453575,
        "nauc_precision_at_5_max": 0.44278,
        "nauc_precision_at_5_std": 0.028169,
        "nauc_precision_at_5_diff1": 0.439845,
        "nauc_precision_at_10_max": 0.44376,
        "nauc_precision_at_10_std": 0.081897,
        "nauc_precision_at_10_diff1": 0.355939,
        "nauc_precision_at_20_max": 0.44376,
        "nauc_precision_at_20_std": 0.081897,
        "nauc_precision_at_20_diff1": 0.355939,
        "nauc_precision_at_100_max": 0.44376,
        "nauc_precision_at_100_std": 0.081897,
        "nauc_precision_at_100_diff1": 0.355939,
        "nauc_precision_at_1000_max": 0.44376,
        "nauc_precision_at_1000_std": 0.081897,
        "nauc_precision_at_1000_diff1": 0.355939,
        "nauc_mrr_at_1_max": 0.477843,
        "nauc_mrr_at_1_std": -0.016103,
        "nauc_mrr_at_1_diff1": 0.608874,
        "nauc_mrr_at_3_max": 0.471308,
        "nauc_mrr_at_3_std": 0.019334,
        "nauc_mrr_at_3_diff1": 0.552978,
        "nauc_mrr_at_5_max": 0.468088,
        "nauc_mrr_at_5_std": 0.014996,
        "nauc_mrr_at_5_diff1": 0.543214,
        "nauc_mrr_at_10_max": 0.468219,
        "nauc_mrr_at_10_std": 0.021726,
        "nauc_mrr_at_10_diff1": 0.533604,
        "nauc_mrr_at_20_max": 0.468219,
        "nauc_mrr_at_20_std": 0.021726,
        "nauc_mrr_at_20_diff1": 0.533604,
        "nauc_mrr_at_100_max": 0.468219,
        "nauc_mrr_at_100_std": 0.021726,
        "nauc_mrr_at_100_diff1": 0.533604,
        "nauc_mrr_at_1000_max": 0.468219,
        "nauc_mrr_at_1000_std": 0.021726,
        "nauc_mrr_at_1000_diff1": 0.533604,
        "main_score": 0.62285,
        "hf_subset": "korean",
        "languages": [
          "kor-Hang"
        ]
      }
    ]
  },
  "evaluation_time": 129.00087642669678,
  "kg_co2_emissions": null
}