{
  "dataset_revision": "c99d599f0a6ab9b85b065da6f9d94f9cf731679f",
  "task_name": "XPQARetrieval",
  "mteb_version": "1.38.1",
  "scores": {
    "test": [
      {
        "ndcg_at_1": 0.3792,
        "ndcg_at_3": 0.43585,
        "ndcg_at_5": 0.47483,
        "ndcg_at_10": 0.52187,
        "ndcg_at_20": 0.56727,
        "ndcg_at_100": 0.59948,
        "ndcg_at_1000": 0.59948,
        "map_at_1": 0.2752,
        "map_at_3": 0.39715,
        "map_at_5": 0.42941,
        "map_at_10": 0.45315,
        "map_at_20": 0.46734,
        "map_at_100": 0.47426,
        "map_at_1000": 0.47426,
        "recall_at_1": 0.2752,
        "recall_at_3": 0.47406,
        "recall_at_5": 0.56483,
        "recall_at_10": 0.69353,
        "recall_at_20": 0.85703,
        "recall_at_100": 1.0,
        "recall_at_1000": 1.0,
        "precision_at_1": 0.3792,
        "precision_at_3": 0.24312,
        "precision_at_5": 0.17951,
        "precision_at_10": 0.10994,
        "precision_at_20": 0.06751,
        "precision_at_100": 0.01564,
        "precision_at_1000": 0.00156,
        "mrr_at_1": 0.382263,
        "mrr_at_3": 0.45897,
        "mrr_at_5": 0.472503,
        "mrr_at_10": 0.488354,
        "mrr_at_20": 0.498602,
        "mrr_at_100": 0.502654,
        "mrr_at_1000": 0.502654,
        "nauc_ndcg_at_1_max": 0.038293,
        "nauc_ndcg_at_1_std": -0.238299,
        "nauc_ndcg_at_1_diff1": 0.51706,
        "nauc_ndcg_at_3_max": -0.026328,
        "nauc_ndcg_at_3_std": -0.288502,
        "nauc_ndcg_at_3_diff1": 0.497235,
        "nauc_ndcg_at_5_max": -0.037066,
        "nauc_ndcg_at_5_std": -0.290013,
        "nauc_ndcg_at_5_diff1": 0.498232,
        "nauc_ndcg_at_10_max": -0.039463,
        "nauc_ndcg_at_10_std": -0.270275,
        "nauc_ndcg_at_10_diff1": 0.508379,
        "nauc_ndcg_at_20_max": -0.039856,
        "nauc_ndcg_at_20_std": -0.261097,
        "nauc_ndcg_at_20_diff1": 0.508012,
        "nauc_ndcg_at_100_max": -0.011079,
        "nauc_ndcg_at_100_std": -0.26417,
        "nauc_ndcg_at_100_diff1": 0.504745,
        "nauc_ndcg_at_1000_max": -0.011079,
        "nauc_ndcg_at_1000_std": -0.26417,
        "nauc_ndcg_at_1000_diff1": 0.504745,
        "nauc_map_at_1_max": -0.003561,
        "nauc_map_at_1_std": -0.236077,
        "nauc_map_at_1_diff1": 0.534271,
        "nauc_map_at_3_max": -0.017759,
        "nauc_map_at_3_std": -0.283864,
        "nauc_map_at_3_diff1": 0.505652,
        "nauc_map_at_5_max": -0.027608,
        "nauc_map_at_5_std": -0.285807,
        "nauc_map_at_5_diff1": 0.501991,
        "nauc_map_at_10_max": -0.027829,
        "nauc_map_at_10_std": -0.27699,
        "nauc_map_at_10_diff1": 0.508539,
        "nauc_map_at_20_max": -0.027778,
        "nauc_map_at_20_std": -0.27455,
        "nauc_map_at_20_diff1": 0.50818,
        "nauc_map_at_100_max": -0.020298,
        "nauc_map_at_100_std": -0.273488,
        "nauc_map_at_100_diff1": 0.507313,
        "nauc_map_at_1000_max": -0.020298,
        "nauc_map_at_1000_std": -0.273488,
        "nauc_map_at_1000_diff1": 0.507313,
        "nauc_recall_at_1_max": -0.003561,
        "nauc_recall_at_1_std": -0.236077,
        "nauc_recall_at_1_diff1": 0.534271,
        "nauc_recall_at_3_max": -0.060938,
        "nauc_recall_at_3_std": -0.303125,
        "nauc_recall_at_3_diff1": 0.47012,
        "nauc_recall_at_5_max": -0.08435,
        "nauc_recall_at_5_std": -0.306249,
        "nauc_recall_at_5_diff1": 0.471181,
        "nauc_recall_at_10_max": -0.110931,
        "nauc_recall_at_10_std": -0.253522,
        "nauc_recall_at_10_diff1": 0.504091,
        "nauc_recall_at_20_max": -0.208129,
        "nauc_recall_at_20_std": -0.192701,
        "nauc_recall_at_20_diff1": 0.50811,
        "nauc_recall_at_100_max": NaN,
        "nauc_recall_at_100_std": NaN,
        "nauc_recall_at_100_diff1": NaN,
        "nauc_recall_at_1000_max": NaN,
        "nauc_recall_at_1000_std": NaN,
        "nauc_recall_at_1000_diff1": NaN,
        "nauc_precision_at_1_max": 0.038293,
        "nauc_precision_at_1_std": -0.238299,
        "nauc_precision_at_1_diff1": 0.51706,
        "nauc_precision_at_3_max": -0.008617,
        "nauc_precision_at_3_std": -0.231157,
        "nauc_precision_at_3_diff1": 0.292313,
        "nauc_precision_at_5_max": -0.036261,
        "nauc_precision_at_5_std": -0.193658,
        "nauc_precision_at_5_diff1": 0.212867,
        "nauc_precision_at_10_max": -0.021767,
        "nauc_precision_at_10_std": -0.11288,
        "nauc_precision_at_10_diff1": 0.16792,
        "nauc_precision_at_20_max": 0.007795,
        "nauc_precision_at_20_std": -0.021804,
        "nauc_precision_at_20_diff1": 0.049091,
        "nauc_precision_at_100_max": 0.130319,
        "nauc_precision_at_100_std": 0.037562,
        "nauc_precision_at_100_diff1": -0.099148,
        "nauc_precision_at_1000_max": 0.130319,
        "nauc_precision_at_1000_std": 0.037562,
        "nauc_precision_at_1000_diff1": -0.099148,
        "nauc_mrr_at_1_max": 0.034357,
        "nauc_mrr_at_1_std": -0.236129,
        "nauc_mrr_at_1_diff1": 0.5078,
        "nauc_mrr_at_3_max": 0.000766,
        "nauc_mrr_at_3_std": -0.267436,
        "nauc_mrr_at_3_diff1": 0.497455,
        "nauc_mrr_at_5_max": -0.001834,
        "nauc_mrr_at_5_std": -0.267191,
        "nauc_mrr_at_5_diff1": 0.495036,
        "nauc_mrr_at_10_max": -0.002502,
        "nauc_mrr_at_10_std": -0.259925,
        "nauc_mrr_at_10_diff1": 0.498767,
        "nauc_mrr_at_20_max": 4.4e-05,
        "nauc_mrr_at_20_std": -0.257181,
        "nauc_mrr_at_20_diff1": 0.499018,
        "nauc_mrr_at_100_max": 0.001618,
        "nauc_mrr_at_100_std": -0.258031,
        "nauc_mrr_at_100_diff1": 0.499312,
        "nauc_mrr_at_1000_max": 0.001618,
        "nauc_mrr_at_1000_std": -0.258031,
        "nauc_mrr_at_1000_diff1": 0.499312,
        "main_score": 0.52187,
        "hf_subset": "kor-kor",
        "languages": [
          "kor-Hang",
          "kor-Hang"
        ]
      },
      {
        "ndcg_at_1": 0.0581,
        "ndcg_at_3": 0.04534,
        "ndcg_at_5": 0.04666,
        "ndcg_at_10": 0.04844,
        "ndcg_at_20": 0.0486,
        "ndcg_at_100": 0.0486,
        "ndcg_at_1000": 0.0486,
        "map_at_1": 0.03165,
        "map_at_3": 0.03647,
        "map_at_5": 0.03817,
        "map_at_10": 0.03886,
        "map_at_20": 0.03892,
        "map_at_100": 0.03892,
        "map_at_1000": 0.03892,
        "recall_at_1": 0.03165,
        "recall_at_3": 0.0407,
        "recall_at_5": 0.04796,
        "recall_at_10": 0.05268,
        "recall_at_20": 0.05306,
        "recall_at_100": 0.05306,
        "recall_at_1000": 0.05306,
        "precision_at_1": 0.0581,
        "precision_at_3": 0.02599,
        "precision_at_5": 0.01743,
        "precision_at_10": 0.00948,
        "precision_at_20": 0.00482,
        "precision_at_100": 0.00096,
        "precision_at_1000": 0.0001,
        "mrr_at_1": 0.058104,
        "mrr_at_3": 0.064475,
        "mrr_at_5": 0.066998,
        "mrr_at_10": 0.06786,
        "mrr_at_20": 0.06786,
        "mrr_at_100": 0.06786,
        "mrr_at_1000": 0.06786,
        "nauc_ndcg_at_1_max": 0.444555,
        "nauc_ndcg_at_1_std": 0.176098,
        "nauc_ndcg_at_1_diff1": 0.445571,
        "nauc_ndcg_at_3_max": 0.461044,
        "nauc_ndcg_at_3_std": 0.210885,
        "nauc_ndcg_at_3_diff1": 0.36658,
        "nauc_ndcg_at_5_max": 0.437433,
        "nauc_ndcg_at_5_std": 0.222729,
        "nauc_ndcg_at_5_diff1": 0.315308,
        "nauc_ndcg_at_10_max": 0.437779,
        "nauc_ndcg_at_10_std": 0.228129,
        "nauc_ndcg_at_10_diff1": 0.301126,
        "nauc_ndcg_at_20_max": 0.439645,
        "nauc_ndcg_at_20_std": 0.230691,
        "nauc_ndcg_at_20_diff1": 0.3012,
        "nauc_ndcg_at_100_max": 0.439645,
        "nauc_ndcg_at_100_std": 0.230691,
        "nauc_ndcg_at_100_diff1": 0.3012,
        "nauc_ndcg_at_1000_max": 0.439645,
        "nauc_ndcg_at_1000_std": 0.230691,
        "nauc_ndcg_at_1000_diff1": 0.3012,
        "nauc_map_at_1_max": 0.458017,
        "nauc_map_at_1_std": 0.188334,