{
  "dataset_revision": "75b399394a9803252cfec289d103de462763db7c",
  "task_name": "BelebeleRetrieval",
  "mteb_version": "1.38.57",
  "scores": {
    "test": [
      {
        "ndcg_at_1": 0.94222,
        "ndcg_at_3": 0.96448,
        "ndcg_at_5": 0.96673,
        "ndcg_at_10": 0.96899,
        "ndcg_at_20": 0.97067,
        "ndcg_at_100": 0.9711,
        "ndcg_at_1000": 0.9711,
        "map_at_1": 0.94222,
        "map_at_3": 0.95944,
        "map_at_5": 0.96067,
        "map_at_10": 0.96166,
        "map_at_20": 0.96212,
        "map_at_100": 0.96218,
        "map_at_1000": 0.96218,
        "recall_at_1": 0.94222,
        "recall_at_3": 0.97889,
        "recall_at_5": 0.98444,
        "recall_at_10": 0.99111,
        "recall_at_20": 0.99778,
        "recall_at_100": 1.0,
        "recall_at_1000": 1.0,
        "precision_at_1": 0.94222,
        "precision_at_3": 0.3263,
        "precision_at_5": 0.19689,
        "precision_at_10": 0.09911,
        "precision_at_20": 0.04989,
        "precision_at_100": 0.01,
        "precision_at_1000": 0.001,
        "mrr_at_1": 0.944444,
        "mrr_at_3": 0.960556,
        "mrr_at_5": 0.961778,
        "mrr_at_10": 0.962796,
        "mrr_at_20": 0.963264,
        "mrr_at_100": 0.963325,
        "mrr_at_1000": 0.963325,
        "nauc_ndcg_at_1_max": 0.873725,
        "nauc_ndcg_at_1_std": -0.061876,
        "nauc_ndcg_at_1_diff1": 0.977061,
        "nauc_ndcg_at_3_max": 0.88998,
        "nauc_ndcg_at_3_std": -0.057077,
        "nauc_ndcg_at_3_diff1": 0.977629,
        "nauc_ndcg_at_5_max": 0.887828,
        "nauc_ndcg_at_5_std": -0.042769,
        "nauc_ndcg_at_5_diff1": 0.976119,
        "nauc_ndcg_at_10_max": 0.889364,
        "nauc_ndcg_at_10_std": -0.04121,
        "nauc_ndcg_at_10_diff1": 0.974379,
        "nauc_ndcg_at_20_max": 0.887252,
        "nauc_ndcg_at_20_std": -0.03346,
        "nauc_ndcg_at_20_diff1": 0.976972,
        "nauc_ndcg_at_100_max": 0.885596,
        "nauc_ndcg_at_100_std": -0.045519,
        "nauc_ndcg_at_100_diff1": 0.976634,
        "nauc_ndcg_at_1000_max": 0.885596,
        "nauc_ndcg_at_1000_std": -0.045519,
        "nauc_ndcg_at_1000_diff1": 0.976634,
        "nauc_map_at_1_max": 0.873725,
        "nauc_map_at_1_std": -0.061876,
        "nauc_map_at_1_diff1": 0.977061,
        "nauc_map_at_3_max": 0.885354,
        "nauc_map_at_3_std": -0.058593,
        "nauc_map_at_3_diff1": 0.977467,
        "nauc_map_at_5_max": 0.8841,
        "nauc_map_at_5_std": -0.052809,
        "nauc_map_at_5_diff1": 0.976767,
        "nauc_map_at_10_max": 0.884543,
        "nauc_map_at_10_std": -0.051736,
        "nauc_map_at_10_diff1": 0.976166,
        "nauc_map_at_20_max": 0.884175,
        "nauc_map_at_20_std": -0.04913,
        "nauc_map_at_20_diff1": 0.976809,
        "nauc_map_at_100_max": 0.883988,
        "nauc_map_at_100_std": -0.050527,
        "nauc_map_at_100_diff1": 0.976771,
        "nauc_map_at_1000_max": 0.883988,
        "nauc_map_at_1000_std": -0.050527,
        "nauc_map_at_1000_diff1": 0.976771,
        "nauc_recall_at_1_max": 0.873725,
        "nauc_recall_at_1_std": -0.061876,
        "nauc_recall_at_1_diff1": 0.977061,
        "nauc_recall_at_3_max": 0.914861,
        "nauc_recall_at_3_std": -0.048774,
        "nauc_recall_at_3_diff1": 0.9785,
        "nauc_recall_at_5_max": 0.913632,
        "nauc_recall_at_5_std": 0.037748,
        "nauc_recall_at_5_diff1": 0.970822,
        "nauc_recall_at_10_max": 0.948938,
        "nauc_recall_at_10_std": 0.097164,
        "nauc_recall_at_10_diff1": 0.948938,
        "nauc_recall_at_20_max": 1.0,
        "nauc_recall_at_20_std": 0.777077,
        "nauc_recall_at_20_diff1": 1.0,
        "nauc_recall_at_100_max": NaN,
        "nauc_recall_at_100_std": NaN,
        "nauc_recall_at_100_diff1": NaN,
        "nauc_recall_at_1000_max": NaN,
        "nauc_recall_at_1000_std": NaN,
        "nauc_recall_at_1000_diff1": NaN,
        "nauc_precision_at_1_max": 0.873725,
        "nauc_precision_at_1_std": -0.061876,
        "nauc_precision_at_1_diff1": 0.977061,
        "nauc_precision_at_3_max": 0.914861,
        "nauc_precision_at_3_std": -0.048774,
        "nauc_precision_at_3_diff1": 0.9785,
        "nauc_precision_at_5_max": 0.913632,
        "nauc_precision_at_5_std": 0.037748,
        "nauc_precision_at_5_diff1": 0.970822,
        "nauc_precision_at_10_max": 0.948938,
        "nauc_precision_at_10_std": 0.097164,
        "nauc_precision_at_10_diff1": 0.948938,
        "nauc_precision_at_20_max": 1.0,
        "nauc_precision_at_20_std": 0.777077,
        "nauc_precision_at_20_diff1": 1.0,
        "nauc_precision_at_100_max": 1.0,
        "nauc_precision_at_100_std": 1.0,
        "nauc_precision_at_100_diff1": 1.0,
        "nauc_precision_at_1000_max": NaN,
        "nauc_precision_at_1000_std": NaN,
        "nauc_precision_at_1000_diff1": NaN,
        "nauc_mrr_at_1_max": 0.877591,
        "nauc_mrr_at_1_std": -0.058702,
        "nauc_mrr_at_1_diff1": 0.976144,
        "nauc_mrr_at_3_max": 0.888405,
        "nauc_mrr_at_3_std": -0.056266,
        "nauc_mrr_at_3_diff1": 0.976833,
        "nauc_mrr_at_5_max": 0.887211,
        "nauc_mrr_at_5_std": -0.050239,
        "nauc_mrr_at_5_diff1": 0.976092,
        "nauc_mrr_at_10_max": 0.887763,
        "nauc_mrr_at_10_std": -0.048979,
        "nauc_mrr_at_10_diff1": 0.975437,
        "nauc_mrr_at_20_max": 0.887401,
        "nauc_mrr_at_20_std": -0.046462,
        "nauc_mrr_at_20_diff1": 0.976096,
        "nauc_mrr_at_100_max": 0.887214,
        "nauc_mrr_at_100_std": -0.047898,
        "nauc_mrr_at_100_diff1": 0.976057,
        "nauc_mrr_at_1000_max": 0.887214,
        "nauc_mrr_at_1000_std": -0.047898,
        "nauc_mrr_at_1000_diff1": 0.976057,
        "main_score": 0.96899,
        "hf_subset": "kor_Hang-kor_Hang",
        "languages": [
          "kor-Hang",
          "kor-Hang"
        ]
      },
      {
        "ndcg_at_1": 0.1,
        "ndcg_at_3": 0.1021,
        "ndcg_at_5": 0.1021,
        "ndcg_at_10": 0.1021,
        "ndcg_at_20": 0.1021,
        "ndcg_at_100": 0.1021,
        "ndcg_at_1000": 0.1021,
        "map_at_1": 0.1,
        "map_at_3": 0.10167,
        "map_at_5": 0.10167,
        "map_at_10": 0.10167,
        "map_at_20": 0.10167,
        "map_at_100": 0.10167,
        "map_at_1000": 0.10167,
        "recall_at_1": 0.1,
        "recall_at_3": 0.10333,
        "recall_at_5": 0.10333,
        "recall_at_10": 0.10333,
        "recall_at_20": 0.10333,
        "recall_at_100": 0.10333,
        "recall_at_1000": 0.10333,
        "precision_at_1": 0.1,
        "precision_at_3": 0.03444,
        "precision_at_5": 0.02067,
        "precision_at_10": 0.01033,
        "precision_at_20": 0.00517,
        "precision_at_100": 0.00103,
        "precision_at_1000": 0.0001,
        "mrr_at_1": 0.1,
        "mrr_at_3": 0.101667,
        "mrr_at_5": 0.101667,
        "mrr_at_10": 0.101667,
        "mrr_at_20": 0.101667,
        "mrr_at_100": 0.101667,
        "mrr_at_1000": 0.101667,
        "nauc_ndcg_at_1_max": 0.92312,
        "nauc_ndcg_at_1_std": 0.790019,
        "nauc_ndcg_at_1_diff1": 0.808511,
        "nauc_ndcg_at_3_max": 0.924175,
        "nauc_ndcg_at_3_std": 0.795239,
        "nauc_ndcg_at_3_diff1": 0.793687,
        "nauc_ndcg_at_5_max": 0.924175,
        "nauc_ndcg_at_5_std": 0.795239,
        "nauc_ndcg_at_5_diff1": 0.793687,
        "nauc_ndcg_at_10_max": 0.924175,
        "nauc_ndcg_at_10_std": 0.795239,
        "nauc_ndcg_at_10_diff1": 0.793687,
        "nauc_ndcg_at_20_max": 0.924175,
        "nauc_ndcg_at_20_std": 0.795239,
        "nauc_ndcg_at_20_diff1": 0.793687,
        "nauc_ndcg_at_100_max": 0.924175,
        "nauc_ndcg_at_100_std": 0.795239,
        "nauc_ndcg_at_100_diff1": 0.793687,
        "nauc_ndcg_at_1000_max": 0.924175,
        "nauc_ndcg_at_1000_std": 0.795239,
        "nauc_ndcg_at_1000_diff1": 0.793687,
        "nauc_map_at_1_max": 0.92312,
        "nauc_map_at_1_std": 0.790019,
        "nauc_map_at_1_diff1": 0.808511,
        "nauc_map_at_3_max": 0.923958,