{
  "dataset_revision": "d243889a3eb6654029dbd7e7f9319ae31d58f97c",
  "task_name": "Ko-StrategyQA",
  "mteb_version": "1.38.57",
  "scores": {
    "dev": [
      {
        "ndcg_at_1": 0.78041,
        "ndcg_at_3": 0.78468,
        "ndcg_at_5": 0.80984,
        "ndcg_at_10": 0.83287,
        "ndcg_at_20": 0.84839,
        "ndcg_at_100": 0.86237,
        "ndcg_at_1000": 0.86237,
        "map_at_1": 0.51153,
        "map_at_3": 0.7433,
        "map_at_5": 0.77171,
        "map_at_10": 0.78687,
        "map_at_20": 0.79319,
        "map_at_100": 0.7971,
        "map_at_1000": 0.7971,
        "recall_at_1": 0.51153,
        "recall_at_3": 0.794,
        "recall_at_5": 0.84615,
        "recall_at_10": 0.90096,
        "recall_at_20": 0.94876,
        "recall_at_100": 1.0,
        "recall_at_1000": 1.0,
        "precision_at_1": 0.78041,
        "precision_at_3": 0.47128,
        "precision_at_5": 0.31014,
        "precision_at_10": 0.16841,
        "precision_at_20": 0.08995,
        "precision_at_100": 0.01934,
        "precision_at_1000": 0.00193,
        "mrr_at_1": 0.780405,
        "mrr_at_3": 0.835304,
        "mrr_at_5": 0.838514,
        "mrr_at_10": 0.843495,
        "mrr_at_20": 0.845362,
        "mrr_at_100": 0.846318,
        "mrr_at_1000": 0.846318,
        "nauc_ndcg_at_1_max": 0.696528,
        "nauc_ndcg_at_1_std": 0.344615,
        "nauc_ndcg_at_1_diff1": 0.614606,
        "nauc_ndcg_at_3_max": 0.67472,
        "nauc_ndcg_at_3_std": 0.32061,
        "nauc_ndcg_at_3_diff1": 0.540936,
        "nauc_ndcg_at_5_max": 0.723535,
        "nauc_ndcg_at_5_std": 0.36703,
        "nauc_ndcg_at_5_diff1": 0.550411,
        "nauc_ndcg_at_10_max": 0.745122,
        "nauc_ndcg_at_10_std": 0.421336,
        "nauc_ndcg_at_10_diff1": 0.566225,
        "nauc_ndcg_at_20_max": 0.73952,
        "nauc_ndcg_at_20_std": 0.419467,
        "nauc_ndcg_at_20_diff1": 0.576284,
        "nauc_ndcg_at_100_max": 0.718074,
        "nauc_ndcg_at_100_std": 0.376974,
        "nauc_ndcg_at_100_diff1": 0.568035,
        "nauc_ndcg_at_1000_max": 0.718074,
        "nauc_ndcg_at_1000_std": 0.376974,
        "nauc_ndcg_at_1000_diff1": 0.568035,
        "nauc_map_at_1_max": 0.381622,
        "nauc_map_at_1_std": 0.044267,
        "nauc_map_at_1_diff1": 0.600262,
        "nauc_map_at_3_max": 0.639803,
        "nauc_map_at_3_std": 0.281616,
        "nauc_map_at_3_diff1": 0.523752,
        "nauc_map_at_5_max": 0.681828,
        "nauc_map_at_5_std": 0.323613,
        "nauc_map_at_5_diff1": 0.535928,
        "nauc_map_at_10_max": 0.695895,
        "nauc_map_at_10_std": 0.352996,
        "nauc_map_at_10_diff1": 0.545053,
        "nauc_map_at_20_max": 0.69372,
        "nauc_map_at_20_std": 0.352512,
        "nauc_map_at_20_diff1": 0.547947,
        "nauc_map_at_100_max": 0.688821,
        "nauc_map_at_100_std": 0.343548,
        "nauc_map_at_100_diff1": 0.546273,
        "nauc_map_at_1000_max": 0.688821,
        "nauc_map_at_1000_std": 0.343548,
        "nauc_map_at_1000_diff1": 0.546273,
        "nauc_recall_at_1_max": 0.381622,
        "nauc_recall_at_1_std": 0.044267,
        "nauc_recall_at_1_diff1": 0.600262,
        "nauc_recall_at_3_max": 0.657894,
        "nauc_recall_at_3_std": 0.304659,
        "nauc_recall_at_3_diff1": 0.499697,
        "nauc_recall_at_5_max": 0.75588,
        "nauc_recall_at_5_std": 0.4069,
        "nauc_recall_at_5_diff1": 0.507037,
        "nauc_recall_at_10_max": 0.849209,
        "nauc_recall_at_10_std": 0.621643,
        "nauc_recall_at_10_diff1": 0.553784,
        "nauc_recall_at_20_max": 0.903363,
        "nauc_recall_at_20_std": 0.776941,
        "nauc_recall_at_20_diff1": 0.632375,
        "nauc_recall_at_100_max": NaN,
        "nauc_recall_at_100_std": NaN,
        "nauc_recall_at_100_diff1": NaN,
        "nauc_recall_at_1000_max": NaN,
        "nauc_recall_at_1000_std": NaN,
        "nauc_recall_at_1000_diff1": NaN,
        "nauc_precision_at_1_max": 0.696528,
        "nauc_precision_at_1_std": 0.344615,
        "nauc_precision_at_1_diff1": 0.614606,
        "nauc_precision_at_3_max": 0.302215,
        "nauc_precision_at_3_std": 0.324885,
        "nauc_precision_at_3_diff1": -0.093246,
        "nauc_precision_at_5_max": 0.2161,
        "nauc_precision_at_5_std": 0.293042,
        "nauc_precision_at_5_diff1": -0.147104,
        "nauc_precision_at_10_max": 0.118078,
        "nauc_precision_at_10_std": 0.299763,
        "nauc_precision_at_10_diff1": -0.215868,
        "nauc_precision_at_20_max": -0.006612,
        "nauc_precision_at_20_std": 0.230829,
        "nauc_precision_at_20_diff1": -0.289195,
        "nauc_precision_at_100_max": -0.182252,
        "nauc_precision_at_100_std": 0.073938,
        "nauc_precision_at_100_diff1": -0.407349,
        "nauc_precision_at_1000_max": -0.182252,
        "nauc_precision_at_1000_std": 0.073938,
        "nauc_precision_at_1000_diff1": -0.407349,
        "nauc_mrr_at_1_max": 0.696528,
        "nauc_mrr_at_1_std": 0.344615,
        "nauc_mrr_at_1_diff1": 0.614606,
        "nauc_mrr_at_3_max": 0.75617,
        "nauc_mrr_at_3_std": 0.403039,
        "nauc_mrr_at_3_diff1": 0.618541,
        "nauc_mrr_at_5_max": 0.757017,
        "nauc_mrr_at_5_std": 0.405945,
        "nauc_mrr_at_5_diff1": 0.615219,
        "nauc_mrr_at_10_max": 0.755286,
        "nauc_mrr_at_10_std": 0.411648,
        "nauc_mrr_at_10_diff1": 0.619149,
        "nauc_mrr_at_20_max": 0.753127,
        "nauc_mrr_at_20_std": 0.408429,
        "nauc_mrr_at_20_diff1": 0.619861,
        "nauc_mrr_at_100_max": 0.751822,
        "nauc_mrr_at_100_std": 0.404914,
        "nauc_mrr_at_100_diff1": 0.619257,
        "nauc_mrr_at_1000_max": 0.751822,
        "nauc_mrr_at_1000_std": 0.404914,
        "nauc_mrr_at_1000_diff1": 0.619257,
        "main_score": 0.83287,
        "hf_subset": "default",
        "languages": [
          "kor-Hang"
        ]
      }
    ]
  },
  "evaluation_time": 284.79072880744934,
  "kg_co2_emissions": null
}