{
  "dataset_revision": "main",
  "task_name": "MIRACLRetrieval",
  "mteb_version": "1.38.57",
  "scores": {
    "dev": [
      {
        "ndcg_at_1": 0.83099,
        "ndcg_at_3": 0.85237,
        "ndcg_at_5": 0.87209,
        "ndcg_at_10": 0.89657,
        "ndcg_at_20": 0.90791,
        "ndcg_at_100": 0.90887,
        "ndcg_at_1000": 0.90887,
        "map_at_1": 0.53674,
        "map_at_3": 0.72721,
        "map_at_5": 0.79913,
        "map_at_10": 0.84238,
        "map_at_20": 0.85301,
        "map_at_100": 0.85351,
        "map_at_1000": 0.85351,
        "recall_at_1": 0.53674,
        "recall_at_3": 0.78648,
        "recall_at_5": 0.89201,
        "recall_at_10": 0.97106,
        "recall_at_20": 0.99734,
        "recall_at_100": 1.0,
        "recall_at_1000": 1.0,
        "precision_at_1": 0.83099,
        "precision_at_3": 0.52582,
        "precision_at_5": 0.39812,
        "precision_at_10": 0.23991,
        "precision_at_20": 0.1277,
        "precision_at_100": 0.02568,
        "precision_at_1000": 0.00257,
        "mrr_at_1": 0.84507,
        "mrr_at_3": 0.906886,
        "mrr_at_5": 0.908059,
        "mrr_at_10": 0.910211,
        "mrr_at_20": 0.910211,
        "mrr_at_100": 0.910211,
        "mrr_at_1000": 0.910211,
        "nauc_ndcg_at_1_max": 0.451642,
        "nauc_ndcg_at_1_std": 0.076255,
        "nauc_ndcg_at_1_diff1": 0.547227,
        "nauc_ndcg_at_3_max": 0.311465,
        "nauc_ndcg_at_3_std": -0.109244,
        "nauc_ndcg_at_3_diff1": 0.519512,
        "nauc_ndcg_at_5_max": 0.358327,
        "nauc_ndcg_at_5_std": -0.139182,
        "nauc_ndcg_at_5_diff1": 0.521855,
        "nauc_ndcg_at_10_max": 0.339544,
        "nauc_ndcg_at_10_std": -0.063725,
        "nauc_ndcg_at_10_diff1": 0.526808,
        "nauc_ndcg_at_20_max": 0.389832,
        "nauc_ndcg_at_20_std": -0.034673,
        "nauc_ndcg_at_20_diff1": 0.532133,
        "nauc_ndcg_at_100_max": 0.389077,
        "nauc_ndcg_at_100_std": -0.042704,
        "nauc_ndcg_at_100_diff1": 0.529369,
        "nauc_ndcg_at_1000_max": 0.389077,
        "nauc_ndcg_at_1000_std": -0.042704,
        "nauc_ndcg_at_1000_diff1": 0.529369,
        "nauc_map_at_1_max": 0.311377,
        "nauc_map_at_1_std": -0.296636,
        "nauc_map_at_1_diff1": 0.64098,
        "nauc_map_at_3_max": 0.259893,
        "nauc_map_at_3_std": -0.412904,
        "nauc_map_at_3_diff1": 0.58344,
        "nauc_map_at_5_max": 0.281452,
        "nauc_map_at_5_std": -0.366536,
        "nauc_map_at_5_diff1": 0.569834,
        "nauc_map_at_10_max": 0.323908,
        "nauc_map_at_10_std": -0.129797,
        "nauc_map_at_10_diff1": 0.537119,
        "nauc_map_at_20_max": 0.355858,
        "nauc_map_at_20_std": -0.082855,
        "nauc_map_at_20_diff1": 0.535303,
        "nauc_map_at_100_max": 0.355694,
        "nauc_map_at_100_std": -0.08577,
        "nauc_map_at_100_diff1": 0.534578,
        "nauc_map_at_1000_max": 0.355694,
        "nauc_map_at_1000_std": -0.08577,
        "nauc_map_at_1000_diff1": 0.534578,
        "nauc_recall_at_1_max": 0.311377,
        "nauc_recall_at_1_std": -0.296636,
        "nauc_recall_at_1_diff1": 0.64098,
        "nauc_recall_at_3_max": 0.149035,
        "nauc_recall_at_3_std": -0.559283,
        "nauc_recall_at_3_diff1": 0.538641,
        "nauc_recall_at_5_max": 0.14123,
        "nauc_recall_at_5_std": -0.676764,
        "nauc_recall_at_5_diff1": 0.50227,
        "nauc_recall_at_10_max": -0.00583,
        "nauc_recall_at_10_std": -0.139907,
        "nauc_recall_at_10_diff1": 0.45083,
        "nauc_recall_at_20_max": 0.42744,
        "nauc_recall_at_20_std": 0.64672,
        "nauc_recall_at_20_diff1": 0.72208,
        "nauc_recall_at_100_max": NaN,
        "nauc_recall_at_100_std": NaN,
        "nauc_recall_at_100_diff1": NaN,
        "nauc_recall_at_1000_max": NaN,
        "nauc_recall_at_1000_std": NaN,
        "nauc_recall_at_1000_diff1": NaN,
        "nauc_precision_at_1_max": 0.451642,
        "nauc_precision_at_1_std": 0.076255,
        "nauc_precision_at_1_diff1": 0.547227,
        "nauc_precision_at_3_max": -0.114053,
        "nauc_precision_at_3_std": 0.260639,
        "nauc_precision_at_3_diff1": -0.353087,
        "nauc_precision_at_5_max": -0.103009,
        "nauc_precision_at_5_std": 0.375757,
        "nauc_precision_at_5_diff1": -0.38832,
        "nauc_precision_at_10_max": -0.087713,
        "nauc_precision_at_10_std": 0.542027,
        "nauc_precision_at_10_diff1": -0.411663,
        "nauc_precision_at_20_max": -0.066203,
        "nauc_precision_at_20_std": 0.533186,
        "nauc_precision_at_20_diff1": -0.408385,
        "nauc_precision_at_100_max": -0.068936,
        "nauc_precision_at_100_std": 0.52279,
        "nauc_precision_at_100_diff1": -0.410449,
        "nauc_precision_at_1000_max": -0.068936,
        "nauc_precision_at_1000_std": 0.52279,
        "nauc_precision_at_1000_diff1": -0.410449,
        "nauc_mrr_at_1_max": 0.493092,
        "nauc_mrr_at_1_std": 0.015868,
        "nauc_mrr_at_1_diff1": 0.497198,
        "nauc_mrr_at_3_max": 0.476047,
        "nauc_mrr_at_3_std": -0.039252,
        "nauc_mrr_at_3_diff1": 0.481169,
        "nauc_mrr_at_5_max": 0.477615,
        "nauc_mrr_at_5_std": -0.032295,
        "nauc_mrr_at_5_diff1": 0.482805,
        "nauc_mrr_at_10_max": 0.479559,
        "nauc_mrr_at_10_std": -0.014491,
        "nauc_mrr_at_10_diff1": 0.48558,
        "nauc_mrr_at_20_max": 0.479559,
        "nauc_mrr_at_20_std": -0.014491,
        "nauc_mrr_at_20_diff1": 0.48558,
        "nauc_mrr_at_100_max": 0.479559,
        "nauc_mrr_at_100_std": -0.014491,
        "nauc_mrr_at_100_diff1": 0.48558,
        "nauc_mrr_at_1000_max": 0.479559,
        "nauc_mrr_at_1000_std": -0.014491,
        "nauc_mrr_at_1000_diff1": 0.48558,
        "main_score": 0.89657,
        "hf_subset": "ko",
        "languages": [
          "kor-Kore"
        ]
      }
    ]
  },
  "evaluation_time": 81.82880759239197,
  "kg_co2_emissions": null
}