{
  "dataset_revision": "fc24a3ce8f09746410daee3d5cd823ff7a0675b7",
  "task_name": "MrTidyRetrieval",
  "mteb_version": "1.38.57",
  "scores": {
    "test": [
      {
        "ndcg_at_1": 0.6057,
        "ndcg_at_3": 0.70661,
        "ndcg_at_5": 0.74114,
        "ndcg_at_10": 0.7655,
        "ndcg_at_20": 0.77504,
        "ndcg_at_100": 0.78261,
        "ndcg_at_1000": 0.78261,
        "map_at_1": 0.56097,
        "map_at_3": 0.67168,
        "map_at_5": 0.69328,
        "map_at_10": 0.70531,
        "map_at_20": 0.70854,
        "map_at_100": 0.70993,
        "map_at_1000": 0.70993,
        "recall_at_1": 0.56097,
        "recall_at_3": 0.77989,
        "recall_at_5": 0.85867,
        "recall_at_10": 0.92835,
        "recall_at_20": 0.96358,
        "recall_at_100": 1.0,
        "recall_at_1000": 1.0,
        "precision_at_1": 0.6057,
        "precision_at_3": 0.29375,
        "precision_at_5": 0.19667,
        "precision_at_10": 0.10784,
        "precision_at_20": 0.05629,
        "precision_at_100": 0.01169,
        "precision_at_1000": 0.00117,
        "mrr_at_1": 0.627078,
        "mrr_at_3": 0.710214,
        "mrr_at_5": 0.725891,
        "mrr_at_10": 0.733142,
        "mrr_at_20": 0.735077,
        "mrr_at_100": 0.736109,
        "mrr_at_1000": 0.736109,
        "nauc_ndcg_at_1_max": 0.429631,
        "nauc_ndcg_at_1_std": -0.112816,
        "nauc_ndcg_at_1_diff1": 0.432122,
        "nauc_ndcg_at_3_max": 0.395694,
        "nauc_ndcg_at_3_std": -0.141679,
        "nauc_ndcg_at_3_diff1": 0.403311,
        "nauc_ndcg_at_5_max": 0.404405,
        "nauc_ndcg_at_5_std": -0.13817,
        "nauc_ndcg_at_5_diff1": 0.416526,
        "nauc_ndcg_at_10_max": 0.408183,
        "nauc_ndcg_at_10_std": -0.105361,
        "nauc_ndcg_at_10_diff1": 0.411008,
        "nauc_ndcg_at_20_max": 0.421079,
        "nauc_ndcg_at_20_std": -0.106419,
        "nauc_ndcg_at_20_diff1": 0.413558,
        "nauc_ndcg_at_100_max": 0.415027,
        "nauc_ndcg_at_100_std": -0.115621,
        "nauc_ndcg_at_100_diff1": 0.414227,
        "nauc_ndcg_at_1000_max": 0.415027,
        "nauc_ndcg_at_1000_std": -0.115621,
        "nauc_ndcg_at_1000_diff1": 0.414227,
        "nauc_map_at_1_max": 0.413987,
        "nauc_map_at_1_std": -0.123118,
        "nauc_map_at_1_diff1": 0.445529,
        "nauc_map_at_3_max": 0.392673,
        "nauc_map_at_3_std": -0.147002,
        "nauc_map_at_3_diff1": 0.428844,
        "nauc_map_at_5_max": 0.400804,
        "nauc_map_at_5_std": -0.141607,
        "nauc_map_at_5_diff1": 0.433598,
        "nauc_map_at_10_max": 0.404288,
        "nauc_map_at_10_std": -0.128122,
        "nauc_map_at_10_diff1": 0.429005,
        "nauc_map_at_20_max": 0.406578,
        "nauc_map_at_20_std": -0.128339,
        "nauc_map_at_20_diff1": 0.42949,
        "nauc_map_at_100_max": 0.405861,
        "nauc_map_at_100_std": -0.129501,
        "nauc_map_at_100_diff1": 0.429589,
        "nauc_map_at_1000_max": 0.405861,
        "nauc_map_at_1000_std": -0.129501,
        "nauc_map_at_1000_diff1": 0.429589,
        "nauc_recall_at_1_max": 0.413987,
        "nauc_recall_at_1_std": -0.123118,
        "nauc_recall_at_1_diff1": 0.445529,
        "nauc_recall_at_3_max": 0.350873,
        "nauc_recall_at_3_std": -0.167012,
        "nauc_recall_at_3_diff1": 0.349029,
        "nauc_recall_at_5_max": 0.354568,
        "nauc_recall_at_5_std": -0.179032,
        "nauc_recall_at_5_diff1": 0.381761,
        "nauc_recall_at_10_max": 0.33937,
        "nauc_recall_at_10_std": 0.028011,
        "nauc_recall_at_10_diff1": 0.355633,
        "nauc_recall_at_20_max": 0.569873,
        "nauc_recall_at_20_std": 0.131122,
        "nauc_recall_at_20_diff1": 0.389375,
        "nauc_recall_at_100_max": NaN,
        "nauc_recall_at_100_std": NaN,
        "nauc_recall_at_100_diff1": NaN,
        "nauc_recall_at_1000_max": NaN,
        "nauc_recall_at_1000_std": NaN,
        "nauc_recall_at_1000_diff1": NaN,
        "nauc_precision_at_1_max": 0.429631,
        "nauc_precision_at_1_std": -0.112816,
        "nauc_precision_at_1_diff1": 0.432122,
        "nauc_precision_at_3_max": 0.20647,
        "nauc_precision_at_3_std": -0.088746,
        "nauc_precision_at_3_diff1": 0.155281,
        "nauc_precision_at_5_max": 0.114031,
        "nauc_precision_at_5_std": -0.028268,
        "nauc_precision_at_5_diff1": 0.049846,
        "nauc_precision_at_10_max": 0.019194,
        "nauc_precision_at_10_std": 0.102446,
        "nauc_precision_at_10_diff1": -0.101716,
        "nauc_precision_at_20_max": -0.011433,
        "nauc_precision_at_20_std": 0.125957,
        "nauc_precision_at_20_diff1": -0.164624,
        "nauc_precision_at_100_max": -0.097162,
        "nauc_precision_at_100_std": 0.113509,
        "nauc_precision_at_100_diff1": -0.244402,
        "nauc_precision_at_1000_max": -0.097162,
        "nauc_precision_at_1000_std": 0.113509,
        "nauc_precision_at_1000_diff1": -0.244402,
        "nauc_mrr_at_1_max": 0.521219,
        "nauc_mrr_at_1_std": -0.043418,
        "nauc_mrr_at_1_diff1": 0.377823,
        "nauc_mrr_at_3_max": 0.487346,
        "nauc_mrr_at_3_std": -0.062145,
        "nauc_mrr_at_3_diff1": 0.351366,
        "nauc_mrr_at_5_max": 0.492995,
        "nauc_mrr_at_5_std": -0.059087,
        "nauc_mrr_at_5_diff1": 0.362898,
        "nauc_mrr_at_10_max": 0.492876,
        "nauc_mrr_at_10_std": -0.050173,
        "nauc_mrr_at_10_diff1": 0.363179,
        "nauc_mrr_at_20_max": 0.496289,
        "nauc_mrr_at_20_std": -0.050846,
        "nauc_mrr_at_20_diff1": 0.363182,
        "nauc_mrr_at_100_max": 0.495704,
        "nauc_mrr_at_100_std": -0.051453,
        "nauc_mrr_at_100_diff1": 0.363408,
        "nauc_mrr_at_1000_max": 0.495704,
        "nauc_mrr_at_1000_std": -0.051453,
        "nauc_mrr_at_1000_diff1": 0.363408,
        "main_score": 0.7655,
        "hf_subset": "korean",
        "languages": [
          "kor-Kore"
        ]
      }
    ]
  },
  "evaluation_time": 163.08710193634033,
  "kg_co2_emissions": null
}