{
  "dataset_revision": "d67138e705d963e346253a80e59676ddb418810a",
  "task_name": "MultiLongDocRetrieval",
  "mteb_version": "1.38.57",
  "scores": {
    "test": [
      {
        "ndcg_at_1": 0.675,
        "ndcg_at_3": 0.75113,
        "ndcg_at_5": 0.75522,
        "ndcg_at_10": 0.75974,
        "ndcg_at_20": 0.77458,
        "ndcg_at_100": 0.79606,
        "ndcg_at_1000": 0.79606,
        "map_at_1": 0.675,
        "map_at_3": 0.7325,
        "map_at_5": 0.73475,
        "map_at_10": 0.73643,
        "map_at_20": 0.74033,
        "map_at_100": 0.74363,
        "map_at_1000": 0.74363,
        "recall_at_1": 0.675,
        "recall_at_3": 0.805,
        "recall_at_5": 0.815,
        "recall_at_10": 0.83,
        "recall_at_20": 0.89,
        "recall_at_100": 1.0,
        "recall_at_1000": 1.0,
        "precision_at_1": 0.675,
        "precision_at_3": 0.26833,
        "precision_at_5": 0.163,
        "precision_at_10": 0.083,
        "precision_at_20": 0.0445,
        "precision_at_100": 0.01,
        "precision_at_1000": 0.001,
        "mrr_at_1": 0.68,
        "mrr_at_3": 0.735,
        "mrr_at_5": 0.73725,
        "mrr_at_10": 0.738931,
        "mrr_at_20": 0.742827,
        "mrr_at_100": 0.746136,
        "mrr_at_1000": 0.746136,
        "nauc_ndcg_at_1_max": 0.340251,
        "nauc_ndcg_at_1_std": 0.249908,
        "nauc_ndcg_at_1_diff1": 0.579881,
        "nauc_ndcg_at_3_max": 0.477896,
        "nauc_ndcg_at_3_std": 0.425408,
        "nauc_ndcg_at_3_diff1": 0.583814,
        "nauc_ndcg_at_5_max": 0.466872,
        "nauc_ndcg_at_5_std": 0.417953,
        "nauc_ndcg_at_5_diff1": 0.575825,
        "nauc_ndcg_at_10_max": 0.455118,
        "nauc_ndcg_at_10_std": 0.408599,
        "nauc_ndcg_at_10_diff1": 0.572492,
        "nauc_ndcg_at_20_max": 0.441519,
        "nauc_ndcg_at_20_std": 0.396514,
        "nauc_ndcg_at_20_diff1": 0.563011,
        "nauc_ndcg_at_100_max": 0.439172,
        "nauc_ndcg_at_100_std": 0.375374,
        "nauc_ndcg_at_100_diff1": 0.57825,
        "nauc_ndcg_at_1000_max": 0.439172,
        "nauc_ndcg_at_1000_std": 0.375374,
        "nauc_ndcg_at_1000_diff1": 0.57825,
        "nauc_map_at_1_max": 0.340251,
        "nauc_map_at_1_std": 0.249908,
        "nauc_map_at_1_diff1": 0.579881,
        "nauc_map_at_3_max": 0.443508,
        "nauc_map_at_3_std": 0.372326,
        "nauc_map_at_3_diff1": 0.586768,
        "nauc_map_at_5_max": 0.437533,
        "nauc_map_at_5_std": 0.368157,
        "nauc_map_at_5_diff1": 0.58271,
        "nauc_map_at_10_max": 0.433288,
        "nauc_map_at_10_std": 0.364683,
        "nauc_map_at_10_diff1": 0.581525,
        "nauc_map_at_20_max": 0.430319,
        "nauc_map_at_20_std": 0.361364,
        "nauc_map_at_20_diff1": 0.579742,
        "nauc_map_at_100_max": 0.429819,
        "nauc_map_at_100_std": 0.358265,
        "nauc_map_at_100_diff1": 0.581814,
        "nauc_map_at_1000_max": 0.429819,
        "nauc_map_at_1000_std": 0.358265,
        "nauc_map_at_1000_diff1": 0.581814,
        "nauc_recall_at_1_max": 0.340251,
        "nauc_recall_at_1_std": 0.249908,
        "nauc_recall_at_1_diff1": 0.579881,
        "nauc_recall_at_3_max": 0.602368,
        "nauc_recall_at_3_std": 0.623054,
        "nauc_recall_at_3_diff1": 0.570777,
        "nauc_recall_at_5_max": 0.574972,
        "nauc_recall_at_5_std": 0.609512,
        "nauc_recall_at_5_diff1": 0.545561,
        "nauc_recall_at_10_max": 0.532391,
        "nauc_recall_at_10_std": 0.58359,
        "nauc_recall_at_10_diff1": 0.529184,
        "nauc_recall_at_20_max": 0.459883,
        "nauc_recall_at_20_std": 0.575488,
        "nauc_recall_at_20_diff1": 0.433038,
        "nauc_recall_at_100_max": NaN,
        "nauc_recall_at_100_std": NaN,
        "nauc_recall_at_100_diff1": NaN,
        "nauc_recall_at_1000_max": NaN,
        "nauc_recall_at_1000_std": NaN,
        "nauc_recall_at_1000_diff1": NaN,
        "nauc_precision_at_1_max": 0.340251,
        "nauc_precision_at_1_std": 0.249908,
        "nauc_precision_at_1_diff1": 0.579881,
        "nauc_precision_at_3_max": 0.602368,
        "nauc_precision_at_3_std": 0.623054,
        "nauc_precision_at_3_diff1": 0.570777,
        "nauc_precision_at_5_max": 0.574972,
        "nauc_precision_at_5_std": 0.609512,
        "nauc_precision_at_5_diff1": 0.545561,
        "nauc_precision_at_10_max": 0.532391,
        "nauc_precision_at_10_std": 0.58359,
        "nauc_precision_at_10_diff1": 0.529184,
        "nauc_precision_at_20_max": 0.459883,
        "nauc_precision_at_20_std": 0.575488,
        "nauc_precision_at_20_diff1": 0.433038,
        "nauc_precision_at_100_max": 1.0,
        "nauc_precision_at_100_std": 1.0,
        "nauc_precision_at_100_diff1": 1.0,
        "nauc_precision_at_1000_max": 1.0,
        "nauc_precision_at_1000_std": 1.0,
        "nauc_precision_at_1000_diff1": 1.0,
        "nauc_mrr_at_1_max": 0.365049,
        "nauc_mrr_at_1_std": 0.27378,
        "nauc_mrr_at_1_diff1": 0.567324,
        "nauc_mrr_at_3_max": 0.458571,
        "nauc_mrr_at_3_std": 0.386963,
        "nauc_mrr_at_3_diff1": 0.579494,
        "nauc_mrr_at_5_max": 0.452687,
        "nauc_mrr_at_5_std": 0.382894,
        "nauc_mrr_at_5_diff1": 0.57535,
        "nauc_mrr_at_10_max": 0.448513,
        "nauc_mrr_at_10_std": 0.379494,
        "nauc_mrr_at_10_diff1": 0.574111,
        "nauc_mrr_at_20_max": 0.445756,
        "nauc_mrr_at_20_std": 0.376376,
        "nauc_mrr_at_20_diff1": 0.572205,
        "nauc_mrr_at_100_max": 0.445473,
        "nauc_mrr_at_100_std": 0.373472,
        "nauc_mrr_at_100_diff1": 0.574175,
        "nauc_mrr_at_1000_max": 0.445473,
        "nauc_mrr_at_1000_std": 0.373472,
        "nauc_mrr_at_1000_diff1": 0.574175,
        "main_score": 0.75974,
        "hf_subset": "ko",
        "languages": [
          "kor-Hang"
        ]
      }
    ]
  },
  "evaluation_time": 27912.62175154686,
  "kg_co2_emissions": null
}