{
  "dataset_revision": "main",
  "task_name": "PublicHealthQA",
  "mteb_version": "1.38.57",
  "scores": {
    "test": [
      {
        "ndcg_at_1": 0.48052,
        "ndcg_at_3": 0.52149,
        "ndcg_at_5": 0.54775,
        "ndcg_at_10": 0.56437,
        "ndcg_at_20": 0.57131,
        "ndcg_at_100": 0.57131,
        "ndcg_at_1000": 0.57131,
        "map_at_1": 0.48052,
        "map_at_3": 0.51299,
        "map_at_5": 0.52727,
        "map_at_10": 0.53403,
        "map_at_20": 0.53614,
        "map_at_100": 0.53614,
        "map_at_1000": 0.53614,
        "recall_at_1": 0.48052,
        "recall_at_3": 0.54545,
        "recall_at_5": 0.61039,
        "recall_at_10": 0.66234,
        "recall_at_20": 0.68831,
        "recall_at_100": 0.68831,
        "recall_at_1000": 0.68831,
        "precision_at_1": 0.48052,
        "precision_at_3": 0.18182,
        "precision_at_5": 0.12208,
        "precision_at_10": 0.06623,
        "precision_at_20": 0.03442,
        "precision_at_100": 0.00688,
        "precision_at_1000": 0.00069,
        "mrr_at_1": 0.480519,
        "mrr_at_3": 0.512987,
        "mrr_at_5": 0.527273,
        "mrr_at_10": 0.534034,
        "mrr_at_20": 0.536143,
        "mrr_at_100": 0.536143,
        "mrr_at_1000": 0.536143,
        "nauc_ndcg_at_1_max": 0.250422,
        "nauc_ndcg_at_1_std": 0.047779,
        "nauc_ndcg_at_1_diff1": 0.583809,
        "nauc_ndcg_at_3_max": 0.266257,
        "nauc_ndcg_at_3_std": 0.046826,
        "nauc_ndcg_at_3_diff1": 0.537403,
        "nauc_ndcg_at_5_max": 0.248951,
        "nauc_ndcg_at_5_std": 0.055572,
        "nauc_ndcg_at_5_diff1": 0.502397,
        "nauc_ndcg_at_10_max": 0.247083,
        "nauc_ndcg_at_10_std": 0.05365,
        "nauc_ndcg_at_10_diff1": 0.501755,
        "nauc_ndcg_at_20_max": 0.238168,
        "nauc_ndcg_at_20_std": 0.04646,
        "nauc_ndcg_at_20_diff1": 0.489114,
        "nauc_ndcg_at_100_max": 0.238168,
        "nauc_ndcg_at_100_std": 0.04646,
        "nauc_ndcg_at_100_diff1": 0.489114,
        "nauc_ndcg_at_1000_max": 0.238168,
        "nauc_ndcg_at_1000_std": 0.04646,
        "nauc_ndcg_at_1000_diff1": 0.489114,
        "nauc_map_at_1_max": 0.250422,
        "nauc_map_at_1_std": 0.047779,
        "nauc_map_at_1_diff1": 0.583809,
        "nauc_map_at_3_max": 0.262888,
        "nauc_map_at_3_std": 0.047028,
        "nauc_map_at_3_diff1": 0.547274,
        "nauc_map_at_5_max": 0.252596,
        "nauc_map_at_5_std": 0.050601,
        "nauc_map_at_5_diff1": 0.528486,
        "nauc_map_at_10_max": 0.252587,
        "nauc_map_at_10_std": 0.049405,
        "nauc_map_at_10_diff1": 0.528697,
        "nauc_map_at_20_max": 0.250238,
        "nauc_map_at_20_std": 0.047308,
        "nauc_map_at_20_diff1": 0.525199,
        "nauc_map_at_100_max": 0.250238,
        "nauc_map_at_100_std": 0.047308,
        "nauc_map_at_100_diff1": 0.525199,
        "nauc_map_at_1000_max": 0.250238,
        "nauc_map_at_1000_std": 0.047308,
        "nauc_map_at_1000_diff1": 0.525199,
        "nauc_recall_at_1_max": 0.250422,
        "nauc_recall_at_1_std": 0.047779,
        "nauc_recall_at_1_diff1": 0.583809,
        "nauc_recall_at_3_max": 0.275997,
        "nauc_recall_at_3_std": 0.046239,
        "nauc_recall_at_3_diff1": 0.508859,
        "nauc_recall_at_5_max": 0.235602,
        "nauc_recall_at_5_std": 0.074282,
        "nauc_recall_at_5_diff1": 0.41518,
        "nauc_recall_at_10_max": 0.223109,
        "nauc_recall_at_10_std": 0.071539,
        "nauc_recall_at_10_diff1": 0.402539,
        "nauc_recall_at_20_max": 0.180102,
        "nauc_recall_at_20_std": 0.040366,
        "nauc_recall_at_20_diff1": 0.340046,
        "nauc_recall_at_100_max": 0.180102,
        "nauc_recall_at_100_std": 0.040366,
        "nauc_recall_at_100_diff1": 0.340046,
        "nauc_recall_at_1000_max": 0.180102,
        "nauc_recall_at_1000_std": 0.040366,
        "nauc_recall_at_1000_diff1": 0.340046,
        "nauc_precision_at_1_max": 0.250422,
        "nauc_precision_at_1_std": 0.047779,
        "nauc_precision_at_1_diff1": 0.583809,
        "nauc_precision_at_3_max": 0.275997,
        "nauc_precision_at_3_std": 0.046239,
        "nauc_precision_at_3_diff1": 0.508859,
        "nauc_precision_at_5_max": 0.235602,
        "nauc_precision_at_5_std": 0.074282,
        "nauc_precision_at_5_diff1": 0.41518,
        "nauc_precision_at_10_max": 0.223109,
        "nauc_precision_at_10_std": 0.071539,
        "nauc_precision_at_10_diff1": 0.402539,
        "nauc_precision_at_20_max": 0.180102,
        "nauc_precision_at_20_std": 0.040366,
        "nauc_precision_at_20_diff1": 0.340046,
        "nauc_precision_at_100_max": 0.180102,
        "nauc_precision_at_100_std": 0.040366,
        "nauc_precision_at_100_diff1": 0.340046,
        "nauc_precision_at_1000_max": 0.180102,
        "nauc_precision_at_1000_std": 0.040366,
        "nauc_precision_at_1000_diff1": 0.340046,
        "nauc_mrr_at_1_max": 0.250422,
        "nauc_mrr_at_1_std": 0.047779,
        "nauc_mrr_at_1_diff1": 0.583809,
        "nauc_mrr_at_3_max": 0.262888,
        "nauc_mrr_at_3_std": 0.047028,
        "nauc_mrr_at_3_diff1": 0.547274,
        "nauc_mrr_at_5_max": 0.252596,
        "nauc_mrr_at_5_std": 0.050601,
        "nauc_mrr_at_5_diff1": 0.528486,
        "nauc_mrr_at_10_max": 0.252587,
        "nauc_mrr_at_10_std": 0.049405,
        "nauc_mrr_at_10_diff1": 0.528697,
        "nauc_mrr_at_20_max": 0.250238,
        "nauc_mrr_at_20_std": 0.047308,
        "nauc_mrr_at_20_diff1": 0.525199,
        "nauc_mrr_at_100_max": 0.250238,
        "nauc_mrr_at_100_std": 0.047308,
        "nauc_mrr_at_100_diff1": 0.525199,
        "nauc_mrr_at_1000_max": 0.250238,
        "nauc_mrr_at_1000_std": 0.047308,
        "nauc_mrr_at_1000_diff1": 0.525199,
        "main_score": 0.56437,
        "hf_subset": "korean",
        "languages": [
          "kor-Hang"
        ]
      }
    ]
  },
  "evaluation_time": 39.13777422904968,
  "kg_co2_emissions": null
}