{
  "dataset_revision": "c99d599f0a6ab9b85b065da6f9d94f9cf731679f",
  "task_name": "XPQARetrieval",
  "mteb_version": "1.38.57",
  "scores": {
    "test": [
      {
        "ndcg_at_1": 0.31498,
        "ndcg_at_3": 0.36347,
        "ndcg_at_5": 0.40325,
        "ndcg_at_10": 0.45291,
        "ndcg_at_20": 0.50245,
        "ndcg_at_100": 0.54641,
        "ndcg_at_1000": 0.54641,
        "map_at_1": 0.22538,
        "map_at_3": 0.33053,
        "map_at_5": 0.3609,
        "map_at_10": 0.38509,
        "map_at_20": 0.40142,
        "map_at_100": 0.41024,
        "map_at_1000": 0.41024,
        "recall_at_1": 0.22538,
        "recall_at_3": 0.38978,
        "recall_at_5": 0.48583,
        "recall_at_10": 0.62317,
        "recall_at_20": 0.79829,
        "recall_at_100": 1.0,
        "recall_at_1000": 1.0,
        "precision_at_1": 0.31498,
        "precision_at_3": 0.20897,
        "precision_at_5": 0.15688,
        "precision_at_10": 0.09969,
        "precision_at_20": 0.06399,
        "precision_at_100": 0.01564,
        "precision_at_1000": 0.00156,
        "mrr_at_1": 0.327217,
        "mrr_at_3": 0.385831,
        "mrr_at_5": 0.408461,
        "mrr_at_10": 0.424928,
        "mrr_at_20": 0.435341,
        "mrr_at_100": 0.440624,
        "mrr_at_1000": 0.440624,
        "nauc_ndcg_at_1_max": 0.317073,
        "nauc_ndcg_at_1_std": 0.094202,
        "nauc_ndcg_at_1_diff1": 0.534626,
        "nauc_ndcg_at_3_max": 0.296219,
        "nauc_ndcg_at_3_std": 0.089657,
        "nauc_ndcg_at_3_diff1": 0.48629,
        "nauc_ndcg_at_5_max": 0.274323,
        "nauc_ndcg_at_5_std": 0.099918,
        "nauc_ndcg_at_5_diff1": 0.48033,
        "nauc_ndcg_at_10_max": 0.236003,
        "nauc_ndcg_at_10_std": 0.1036,
        "nauc_ndcg_at_10_diff1": 0.477369,
        "nauc_ndcg_at_20_max": 0.241743,
        "nauc_ndcg_at_20_std": 0.121059,
        "nauc_ndcg_at_20_diff1": 0.47429,
        "nauc_ndcg_at_100_max": 0.278455,
        "nauc_ndcg_at_100_std": 0.115167,
        "nauc_ndcg_at_100_diff1": 0.483646,
        "nauc_ndcg_at_1000_max": 0.278455,
        "nauc_ndcg_at_1000_std": 0.115167,
        "nauc_ndcg_at_1000_diff1": 0.483646,
        "nauc_map_at_1_max": 0.251982,
        "nauc_map_at_1_std": 0.048832,
        "nauc_map_at_1_diff1": 0.569409,
        "nauc_map_at_3_max": 0.300889,
        "nauc_map_at_3_std": 0.084477,
        "nauc_map_at_3_diff1": 0.493111,
        "nauc_map_at_5_max": 0.290274,
        "nauc_map_at_5_std": 0.097613,
        "nauc_map_at_5_diff1": 0.489539,
        "nauc_map_at_10_max": 0.271107,
        "nauc_map_at_10_std": 0.101949,
        "nauc_map_at_10_diff1": 0.488054,
        "nauc_map_at_20_max": 0.271882,
        "nauc_map_at_20_std": 0.107412,
        "nauc_map_at_20_diff1": 0.487525,
        "nauc_map_at_100_max": 0.28051,
        "nauc_map_at_100_std": 0.107772,
        "nauc_map_at_100_diff1": 0.488605,
        "nauc_map_at_1000_max": 0.28051,
        "nauc_map_at_1000_std": 0.107772,
        "nauc_map_at_1000_diff1": 0.488605,
        "nauc_recall_at_1_max": 0.251982,
        "nauc_recall_at_1_std": 0.048832,
        "nauc_recall_at_1_diff1": 0.569409,
        "nauc_recall_at_3_max": 0.274025,
        "nauc_recall_at_3_std": 0.075961,
        "nauc_recall_at_3_diff1": 0.445788,
        "nauc_recall_at_5_max": 0.223706,
        "nauc_recall_at_5_std": 0.099972,
        "nauc_recall_at_5_diff1": 0.433336,
        "nauc_recall_at_10_max": 0.099536,
        "nauc_recall_at_10_std": 0.100041,
        "nauc_recall_at_10_diff1": 0.418313,
        "nauc_recall_at_20_max": 0.053084,
        "nauc_recall_at_20_std": 0.17818,
        "nauc_recall_at_20_diff1": 0.384939,
        "nauc_recall_at_100_max": NaN,
        "nauc_recall_at_100_std": NaN,
        "nauc_recall_at_100_diff1": NaN,
        "nauc_recall_at_1000_max": NaN,
        "nauc_recall_at_1000_std": NaN,
        "nauc_recall_at_1000_diff1": NaN,
        "nauc_precision_at_1_max": 0.317073,
        "nauc_precision_at_1_std": 0.094202,
        "nauc_precision_at_1_diff1": 0.534626,
        "nauc_precision_at_3_max": 0.301334,
        "nauc_precision_at_3_std": 0.127031,
        "nauc_precision_at_3_diff1": 0.291468,
        "nauc_precision_at_5_max": 0.238605,
        "nauc_precision_at_5_std": 0.141046,
        "nauc_precision_at_5_diff1": 0.252257,
        "nauc_precision_at_10_max": 0.14317,
        "nauc_precision_at_10_std": 0.155004,
        "nauc_precision_at_10_diff1": 0.183475,
        "nauc_precision_at_20_max": 0.129136,
        "nauc_precision_at_20_std": 0.19279,
        "nauc_precision_at_20_diff1": 0.079069,
        "nauc_precision_at_100_max": 0.203471,
        "nauc_precision_at_100_std": 0.163846,
        "nauc_precision_at_100_diff1": -0.060059,
        "nauc_precision_at_1000_max": 0.203471,
        "nauc_precision_at_1000_std": 0.163846,
        "nauc_precision_at_1000_diff1": -0.060059,
        "nauc_mrr_at_1_max": 0.313455,
        "nauc_mrr_at_1_std": 0.090758,
        "nauc_mrr_at_1_diff1": 0.49763,
        "nauc_mrr_at_3_max": 0.292609,
        "nauc_mrr_at_3_std": 0.090262,
        "nauc_mrr_at_3_diff1": 0.482346,
        "nauc_mrr_at_5_max": 0.277669,
        "nauc_mrr_at_5_std": 0.092912,
        "nauc_mrr_at_5_diff1": 0.482425,
        "nauc_mrr_at_10_max": 0.269694,
        "nauc_mrr_at_10_std": 0.091827,
        "nauc_mrr_at_10_diff1": 0.482043,
        "nauc_mrr_at_20_max": 0.272997,
        "nauc_mrr_at_20_std": 0.095435,
        "nauc_mrr_at_20_diff1": 0.481119,
        "nauc_mrr_at_100_max": 0.275738,
        "nauc_mrr_at_100_std": 0.094111,
        "nauc_mrr_at_100_diff1": 0.482985,
        "nauc_mrr_at_1000_max": 0.275738,
        "nauc_mrr_at_1000_std": 0.094111,
        "nauc_mrr_at_1000_diff1": 0.482985,
        "main_score": 0.45291,
        "hf_subset": "kor-kor",
        "languages": [
          "kor-Hang",
          "kor-Hang"
        ]
      },
      {
        "ndcg_at_1": 0.03976,
        "ndcg_at_3": 0.03661,
        "ndcg_at_5": 0.039,
        "ndcg_at_10": 0.04085,
        "ndcg_at_20": 0.04204,
        "ndcg_at_100": 0.04225,
        "ndcg_at_1000": 0.04225,
        "map_at_1": 0.02207,
        "map_at_3": 0.02921,
        "map_at_5": 0.03103,
        "map_at_10": 0.03175,
        "map_at_20": 0.03204,
        "map_at_100": 0.03207,
        "map_at_1000": 0.03207,
        "recall_at_1": 0.02207,
        "recall_at_3": 0.03563,
        "recall_at_5": 0.04371,
        "recall_at_10": 0.04867,
        "recall_at_20": 0.05229,
        "recall_at_100": 0.05306,
        "recall_at_1000": 0.05306,
        "precision_at_1": 0.03976,
        "precision_at_3": 0.02192,
        "precision_at_5": 0.0156,
        "precision_at_10": 0.00856,
        "precision_at_20": 0.00474,
        "precision_at_100": 0.00096,
        "precision_at_1000": 0.0001,
        "mrr_at_1": 0.039755,
        "mrr_at_3": 0.049694,
        "mrr_at_5": 0.052064,
        "mrr_at_10": 0.05342,
        "mrr_at_20": 0.053961,
        "mrr_at_100": 0.054034,
        "mrr_at_1000": 0.054034,
        "nauc_ndcg_at_1_max": 0.44009,
        "nauc_ndcg_at_1_std": 0.166577,
        "nauc_ndcg_at_1_diff1": 0.491729,
        "nauc_ndcg_at_3_max": 0.417218,
        "nauc_ndcg_at_3_std": 0.156333,
        "nauc_ndcg_at_3_diff1": 0.429613,
        "nauc_ndcg_at_5_max": 0.417804,
        "nauc_ndcg_at_5_std": 0.193867,
        "nauc_ndcg_at_5_diff1": 0.398014,
        "nauc_ndcg_at_10_max": 0.420127,
        "nauc_ndcg_at_10_std": 0.214167,
        "nauc_ndcg_at_10_diff1": 0.381222,
        "nauc_ndcg_at_20_max": 0.410839,
        "nauc_ndcg_at_20_std": 0.209898,
        "nauc_ndcg_at_20_diff1": 0.370741,
        "nauc_ndcg_at_100_max": 0.406312,
        "nauc_ndcg_at_100_std": 0.206372,
        "nauc_ndcg_at_100_diff1": 0.366834,
        "nauc_ndcg_at_1000_max": 0.406312,
        "nauc_ndcg_at_1000_std": 0.206372,
        "nauc_ndcg_at_1000_diff1": 0.366834,
        "nauc_map_at_1_max": 0.445457,
        "nauc_map_at_1_std": 0.162155,
        "nauc_map_at_1_diff1": 0.474835,