{
  "dataset_revision": "fd7df84ac089bbec763b1c6bb1b56e985df5cc5c",
  "task_name": "AutoRAGRetrieval",
  "mteb_version": "1.38.57",
  "scores": {
    "test": [
      {
        "ndcg_at_1": 0.92982,
        "ndcg_at_3": 0.96188,
        "ndcg_at_5": 0.96528,
        "ndcg_at_10": 0.9684,
        "ndcg_at_20": 0.9684,
        "ndcg_at_100": 0.9684,
        "ndcg_at_1000": 0.9684,
        "map_at_1": 0.92982,
        "map_at_3": 0.95468,
        "map_at_5": 0.95643,
        "map_at_10": 0.95789,
        "map_at_20": 0.95789,
        "map_at_100": 0.95789,
        "map_at_1000": 0.95789,
        "recall_at_1": 0.92982,
        "recall_at_3": 0.98246,
        "recall_at_5": 0.99123,
        "recall_at_10": 1.0,
        "recall_at_20": 1.0,
        "recall_at_100": 1.0,
        "recall_at_1000": 1.0,
        "precision_at_1": 0.92982,
        "precision_at_3": 0.32749,
        "precision_at_5": 0.19825,
        "precision_at_10": 0.1,
        "precision_at_20": 0.05,
        "precision_at_100": 0.01,
        "precision_at_1000": 0.001,
        "mrr_at_1": 0.973684,
        "mrr_at_3": 0.98538,
        "mrr_at_5": 0.98538,
        "mrr_at_10": 0.98538,
        "mrr_at_20": 0.98538,
        "mrr_at_100": 0.98538,
        "mrr_at_1000": 0.98538,
        "nauc_ndcg_at_1_max": -0.023954,
        "nauc_ndcg_at_1_std": -1.037579,
        "nauc_ndcg_at_1_diff1": 0.879626,
        "nauc_ndcg_at_3_max": -0.092591,
        "nauc_ndcg_at_3_std": -1.184965,
        "nauc_ndcg_at_3_diff1": 0.909845,
        "nauc_ndcg_at_5_max": -0.046542,
        "nauc_ndcg_at_5_std": -1.129107,
        "nauc_ndcg_at_5_diff1": 0.901034,
        "nauc_ndcg_at_10_max": -0.034401,
        "nauc_ndcg_at_10_std": -1.067065,
        "nauc_ndcg_at_10_diff1": 0.891248,
        "nauc_ndcg_at_20_max": -0.034401,
        "nauc_ndcg_at_20_std": -1.067065,
        "nauc_ndcg_at_20_diff1": 0.891248,
        "nauc_ndcg_at_100_max": -0.034401,
        "nauc_ndcg_at_100_std": -1.067065,
        "nauc_ndcg_at_100_diff1": 0.891248,
        "nauc_ndcg_at_1000_max": -0.034401,
        "nauc_ndcg_at_1000_std": -1.067065,
        "nauc_ndcg_at_1000_diff1": 0.891248,
        "nauc_map_at_1_max": -0.023954,
        "nauc_map_at_1_std": -1.037579,
        "nauc_map_at_1_diff1": 0.879626,
        "nauc_map_at_3_max": -0.057234,
        "nauc_map_at_3_std": -1.111004,
        "nauc_map_at_3_diff1": 0.897853,
        "nauc_map_at_5_max": -0.036835,
        "nauc_map_at_5_std": -1.085009,
        "nauc_map_at_5_diff1": 0.893739,
        "nauc_map_at_10_max": -0.032235,
        "nauc_map_at_10_std": -1.061692,
        "nauc_map_at_10_diff1": 0.89005,
        "nauc_map_at_20_max": -0.032235,
        "nauc_map_at_20_std": -1.061692,
        "nauc_map_at_20_diff1": 0.89005,
        "nauc_map_at_100_max": -0.032235,
        "nauc_map_at_100_std": -1.061692,
        "nauc_map_at_100_diff1": 0.89005,
        "nauc_map_at_1000_max": -0.032235,
        "nauc_map_at_1000_std": -1.061692,
        "nauc_map_at_1000_diff1": 0.89005,
        "nauc_recall_at_1_max": -0.023954,
        "nauc_recall_at_1_std": -1.037579,
        "nauc_recall_at_1_diff1": 0.879626,
        "nauc_recall_at_3_max": -0.366558,
        "nauc_recall_at_3_std": -1.756536,
        "nauc_recall_at_3_diff1": 1.0,
        "nauc_recall_at_5_max": -0.169326,
        "nauc_recall_at_5_std": -1.756536,
        "nauc_recall_at_5_diff1": 1.0,
        "nauc_recall_at_10_max": NaN,
        "nauc_recall_at_10_std": NaN,
        "nauc_recall_at_10_diff1": NaN,
        "nauc_recall_at_20_max": NaN,
        "nauc_recall_at_20_std": NaN,
        "nauc_recall_at_20_diff1": NaN,
        "nauc_recall_at_100_max": NaN,
        "nauc_recall_at_100_std": NaN,
        "nauc_recall_at_100_diff1": NaN,
        "nauc_recall_at_1000_max": NaN,
        "nauc_recall_at_1000_std": NaN,
        "nauc_recall_at_1000_diff1": NaN,
        "nauc_precision_at_1_max": -0.023954,
        "nauc_precision_at_1_std": -1.037579,
        "nauc_precision_at_1_diff1": 0.879626,
        "nauc_precision_at_3_max": -0.366558,
        "nauc_precision_at_3_std": -1.756536,
        "nauc_precision_at_3_diff1": 1.0,
        "nauc_precision_at_5_max": -0.169326,
        "nauc_precision_at_5_std": -1.756536,
        "nauc_precision_at_5_diff1": 1.0,
        "nauc_precision_at_10_max": 1.0,
        "nauc_precision_at_10_std": 1.0,
        "nauc_precision_at_10_diff1": 1.0,
        "nauc_precision_at_20_max": 1.0,
        "nauc_precision_at_20_std": 1.0,
        "nauc_precision_at_20_diff1": 1.0,
        "nauc_precision_at_100_max": 1.0,
        "nauc_precision_at_100_std": 1.0,
        "nauc_precision_at_100_diff1": 1.0,
        "nauc_precision_at_1000_max": 1.0,
        "nauc_precision_at_1000_std": 1.0,
        "nauc_precision_at_1000_diff1": 1.0,
        "nauc_mrr_at_1_max": 0.913192,
        "nauc_mrr_at_1_std": -0.042527,
        "nauc_mrr_at_1_diff1": 0.722407,
        "nauc_mrr_at_3_max": 0.921873,
        "nauc_mrr_at_3_std": 0.061726,
        "nauc_mrr_at_3_diff1": 0.722407,
        "nauc_mrr_at_5_max": 0.921873,
        "nauc_mrr_at_5_std": 0.061726,
        "nauc_mrr_at_5_diff1": 0.722407,
        "nauc_mrr_at_10_max": 0.921873,
        "nauc_mrr_at_10_std": 0.061726,
        "nauc_mrr_at_10_diff1": 0.722407,
        "nauc_mrr_at_20_max": 0.921873,
        "nauc_mrr_at_20_std": 0.061726,
        "nauc_mrr_at_20_diff1": 0.722407,
        "nauc_mrr_at_100_max": 0.921873,
        "nauc_mrr_at_100_std": 0.061726,
        "nauc_mrr_at_100_diff1": 0.722407,
        "nauc_mrr_at_1000_max": 0.921873,
        "nauc_mrr_at_1000_std": 0.061726,
        "nauc_mrr_at_1000_diff1": 0.722407,
        "main_score": 0.9684,
        "hf_subset": "default",
        "languages": [
          "kor-Hang"
        ]
      }
    ]
  },
  "evaluation_time": 35.54458045959473,
  "kg_co2_emissions": null
}