{
  "dataset_revision": "75b399394a9803252cfec289d103de462763db7c",
  "task_name": "BelebeleRetrieval",
  "mteb_version": "1.38.57",
  "scores": {
    "test": [
      {
        "ndcg_at_1": 0.95222,
        "ndcg_at_3": 0.9718,
        "ndcg_at_5": 0.97414,
        "ndcg_at_10": 0.97481,
        "ndcg_at_20": 0.97535,
        "ndcg_at_100": 0.97626,
        "ndcg_at_1000": 0.97626,
        "map_at_1": 0.95222,
        "map_at_3": 0.96704,
        "map_at_5": 0.96837,
        "map_at_10": 0.96862,
        "map_at_20": 0.96875,
        "map_at_100": 0.96891,
        "map_at_1000": 0.96891,
        "recall_at_1": 0.95222,
        "recall_at_3": 0.98556,
        "recall_at_5": 0.99111,
        "recall_at_10": 0.99333,
        "recall_at_20": 0.99556,
        "recall_at_100": 1.0,
        "recall_at_1000": 1.0,
        "precision_at_1": 0.95222,
        "precision_at_3": 0.32852,
        "precision_at_5": 0.19822,
        "precision_at_10": 0.09933,
        "precision_at_20": 0.04978,
        "precision_at_100": 0.01,
        "precision_at_1000": 0.001,
        "mrr_at_1": 0.952222,
        "mrr_at_3": 0.967222,
        "mrr_at_5": 0.968556,
        "mrr_at_10": 0.968802,
        "mrr_at_20": 0.969036,
        "mrr_at_100": 0.969175,
        "mrr_at_1000": 0.969175,
        "nauc_ndcg_at_1_max": 0.799492,
        "nauc_ndcg_at_1_std": 0.799492,
        "nauc_ndcg_at_1_diff1": 0.818416,
        "nauc_ndcg_at_3_max": 0.80486,
        "nauc_ndcg_at_3_std": 0.80486,
        "nauc_ndcg_at_3_diff1": 0.82741,
        "nauc_ndcg_at_5_max": 0.796929,
        "nauc_ndcg_at_5_std": 0.796929,
        "nauc_ndcg_at_5_diff1": 0.818802,
        "nauc_ndcg_at_10_max": 0.80492,
        "nauc_ndcg_at_10_std": 0.80492,
        "nauc_ndcg_at_10_diff1": 0.82425,
        "nauc_ndcg_at_20_max": 0.805676,
        "nauc_ndcg_at_20_std": 0.805676,
        "nauc_ndcg_at_20_diff1": 0.825428,
        "nauc_ndcg_at_100_max": 0.802749,
        "nauc_ndcg_at_100_std": 0.802749,
        "nauc_ndcg_at_100_diff1": 0.823262,
        "nauc_ndcg_at_1000_max": 0.802749,
        "nauc_ndcg_at_1000_std": 0.802749,
        "nauc_ndcg_at_1000_diff1": 0.823262,
        "nauc_map_at_1_max": 0.799492,
        "nauc_map_at_1_std": 0.799492,
        "nauc_map_at_1_diff1": 0.818416,
        "nauc_map_at_3_max": 0.80379,
        "nauc_map_at_3_std": 0.80379,
        "nauc_map_at_3_diff1": 0.825271,
        "nauc_map_at_5_max": 0.79991,
        "nauc_map_at_5_std": 0.79991,
        "nauc_map_at_5_diff1": 0.821005,
        "nauc_map_at_10_max": 0.802301,
        "nauc_map_at_10_std": 0.802301,
        "nauc_map_at_10_diff1": 0.822636,
        "nauc_map_at_20_max": 0.802499,
        "nauc_map_at_20_std": 0.802499,
        "nauc_map_at_20_diff1": 0.822922,
        "nauc_map_at_100_max": 0.80218,
        "nauc_map_at_100_std": 0.80218,
        "nauc_map_at_100_diff1": 0.822708,
        "nauc_map_at_1000_max": 0.80218,
        "nauc_map_at_1000_std": 0.80218,
        "nauc_map_at_1000_diff1": 0.822708,
        "nauc_recall_at_1_max": 0.799492,
        "nauc_recall_at_1_std": 0.799492,
        "nauc_recall_at_1_diff1": 0.818416,
        "nauc_recall_at_3_max": 0.81114,
        "nauc_recall_at_3_std": 0.81114,
        "nauc_recall_at_3_diff1": 0.840552,
        "nauc_recall_at_5_max": 0.762547,
        "nauc_recall_at_5_std": 0.762547,
        "nauc_recall_at_5_diff1": 0.791958,
        "nauc_recall_at_10_max": 0.851385,
        "nauc_recall_at_10_std": 0.851385,
        "nauc_recall_at_10_diff1": 0.851385,
        "nauc_recall_at_20_max": 0.888539,
        "nauc_recall_at_20_std": 0.888539,
        "nauc_recall_at_20_diff1": 0.888539,
        "nauc_recall_at_100_max": NaN,
        "nauc_recall_at_100_std": NaN,
        "nauc_recall_at_100_diff1": NaN,
        "nauc_recall_at_1000_max": NaN,
        "nauc_recall_at_1000_std": NaN,
        "nauc_recall_at_1000_diff1": NaN,
        "nauc_precision_at_1_max": 0.799492,
        "nauc_precision_at_1_std": 0.799492,
        "nauc_precision_at_1_diff1": 0.818416,
        "nauc_precision_at_3_max": 0.81114,
        "nauc_precision_at_3_std": 0.81114,
        "nauc_precision_at_3_diff1": 0.840552,
        "nauc_precision_at_5_max": 0.762547,
        "nauc_precision_at_5_std": 0.762547,
        "nauc_precision_at_5_diff1": 0.791958,
        "nauc_precision_at_10_max": 0.851385,
        "nauc_precision_at_10_std": 0.851385,
        "nauc_precision_at_10_diff1": 0.851385,
        "nauc_precision_at_20_max": 0.888539,
        "nauc_precision_at_20_std": 0.888539,
        "nauc_precision_at_20_diff1": 0.888539,
        "nauc_precision_at_100_max": 1.0,
        "nauc_precision_at_100_std": 1.0,
        "nauc_precision_at_100_diff1": 1.0,
        "nauc_precision_at_1000_max": NaN,
        "nauc_precision_at_1000_std": NaN,
        "nauc_precision_at_1000_diff1": NaN,
        "nauc_mrr_at_1_max": 0.799492,
        "nauc_mrr_at_1_std": 0.799492,
        "nauc_mrr_at_1_diff1": 0.818416,
        "nauc_mrr_at_3_max": 0.802682,
        "nauc_mrr_at_3_std": 0.802682,
        "nauc_mrr_at_3_diff1": 0.824284,
        "nauc_mrr_at_5_max": 0.798732,
        "nauc_mrr_at_5_std": 0.798732,
        "nauc_mrr_at_5_diff1": 0.819951,
        "nauc_mrr_at_10_max": 0.801128,
        "nauc_mrr_at_10_std": 0.801128,
        "nauc_mrr_at_10_diff1": 0.821583,
        "nauc_mrr_at_20_max": 0.800694,
        "nauc_mrr_at_20_std": 0.800694,
        "nauc_mrr_at_20_diff1": 0.821304,
        "nauc_mrr_at_100_max": 0.800497,
        "nauc_mrr_at_100_std": 0.800497,
        "nauc_mrr_at_100_diff1": 0.8212,
        "nauc_mrr_at_1000_max": 0.800497,
        "nauc_mrr_at_1000_std": 0.800497,
        "nauc_mrr_at_1000_diff1": 0.8212,
        "main_score": 0.97481,
        "hf_subset": "kor_Hang-kor_Hang",
        "languages": [
          "kor-Hang",
          "kor-Hang"
        ]
      },
      {
        "ndcg_at_1": 0.09667,
        "ndcg_at_3": 0.10003,
        "ndcg_at_5": 0.10003,
        "ndcg_at_10": 0.1004,
        "ndcg_at_20": 0.1004,
        "ndcg_at_100": 0.1004,
        "ndcg_at_1000": 0.1004,
        "map_at_1": 0.09667,
        "map_at_3": 0.09926,
        "map_at_5": 0.09926,
        "map_at_10": 0.09942,
        "map_at_20": 0.09942,
        "map_at_100": 0.09942,
        "map_at_1000": 0.09942,
        "recall_at_1": 0.09667,
        "recall_at_3": 0.10222,
        "recall_at_5": 0.10222,
        "recall_at_10": 0.10333,
        "recall_at_20": 0.10333,
        "recall_at_100": 0.10333,
        "recall_at_1000": 0.10333,
        "precision_at_1": 0.09667,
        "precision_at_3": 0.03407,
        "precision_at_5": 0.02044,
        "precision_at_10": 0.01033,
        "precision_at_20": 0.00517,
        "precision_at_100": 0.00103,
        "precision_at_1000": 0.0001,
        "mrr_at_1": 0.096667,
        "mrr_at_3": 0.099444,
        "mrr_at_5": 0.099444,
        "mrr_at_10": 0.099603,
        "mrr_at_20": 0.099603,
        "mrr_at_100": 0.099603,
        "mrr_at_1000": 0.099603,
        "nauc_ndcg_at_1_max": 0.855824,
        "nauc_ndcg_at_1_std": 0.848484,
        "nauc_ndcg_at_1_diff1": 0.886587,
        "nauc_ndcg_at_3_max": 0.852224,
        "nauc_ndcg_at_3_std": 0.8451,
        "nauc_ndcg_at_3_diff1": 0.881084,
        "nauc_ndcg_at_5_max": 0.852224,
        "nauc_ndcg_at_5_std": 0.8451,
        "nauc_ndcg_at_5_diff1": 0.881084,
        "nauc_ndcg_at_10_max": 0.850497,
        "nauc_ndcg_at_10_std": 0.843391,
        "nauc_ndcg_at_10_diff1": 0.880122,
        "nauc_ndcg_at_20_max": 0.850497,
        "nauc_ndcg_at_20_std": 0.843391,
        "nauc_ndcg_at_20_diff1": 0.880122,
        "nauc_ndcg_at_100_max": 0.850497,
        "nauc_ndcg_at_100_std": 0.843391,
        "nauc_ndcg_at_100_diff1": 0.880122,
        "nauc_ndcg_at_1000_max": 0.850497,
        "nauc_ndcg_at_1000_std": 0.843391,
        "nauc_ndcg_at_1000_diff1": 0.880122,
        "nauc_map_at_1_max": 0.855824,
        "nauc_map_at_1_std": 0.848484,
        "nauc_map_at_1_diff1": 0.886587,
        "nauc_map_at_3_max": 0.853577,