{
  "dataset_revision": "d243889a3eb6654029dbd7e7f9319ae31d58f97c",
  "task_name": "Ko-StrategyQA",
  "mteb_version": "1.38.57",
  "scores": {
    "dev": [
      {
        "ndcg_at_1": 0.76014,
        "ndcg_at_3": 0.76957,
        "ndcg_at_5": 0.79941,
        "ndcg_at_10": 0.82386,
        "ndcg_at_20": 0.83646,
        "ndcg_at_100": 0.85208,
        "ndcg_at_1000": 0.85208,
        "map_at_1": 0.49281,
        "map_at_3": 0.72585,
        "map_at_5": 0.75696,
        "map_at_10": 0.77259,
        "map_at_20": 0.778,
        "map_at_100": 0.78227,
        "map_at_1000": 0.78227,
        "recall_at_1": 0.49281,
        "recall_at_3": 0.78366,
        "recall_at_5": 0.84361,
        "recall_at_10": 0.9025,
        "recall_at_20": 0.93988,
        "recall_at_100": 1.0,
        "recall_at_1000": 1.0,
        "precision_at_1": 0.76014,
        "precision_at_3": 0.4634,
        "precision_at_5": 0.30912,
        "precision_at_10": 0.16909,
        "precision_at_20": 0.08944,
        "precision_at_100": 0.01934,
        "precision_at_1000": 0.00193,
        "mrr_at_1": 0.775338,
        "mrr_at_3": 0.830236,
        "mrr_at_5": 0.835557,
        "mrr_at_10": 0.839935,
        "mrr_at_20": 0.84163,
        "mrr_at_100": 0.842429,
        "mrr_at_1000": 0.842429,
        "nauc_ndcg_at_1_max": 0.515627,
        "nauc_ndcg_at_1_std": 0.3282,
        "nauc_ndcg_at_1_diff1": 0.60258,
        "nauc_ndcg_at_3_max": 0.602876,
        "nauc_ndcg_at_3_std": 0.437652,
        "nauc_ndcg_at_3_diff1": 0.571525,
        "nauc_ndcg_at_5_max": 0.623409,
        "nauc_ndcg_at_5_std": 0.486026,
        "nauc_ndcg_at_5_diff1": 0.59732,
        "nauc_ndcg_at_10_max": 0.636994,
        "nauc_ndcg_at_10_std": 0.503702,
        "nauc_ndcg_at_10_diff1": 0.617178,
        "nauc_ndcg_at_20_max": 0.627822,
        "nauc_ndcg_at_20_std": 0.490241,
        "nauc_ndcg_at_20_diff1": 0.613387,
        "nauc_ndcg_at_100_max": 0.598261,
        "nauc_ndcg_at_100_std": 0.448267,
        "nauc_ndcg_at_100_diff1": 0.598439,
        "nauc_ndcg_at_1000_max": 0.598261,
        "nauc_ndcg_at_1000_std": 0.448267,
        "nauc_ndcg_at_1000_diff1": 0.598439,
        "nauc_map_at_1_max": 0.27416,
        "nauc_map_at_1_std": 0.058356,
        "nauc_map_at_1_diff1": 0.549019,
        "nauc_map_at_3_max": 0.568351,
        "nauc_map_at_3_std": 0.385662,
        "nauc_map_at_3_diff1": 0.545837,
        "nauc_map_at_5_max": 0.585701,
        "nauc_map_at_5_std": 0.426292,
        "nauc_map_at_5_diff1": 0.568489,
        "nauc_map_at_10_max": 0.594937,
        "nauc_map_at_10_std": 0.438148,
        "nauc_map_at_10_diff1": 0.583016,
        "nauc_map_at_20_max": 0.59156,
        "nauc_map_at_20_std": 0.432844,
        "nauc_map_at_20_diff1": 0.582625,
        "nauc_map_at_100_max": 0.585301,
        "nauc_map_at_100_std": 0.424171,
        "nauc_map_at_100_diff1": 0.579297,
        "nauc_map_at_1000_max": 0.585301,
        "nauc_map_at_1000_std": 0.424171,
        "nauc_map_at_1000_diff1": 0.579297,
        "nauc_recall_at_1_max": 0.27416,
        "nauc_recall_at_1_std": 0.058356,
        "nauc_recall_at_1_diff1": 0.549019,
        "nauc_recall_at_3_max": 0.64118,
        "nauc_recall_at_3_std": 0.498915,
        "nauc_recall_at_3_diff1": 0.533605,
        "nauc_recall_at_5_max": 0.697132,
        "nauc_recall_at_5_std": 0.619218,
        "nauc_recall_at_5_diff1": 0.593207,
        "nauc_recall_at_10_max": 0.80456,
        "nauc_recall_at_10_std": 0.759675,
        "nauc_recall_at_10_diff1": 0.689839,
        "nauc_recall_at_20_max": 0.848552,
        "nauc_recall_at_20_std": 0.825664,
        "nauc_recall_at_20_diff1": 0.709691,
        "nauc_recall_at_100_max": NaN,
        "nauc_recall_at_100_std": NaN,
        "nauc_recall_at_100_diff1": NaN,
        "nauc_recall_at_1000_max": NaN,
        "nauc_recall_at_1000_std": NaN,
        "nauc_recall_at_1000_diff1": NaN,
        "nauc_precision_at_1_max": 0.515627,
        "nauc_precision_at_1_std": 0.3282,
        "nauc_precision_at_1_diff1": 0.60258,
        "nauc_precision_at_3_max": 0.352877,
        "nauc_precision_at_3_std": 0.425181,
        "nauc_precision_at_3_diff1": 0.035825,
        "nauc_precision_at_5_max": 0.230571,
        "nauc_precision_at_5_std": 0.356667,
        "nauc_precision_at_5_diff1": -0.027861,
        "nauc_precision_at_10_max": 0.133723,
        "nauc_precision_at_10_std": 0.291013,
        "nauc_precision_at_10_diff1": -0.103539,
        "nauc_precision_at_20_max": 0.033871,
        "nauc_precision_at_20_std": 0.198572,
        "nauc_precision_at_20_diff1": -0.186034,
        "nauc_precision_at_100_max": -0.143215,
        "nauc_precision_at_100_std": 0.025288,
        "nauc_precision_at_100_diff1": -0.332329,
        "nauc_precision_at_1000_max": -0.143215,
        "nauc_precision_at_1000_std": 0.025288,
        "nauc_precision_at_1000_diff1": -0.332329,
        "nauc_mrr_at_1_max": 0.624078,
        "nauc_mrr_at_1_std": 0.470447,
        "nauc_mrr_at_1_diff1": 0.560622,
        "nauc_mrr_at_3_max": 0.686828,
        "nauc_mrr_at_3_std": 0.569979,
        "nauc_mrr_at_3_diff1": 0.604818,
        "nauc_mrr_at_5_max": 0.683731,
        "nauc_mrr_at_5_std": 0.563347,
        "nauc_mrr_at_5_diff1": 0.608689,
        "nauc_mrr_at_10_max": 0.679442,
        "nauc_mrr_at_10_std": 0.557753,
        "nauc_mrr_at_10_diff1": 0.601431,
        "nauc_mrr_at_20_max": 0.677072,
        "nauc_mrr_at_20_std": 0.553847,
        "nauc_mrr_at_20_diff1": 0.599023,
        "nauc_mrr_at_100_max": 0.676233,
        "nauc_mrr_at_100_std": 0.552342,
        "nauc_mrr_at_100_diff1": 0.598844,
        "nauc_mrr_at_1000_max": 0.676233,
        "nauc_mrr_at_1000_std": 0.552342,
        "nauc_mrr_at_1000_diff1": 0.598844,
        "main_score": 0.82386,
        "hf_subset": "default",
        "languages": [
          "kor-Hang"
        ]
      }
    ]
  },
  "evaluation_time": 107.28165888786316,
  "kg_co2_emissions": null
}