{
  "dataset_revision": "main",
  "task_name": "MIRACLRetrieval",
  "mteb_version": "1.38.57",
  "scores": {
    "dev": [
      {
        "ndcg_at_1": 0.69484,
        "ndcg_at_3": 0.75346,
        "ndcg_at_5": 0.79215,
        "ndcg_at_10": 0.82015,
        "ndcg_at_20": 0.84037,
        "ndcg_at_100": 0.84258,
        "ndcg_at_1000": 0.84258,
        "map_at_1": 0.44034,
        "map_at_3": 0.62766,
        "map_at_5": 0.70552,
        "map_at_10": 0.74448,
        "map_at_20": 0.76203,
        "map_at_100": 0.76294,
        "map_at_1000": 0.76294,
        "recall_at_1": 0.44034,
        "recall_at_3": 0.72365,
        "recall_at_5": 0.85492,
        "recall_at_10": 0.94692,
        "recall_at_20": 0.99343,
        "recall_at_100": 1.0,
        "recall_at_1000": 1.0,
        "precision_at_1": 0.69484,
        "precision_at_3": 0.47418,
        "precision_at_5": 0.3784,
        "precision_at_10": 0.22723,
        "precision_at_20": 0.12676,
        "precision_at_100": 0.02568,
        "precision_at_1000": 0.00257,
        "mrr_at_1": 0.84507,
        "mrr_at_3": 0.884194,
        "mrr_at_5": 0.890767,
        "mrr_at_10": 0.894757,
        "mrr_at_20": 0.894757,
        "mrr_at_100": 0.894757,
        "mrr_at_1000": 0.894757,
        "nauc_ndcg_at_1_max": 0.129574,
        "nauc_ndcg_at_1_std": -0.231496,
        "nauc_ndcg_at_1_diff1": 0.317367,
        "nauc_ndcg_at_3_max": 0.162801,
        "nauc_ndcg_at_3_std": -0.421547,
        "nauc_ndcg_at_3_diff1": 0.382765,
        "nauc_ndcg_at_5_max": 0.164143,
        "nauc_ndcg_at_5_std": -0.433327,
        "nauc_ndcg_at_5_diff1": 0.360704,
        "nauc_ndcg_at_10_max": 0.143926,
        "nauc_ndcg_at_10_std": -0.424964,
        "nauc_ndcg_at_10_diff1": 0.383178,
        "nauc_ndcg_at_20_max": 0.173613,
        "nauc_ndcg_at_20_std": -0.338692,
        "nauc_ndcg_at_20_diff1": 0.338893,
        "nauc_ndcg_at_100_max": 0.168477,
        "nauc_ndcg_at_100_std": -0.3201,
        "nauc_ndcg_at_100_diff1": 0.327746,
        "nauc_ndcg_at_1000_max": 0.168477,
        "nauc_ndcg_at_1000_std": -0.3201,
        "nauc_ndcg_at_1000_diff1": 0.327746,
        "nauc_map_at_1_max": 0.050583,
        "nauc_map_at_1_std": -0.543662,
        "nauc_map_at_1_diff1": 0.590263,
        "nauc_map_at_3_max": 0.076955,
        "nauc_map_at_3_std": -0.627609,
        "nauc_map_at_3_diff1": 0.548078,
        "nauc_map_at_5_max": 0.107946,
        "nauc_map_at_5_std": -0.580062,
        "nauc_map_at_5_diff1": 0.463564,
        "nauc_map_at_10_max": 0.117465,
        "nauc_map_at_10_std": -0.473064,
        "nauc_map_at_10_diff1": 0.416348,
        "nauc_map_at_20_max": 0.139819,
        "nauc_map_at_20_std": -0.410766,
        "nauc_map_at_20_diff1": 0.386168,
        "nauc_map_at_100_max": 0.138314,
        "nauc_map_at_100_std": -0.405565,
        "nauc_map_at_100_diff1": 0.383433,
        "nauc_map_at_1000_max": 0.138314,
        "nauc_map_at_1000_std": -0.405565,
        "nauc_map_at_1000_diff1": 0.383433,
        "nauc_recall_at_1_max": 0.050583,
        "nauc_recall_at_1_std": -0.543662,
        "nauc_recall_at_1_diff1": 0.590263,
        "nauc_recall_at_3_max": 0.0916,
        "nauc_recall_at_3_std": -0.716562,
        "nauc_recall_at_3_diff1": 0.540339,
        "nauc_recall_at_5_max": 0.140878,
        "nauc_recall_at_5_std": -0.779057,
        "nauc_recall_at_5_diff1": 0.461662,
        "nauc_recall_at_10_max": -0.003163,
        "nauc_recall_at_10_std": -0.884294,
        "nauc_recall_at_10_diff1": 0.598665,
        "nauc_recall_at_20_max": 0.456734,
        "nauc_recall_at_20_std": -1.282553,
        "nauc_recall_at_20_diff1": 0.936271,
        "nauc_recall_at_100_max": NaN,
        "nauc_recall_at_100_std": NaN,
        "nauc_recall_at_100_diff1": NaN,
        "nauc_recall_at_1000_max": NaN,
        "nauc_recall_at_1000_std": NaN,
        "nauc_recall_at_1000_diff1": NaN,
        "nauc_precision_at_1_max": 0.129574,
        "nauc_precision_at_1_std": -0.231496,
        "nauc_precision_at_1_diff1": 0.317367,
        "nauc_precision_at_3_max": 0.123086,
        "nauc_precision_at_3_std": 0.253838,
        "nauc_precision_at_3_diff1": -0.327099,
        "nauc_precision_at_5_max": 0.100178,
        "nauc_precision_at_5_std": 0.448149,
        "nauc_precision_at_5_diff1": -0.469417,
        "nauc_precision_at_10_max": 0.081541,
        "nauc_precision_at_10_std": 0.59767,
        "nauc_precision_at_10_diff1": -0.49099,
        "nauc_precision_at_20_max": 0.091612,
        "nauc_precision_at_20_std": 0.644108,
        "nauc_precision_at_20_diff1": -0.495631,
        "nauc_precision_at_100_max": 0.081742,
        "nauc_precision_at_100_std": 0.660746,
        "nauc_precision_at_100_diff1": -0.505273,
        "nauc_precision_at_1000_max": 0.081742,
        "nauc_precision_at_1000_std": 0.660746,
        "nauc_precision_at_1000_diff1": -0.505273,
        "nauc_mrr_at_1_max": 0.587036,
        "nauc_mrr_at_1_std": 0.386797,
        "nauc_mrr_at_1_diff1": -0.216608,
        "nauc_mrr_at_3_max": 0.630632,
        "nauc_mrr_at_3_std": 0.305548,
        "nauc_mrr_at_3_diff1": -0.186186,
        "nauc_mrr_at_5_max": 0.616629,
        "nauc_mrr_at_5_std": 0.312547,
        "nauc_mrr_at_5_diff1": -0.188845,
        "nauc_mrr_at_10_max": 0.615566,
        "nauc_mrr_at_10_std": 0.330807,
        "nauc_mrr_at_10_diff1": -0.19644,
        "nauc_mrr_at_20_max": 0.615566,
        "nauc_mrr_at_20_std": 0.330807,
        "nauc_mrr_at_20_diff1": -0.19644,
        "nauc_mrr_at_100_max": 0.615566,
        "nauc_mrr_at_100_std": 0.330807,
        "nauc_mrr_at_100_diff1": -0.19644,
        "nauc_mrr_at_1000_max": 0.615566,
        "nauc_mrr_at_1000_std": 0.330807,
        "nauc_mrr_at_1000_diff1": -0.19644,
        "main_score": 0.82015,
        "hf_subset": "ko",
        "languages": [
          "kor-Kore"
        ]
      }
    ]
  },
  "evaluation_time": 33.11241888999939,
  "kg_co2_emissions": null
}