{
  "dataset_revision": "fc24a3ce8f09746410daee3d5cd823ff7a0675b7",
  "task_name": "MrTidyRetrieval",
  "mteb_version": "1.38.57",
  "scores": {
    "test": [
      {
        "ndcg_at_1": 0.46793,
        "ndcg_at_3": 0.61446,
        "ndcg_at_5": 0.6425,
        "ndcg_at_10": 0.67769,
        "ndcg_at_20": 0.69337,
        "ndcg_at_100": 0.70528,
        "ndcg_at_1000": 0.70528,
        "map_at_1": 0.42993,
        "map_at_3": 0.56908,
        "map_at_5": 0.58755,
        "map_at_10": 0.60362,
        "map_at_20": 0.60864,
        "map_at_100": 0.61079,
        "map_at_1000": 0.61079,
        "recall_at_1": 0.42993,
        "recall_at_3": 0.71694,
        "recall_at_5": 0.78029,
        "recall_at_10": 0.88361,
        "recall_at_20": 0.9422,
        "recall_at_100": 1.0,
        "recall_at_1000": 1.0,
        "precision_at_1": 0.46793,
        "precision_at_3": 0.27395,
        "precision_at_5": 0.181,
        "precision_at_10": 0.10285,
        "precision_at_20": 0.05511,
        "precision_at_100": 0.01169,
        "precision_at_1000": 0.00117,
        "mrr_at_1": 0.617577,
        "mrr_at_3": 0.69042,
        "mrr_at_5": 0.698377,
        "mrr_at_10": 0.710284,
        "mrr_at_20": 0.713539,
        "mrr_at_100": 0.71516,
        "mrr_at_1000": 0.71516,
        "nauc_ndcg_at_1_max": 0.054729,
        "nauc_ndcg_at_1_std": -0.356266,
        "nauc_ndcg_at_1_diff1": 0.454362,
        "nauc_ndcg_at_3_max": 0.063726,
        "nauc_ndcg_at_3_std": -0.375346,
        "nauc_ndcg_at_3_diff1": 0.357578,
        "nauc_ndcg_at_5_max": 0.069302,
        "nauc_ndcg_at_5_std": -0.355485,
        "nauc_ndcg_at_5_diff1": 0.340243,
        "nauc_ndcg_at_10_max": 0.08059,
        "nauc_ndcg_at_10_std": -0.346344,
        "nauc_ndcg_at_10_diff1": 0.347503,
        "nauc_ndcg_at_20_max": 0.089561,
        "nauc_ndcg_at_20_std": -0.344067,
        "nauc_ndcg_at_20_diff1": 0.363804,
        "nauc_ndcg_at_100_max": 0.075934,
        "nauc_ndcg_at_100_std": -0.353362,
        "nauc_ndcg_at_100_diff1": 0.371978,
        "nauc_ndcg_at_1000_max": 0.075934,
        "nauc_ndcg_at_1000_std": -0.353362,
        "nauc_ndcg_at_1000_diff1": 0.371978,
        "nauc_map_at_1_max": 0.059053,
        "nauc_map_at_1_std": -0.36048,
        "nauc_map_at_1_diff1": 0.446907,
        "nauc_map_at_3_max": 0.060295,
        "nauc_map_at_3_std": -0.382236,
        "nauc_map_at_3_diff1": 0.383828,
        "nauc_map_at_5_max": 0.062588,
        "nauc_map_at_5_std": -0.372596,
        "nauc_map_at_5_diff1": 0.375669,
        "nauc_map_at_10_max": 0.06863,
        "nauc_map_at_10_std": -0.368784,
        "nauc_map_at_10_diff1": 0.379933,
        "nauc_map_at_20_max": 0.071398,
        "nauc_map_at_20_std": -0.366761,
        "nauc_map_at_20_diff1": 0.383573,
        "nauc_map_at_100_max": 0.069556,
        "nauc_map_at_100_std": -0.367417,
        "nauc_map_at_100_diff1": 0.384292,
        "nauc_map_at_1000_max": 0.069556,
        "nauc_map_at_1000_std": -0.367417,
        "nauc_map_at_1000_diff1": 0.384292,
        "nauc_recall_at_1_max": 0.059053,
        "nauc_recall_at_1_std": -0.36048,
        "nauc_recall_at_1_diff1": 0.446907,
        "nauc_recall_at_3_max": 0.063429,
        "nauc_recall_at_3_std": -0.36449,
        "nauc_recall_at_3_diff1": 0.261214,
        "nauc_recall_at_5_max": 0.077447,
        "nauc_recall_at_5_std": -0.309816,
        "nauc_recall_at_5_diff1": 0.190066,
        "nauc_recall_at_10_max": 0.15112,
        "nauc_recall_at_10_std": -0.229344,
        "nauc_recall_at_10_diff1": 0.123654,
        "nauc_recall_at_20_max": 0.338813,
        "nauc_recall_at_20_std": -0.139264,
        "nauc_recall_at_20_diff1": 0.18285,
        "nauc_recall_at_100_max": NaN,
        "nauc_recall_at_100_std": NaN,
        "nauc_recall_at_100_diff1": NaN,
        "nauc_recall_at_1000_max": NaN,
        "nauc_recall_at_1000_std": NaN,
        "nauc_recall_at_1000_diff1": NaN,
        "nauc_precision_at_1_max": 0.054729,
        "nauc_precision_at_1_std": -0.356266,
        "nauc_precision_at_1_diff1": 0.454362,
        "nauc_precision_at_3_max": 0.061606,
        "nauc_precision_at_3_std": -0.199652,
        "nauc_precision_at_3_diff1": 0.139697,
        "nauc_precision_at_5_max": 0.064388,
        "nauc_precision_at_5_std": -0.088062,
        "nauc_precision_at_5_diff1": 0.043216,
        "nauc_precision_at_10_max": 0.111836,
        "nauc_precision_at_10_std": 0.064691,
        "nauc_precision_at_10_diff1": -0.05432,
        "nauc_precision_at_20_max": 0.144733,
        "nauc_precision_at_20_std": 0.178003,
        "nauc_precision_at_20_diff1": -0.087789,
        "nauc_precision_at_100_max": 0.081617,
        "nauc_precision_at_100_std": 0.261743,
        "nauc_precision_at_100_diff1": -0.162231,
        "nauc_precision_at_1000_max": 0.081617,
        "nauc_precision_at_1000_std": 0.261743,
        "nauc_precision_at_1000_diff1": -0.162231,
        "nauc_mrr_at_1_max": 0.361201,
        "nauc_mrr_at_1_std": -0.01507,
        "nauc_mrr_at_1_diff1": 0.090163,
        "nauc_mrr_at_3_max": 0.31456,
        "nauc_mrr_at_3_std": -0.076111,
        "nauc_mrr_at_3_diff1": 0.113958,
        "nauc_mrr_at_5_max": 0.313798,
        "nauc_mrr_at_5_std": -0.074546,
        "nauc_mrr_at_5_diff1": 0.108932,
        "nauc_mrr_at_10_max": 0.314675,
        "nauc_mrr_at_10_std": -0.067091,
        "nauc_mrr_at_10_diff1": 0.106124,
        "nauc_mrr_at_20_max": 0.317664,
        "nauc_mrr_at_20_std": -0.066162,
        "nauc_mrr_at_20_diff1": 0.107978,
        "nauc_mrr_at_100_max": 0.317185,
        "nauc_mrr_at_100_std": -0.066643,
        "nauc_mrr_at_100_diff1": 0.107834,
        "nauc_mrr_at_1000_max": 0.317185,
        "nauc_mrr_at_1000_std": -0.066643,
        "nauc_mrr_at_1000_diff1": 0.107834,
        "main_score": 0.67769,
        "hf_subset": "korean",
        "languages": [
          "kor-Kore"
        ]
      }
    ]
  },
  "evaluation_time": 66.25977444648743,
  "kg_co2_emissions": null
}