{
  "dataset_revision": "d67138e705d963e346253a80e59676ddb418810a",
  "task_name": "MultiLongDocRetrieval",
  "mteb_version": "1.38.57",
  "scores": {
    "test": [
      {
        "ndcg_at_1": 0.59,
        "ndcg_at_3": 0.66428,
        "ndcg_at_5": 0.67268,
        "ndcg_at_10": 0.69975,
        "ndcg_at_20": 0.71236,
        "ndcg_at_100": 0.73912,
        "ndcg_at_1000": 0.73912,
        "map_at_1": 0.59,
        "map_at_3": 0.64667,
        "map_at_5": 0.65142,
        "map_at_10": 0.66236,
        "map_at_20": 0.6658,
        "map_at_100": 0.6705,
        "map_at_1000": 0.6705,
        "recall_at_1": 0.59,
        "recall_at_3": 0.715,
        "recall_at_5": 0.735,
        "recall_at_10": 0.82,
        "recall_at_20": 0.87,
        "recall_at_100": 1.0,
        "recall_at_1000": 1.0,
        "precision_at_1": 0.59,
        "precision_at_3": 0.23833,
        "precision_at_5": 0.147,
        "precision_at_10": 0.082,
        "precision_at_20": 0.0435,
        "precision_at_100": 0.01,
        "precision_at_1000": 0.001,
        "mrr_at_1": 0.6,
        "mrr_at_3": 0.651667,
        "mrr_at_5": 0.657417,
        "mrr_at_10": 0.667796,
        "mrr_at_20": 0.671258,
        "mrr_at_100": 0.676004,
        "mrr_at_1000": 0.676004,
        "nauc_ndcg_at_1_max": 0.517374,
        "nauc_ndcg_at_1_std": 0.477937,
        "nauc_ndcg_at_1_diff1": 0.649493,
        "nauc_ndcg_at_3_max": 0.500694,
        "nauc_ndcg_at_3_std": 0.462936,
        "nauc_ndcg_at_3_diff1": 0.625473,
        "nauc_ndcg_at_5_max": 0.491531,
        "nauc_ndcg_at_5_std": 0.452928,
        "nauc_ndcg_at_5_diff1": 0.618064,
        "nauc_ndcg_at_10_max": 0.489505,
        "nauc_ndcg_at_10_std": 0.450166,
        "nauc_ndcg_at_10_diff1": 0.617919,
        "nauc_ndcg_at_20_max": 0.485207,
        "nauc_ndcg_at_20_std": 0.447038,
        "nauc_ndcg_at_20_diff1": 0.613674,
        "nauc_ndcg_at_100_max": 0.49918,
        "nauc_ndcg_at_100_std": 0.460065,
        "nauc_ndcg_at_100_diff1": 0.62565,
        "nauc_ndcg_at_1000_max": 0.49918,
        "nauc_ndcg_at_1000_std": 0.460065,
        "nauc_ndcg_at_1000_diff1": 0.62565,
        "nauc_map_at_1_max": 0.517374,
        "nauc_map_at_1_std": 0.477937,
        "nauc_map_at_1_diff1": 0.649493,
        "nauc_map_at_3_max": 0.50518,
        "nauc_map_at_3_std": 0.466572,
        "nauc_map_at_3_diff1": 0.63165,
        "nauc_map_at_5_max": 0.500371,
        "nauc_map_at_5_std": 0.461296,
        "nauc_map_at_5_diff1": 0.627796,
        "nauc_map_at_10_max": 0.501271,
        "nauc_map_at_10_std": 0.461965,
        "nauc_map_at_10_diff1": 0.628552,
        "nauc_map_at_20_max": 0.499799,
        "nauc_map_at_20_std": 0.460633,
        "nauc_map_at_20_diff1": 0.627337,
        "nauc_map_at_100_max": 0.502448,
        "nauc_map_at_100_std": 0.463182,
        "nauc_map_at_100_diff1": 0.629424,
        "nauc_map_at_1000_max": 0.502448,
        "nauc_map_at_1000_std": 0.463182,
        "nauc_map_at_1000_diff1": 0.629424,
        "nauc_recall_at_1_max": 0.517374,
        "nauc_recall_at_1_std": 0.477937,
        "nauc_recall_at_1_diff1": 0.649493,
        "nauc_recall_at_3_max": 0.485726,
        "nauc_recall_at_3_std": 0.450991,
        "nauc_recall_at_3_diff1": 0.604997,
        "nauc_recall_at_5_max": 0.459053,
        "nauc_recall_at_5_std": 0.422174,
        "nauc_recall_at_5_diff1": 0.582897,
        "nauc_recall_at_10_max": 0.425432,
        "nauc_recall_at_10_std": 0.385298,
        "nauc_recall_at_10_diff1": 0.564255,
        "nauc_recall_at_20_max": 0.380508,
        "nauc_recall_at_20_std": 0.351348,
        "nauc_recall_at_20_diff1": 0.518977,
        "nauc_recall_at_100_max": NaN,
        "nauc_recall_at_100_std": NaN,
        "nauc_recall_at_100_diff1": NaN,
        "nauc_recall_at_1000_max": NaN,
        "nauc_recall_at_1000_std": NaN,
        "nauc_recall_at_1000_diff1": NaN,
        "nauc_precision_at_1_max": 0.517374,
        "nauc_precision_at_1_std": 0.477937,
        "nauc_precision_at_1_diff1": 0.649493,
        "nauc_precision_at_3_max": 0.485726,
        "nauc_precision_at_3_std": 0.450991,
        "nauc_precision_at_3_diff1": 0.604997,
        "nauc_precision_at_5_max": 0.459053,
        "nauc_precision_at_5_std": 0.422174,
        "nauc_precision_at_5_diff1": 0.582897,
        "nauc_precision_at_10_max": 0.425432,
        "nauc_precision_at_10_std": 0.385298,
        "nauc_precision_at_10_diff1": 0.564255,
        "nauc_precision_at_20_max": 0.380508,
        "nauc_precision_at_20_std": 0.351348,
        "nauc_precision_at_20_diff1": 0.518977,
        "nauc_precision_at_100_max": 1.0,
        "nauc_precision_at_100_std": 1.0,
        "nauc_precision_at_100_diff1": 1.0,
        "nauc_precision_at_1000_max": 1.0,
        "nauc_precision_at_1000_std": 1.0,
        "nauc_precision_at_1000_diff1": 1.0,
        "nauc_mrr_at_1_max": 0.495889,
        "nauc_mrr_at_1_std": 0.456003,
        "nauc_mrr_at_1_diff1": 0.625096,
        "nauc_mrr_at_3_max": 0.493251,
        "nauc_mrr_at_3_std": 0.4544,
        "nauc_mrr_at_3_diff1": 0.618079,
        "nauc_mrr_at_5_max": 0.487548,
        "nauc_mrr_at_5_std": 0.448124,
        "nauc_mrr_at_5_diff1": 0.61364,
        "nauc_mrr_at_10_max": 0.488088,
        "nauc_mrr_at_10_std": 0.448478,
        "nauc_mrr_at_10_diff1": 0.613811,
        "nauc_mrr_at_20_max": 0.486424,
        "nauc_mrr_at_20_std": 0.446938,
        "nauc_mrr_at_20_diff1": 0.612397,
        "nauc_mrr_at_100_max": 0.488821,
        "nauc_mrr_at_100_std": 0.449223,
        "nauc_mrr_at_100_diff1": 0.614232,
        "nauc_mrr_at_1000_max": 0.488821,
        "nauc_mrr_at_1000_std": 0.449223,
        "nauc_mrr_at_1000_diff1": 0.614232,
        "main_score": 0.69975,
        "hf_subset": "ko",
        "languages": [
          "kor-Hang"
        ]
      }
    ]
  },
  "evaluation_time": 1588.0095467567444,
  "kg_co2_emissions": null
}