{
  "dataset_revision": "main",
  "task_name": "PublicHealthQA",
  "mteb_version": "1.38.57",
  "scores": {
    "test": [
      {
        "ndcg_at_1": 0.46753,
        "ndcg_at_3": 0.53308,
        "ndcg_at_5": 0.5437,
        "ndcg_at_10": 0.55266,
        "ndcg_at_20": 0.55266,
        "ndcg_at_100": 0.55545,
        "ndcg_at_1000": 0.55545,
        "map_at_1": 0.46753,
        "map_at_3": 0.51948,
        "map_at_5": 0.52532,
        "map_at_10": 0.52934,
        "map_at_20": 0.52934,
        "map_at_100": 0.52989,
        "map_at_1000": 0.52989,
        "recall_at_1": 0.46753,
        "recall_at_3": 0.57143,
        "recall_at_5": 0.5974,
        "recall_at_10": 0.62338,
        "recall_at_20": 0.62338,
        "recall_at_100": 0.63636,
        "recall_at_1000": 0.63636,
        "precision_at_1": 0.46753,
        "precision_at_3": 0.19048,
        "precision_at_5": 0.11948,
        "precision_at_10": 0.06234,
        "precision_at_20": 0.03117,
        "precision_at_100": 0.00636,
        "precision_at_1000": 0.00064,
        "mrr_at_1": 0.480519,
        "mrr_at_3": 0.525974,
        "mrr_at_5": 0.531818,
        "mrr_at_10": 0.535838,
        "mrr_at_20": 0.535838,
        "mrr_at_100": 0.536357,
        "mrr_at_1000": 0.536357,
        "nauc_ndcg_at_1_max": 0.543026,
        "nauc_ndcg_at_1_std": 0.204391,
        "nauc_ndcg_at_1_diff1": 0.329735,
        "nauc_ndcg_at_3_max": 0.509742,
        "nauc_ndcg_at_3_std": 0.181774,
        "nauc_ndcg_at_3_diff1": 0.270173,
        "nauc_ndcg_at_5_max": 0.492518,
        "nauc_ndcg_at_5_std": 0.160789,
        "nauc_ndcg_at_5_diff1": 0.259173,
        "nauc_ndcg_at_10_max": 0.497206,
        "nauc_ndcg_at_10_std": 0.175943,
        "nauc_ndcg_at_10_diff1": 0.23962,
        "nauc_ndcg_at_20_max": 0.497206,
        "nauc_ndcg_at_20_std": 0.175943,
        "nauc_ndcg_at_20_diff1": 0.23962,
        "nauc_ndcg_at_100_max": 0.494805,
        "nauc_ndcg_at_100_std": 0.172008,
        "nauc_ndcg_at_100_diff1": 0.242198,
        "nauc_ndcg_at_1000_max": 0.494805,
        "nauc_ndcg_at_1000_std": 0.172008,
        "nauc_ndcg_at_1000_diff1": 0.242198,
        "nauc_map_at_1_max": 0.543026,
        "nauc_map_at_1_std": 0.204391,
        "nauc_map_at_1_diff1": 0.329735,
        "nauc_map_at_3_max": 0.516936,
        "nauc_map_at_3_std": 0.186662,
        "nauc_map_at_3_diff1": 0.283046,
        "nauc_map_at_5_max": 0.507495,
        "nauc_map_at_5_std": 0.17517,
        "nauc_map_at_5_diff1": 0.27687,
        "nauc_map_at_10_max": 0.509311,
        "nauc_map_at_10_std": 0.181258,
        "nauc_map_at_10_diff1": 0.268498,
        "nauc_map_at_20_max": 0.509311,
        "nauc_map_at_20_std": 0.181258,
        "nauc_map_at_20_diff1": 0.268498,
        "nauc_map_at_100_max": 0.50887,
        "nauc_map_at_100_std": 0.180523,
        "nauc_map_at_100_diff1": 0.269008,
        "nauc_map_at_1000_max": 0.50887,
        "nauc_map_at_1000_std": 0.180523,
        "nauc_map_at_1000_diff1": 0.269008,
        "nauc_recall_at_1_max": 0.543026,
        "nauc_recall_at_1_std": 0.204391,
        "nauc_recall_at_1_diff1": 0.329735,
        "nauc_recall_at_3_max": 0.488587,
        "nauc_recall_at_3_std": 0.167398,
        "nauc_recall_at_3_diff1": 0.232314,
        "nauc_recall_at_5_max": 0.444398,
        "nauc_recall_at_5_std": 0.113748,
        "nauc_recall_at_5_diff1": 0.204251,
        "nauc_recall_at_10_max": 0.45867,
        "nauc_recall_at_10_std": 0.162653,
        "nauc_recall_at_10_diff1": 0.139746,
        "nauc_recall_at_20_max": 0.45867,
        "nauc_recall_at_20_std": 0.162653,
        "nauc_recall_at_20_diff1": 0.139746,
        "nauc_recall_at_100_max": 0.445401,
        "nauc_recall_at_100_std": 0.142128,
        "nauc_recall_at_100_diff1": 0.15053,
        "nauc_recall_at_1000_max": 0.445401,
        "nauc_recall_at_1000_std": 0.142128,
        "nauc_recall_at_1000_diff1": 0.15053,
        "nauc_precision_at_1_max": 0.543026,
        "nauc_precision_at_1_std": 0.204391,
        "nauc_precision_at_1_diff1": 0.329735,
        "nauc_precision_at_3_max": 0.488587,
        "nauc_precision_at_3_std": 0.167398,
        "nauc_precision_at_3_diff1": 0.232314,
        "nauc_precision_at_5_max": 0.444398,
        "nauc_precision_at_5_std": 0.113748,
        "nauc_precision_at_5_diff1": 0.204251,
        "nauc_precision_at_10_max": 0.45867,
        "nauc_precision_at_10_std": 0.162653,
        "nauc_precision_at_10_diff1": 0.139746,
        "nauc_precision_at_20_max": 0.45867,
        "nauc_precision_at_20_std": 0.162653,
        "nauc_precision_at_20_diff1": 0.139746,
        "nauc_precision_at_100_max": 0.445401,
        "nauc_precision_at_100_std": 0.142128,
        "nauc_precision_at_100_diff1": 0.15053,
        "nauc_precision_at_1000_max": 0.445401,
        "nauc_precision_at_1000_std": 0.142128,
        "nauc_precision_at_1000_diff1": 0.15053,
        "nauc_mrr_at_1_max": 0.545336,
        "nauc_mrr_at_1_std": 0.269298,
        "nauc_mrr_at_1_diff1": 0.294307,
        "nauc_mrr_at_3_max": 0.518073,
        "nauc_mrr_at_3_std": 0.220345,
        "nauc_mrr_at_3_diff1": 0.264526,
        "nauc_mrr_at_5_max": 0.508616,
        "nauc_mrr_at_5_std": 0.209035,
        "nauc_mrr_at_5_diff1": 0.25822,
        "nauc_mrr_at_10_max": 0.510444,
        "nauc_mrr_at_10_std": 0.215364,
        "nauc_mrr_at_10_diff1": 0.249702,
        "nauc_mrr_at_20_max": 0.510444,
        "nauc_mrr_at_20_std": 0.215364,
        "nauc_mrr_at_20_diff1": 0.249702,
        "nauc_mrr_at_100_max": 0.510021,
        "nauc_mrr_at_100_std": 0.214686,
        "nauc_mrr_at_100_diff1": 0.250177,
        "nauc_mrr_at_1000_max": 0.510021,
        "nauc_mrr_at_1000_std": 0.214686,
        "nauc_mrr_at_1000_diff1": 0.250177,
        "main_score": 0.55266,
        "hf_subset": "korean",
        "languages": [
          "kor-Hang"
        ]
      }
    ]
  },
  "evaluation_time": 14.85704493522644,
  "kg_co2_emissions": null
}