{
  "dataset_revision": "c99d599f0a6ab9b85b065da6f9d94f9cf731679f",
  "task_name": "XPQARetrieval",
  "mteb_version": "1.38.57",
  "scores": {
    "test": [
      {
        "ndcg_at_1": 0.34709,
        "ndcg_at_3": 0.40681,
        "ndcg_at_5": 0.44231,
        "ndcg_at_10": 0.49012,
        "ndcg_at_20": 0.53106,
        "ndcg_at_100": 0.57308,
        "ndcg_at_1000": 0.57308,
        "map_at_1": 0.24845,
        "map_at_3": 0.36798,
        "map_at_5": 0.39658,
        "map_at_10": 0.42037,
        "map_at_20": 0.4337,
        "map_at_100": 0.44227,
        "map_at_1000": 0.44227,
        "recall_at_1": 0.24845,
        "recall_at_3": 0.44924,
        "recall_at_5": 0.53443,
        "recall_at_10": 0.66527,
        "recall_at_20": 0.81035,
        "recall_at_100": 1.0,
        "recall_at_1000": 1.0,
        "precision_at_1": 0.34709,
        "precision_at_3": 0.23242,
        "precision_at_5": 0.16972,
        "precision_at_10": 0.10566,
        "precision_at_20": 0.06445,
        "precision_at_100": 0.01564,
        "precision_at_1000": 0.00156,
        "mrr_at_1": 0.389908,
        "mrr_at_3": 0.450815,
        "mrr_at_5": 0.466259,
        "mrr_at_10": 0.481443,
        "mrr_at_20": 0.489841,
        "mrr_at_100": 0.495255,
        "mrr_at_1000": 0.495255,
        "nauc_ndcg_at_1_max": 0.10125,
        "nauc_ndcg_at_1_std": -0.129324,
        "nauc_ndcg_at_1_diff1": 0.342041,
        "nauc_ndcg_at_3_max": 0.05376,
        "nauc_ndcg_at_3_std": -0.161329,
        "nauc_ndcg_at_3_diff1": 0.316713,
        "nauc_ndcg_at_5_max": 0.045457,
        "nauc_ndcg_at_5_std": -0.174438,
        "nauc_ndcg_at_5_diff1": 0.322327,
        "nauc_ndcg_at_10_max": 0.031658,
        "nauc_ndcg_at_10_std": -0.188578,
        "nauc_ndcg_at_10_diff1": 0.322515,
        "nauc_ndcg_at_20_max": 0.02131,
        "nauc_ndcg_at_20_std": -0.190315,
        "nauc_ndcg_at_20_diff1": 0.327942,
        "nauc_ndcg_at_100_max": 0.05267,
        "nauc_ndcg_at_100_std": -0.159617,
        "nauc_ndcg_at_100_diff1": 0.321658,
        "nauc_ndcg_at_1000_max": 0.05267,
        "nauc_ndcg_at_1000_std": -0.159617,
        "nauc_ndcg_at_1000_diff1": 0.321658,
        "nauc_map_at_1_max": 0.040898,
        "nauc_map_at_1_std": -0.167156,
        "nauc_map_at_1_diff1": 0.377209,
        "nauc_map_at_3_max": 0.060411,
        "nauc_map_at_3_std": -0.154765,
        "nauc_map_at_3_diff1": 0.318858,
        "nauc_map_at_5_max": 0.05528,
        "nauc_map_at_5_std": -0.161723,
        "nauc_map_at_5_diff1": 0.322483,
        "nauc_map_at_10_max": 0.049594,
        "nauc_map_at_10_std": -0.168929,
        "nauc_map_at_10_diff1": 0.322122,
        "nauc_map_at_20_max": 0.046251,
        "nauc_map_at_20_std": -0.170114,
        "nauc_map_at_20_diff1": 0.324104,
        "nauc_map_at_100_max": 0.052532,
        "nauc_map_at_100_std": -0.162826,
        "nauc_map_at_100_diff1": 0.322198,
        "nauc_map_at_1000_max": 0.052532,
        "nauc_map_at_1000_std": -0.162826,
        "nauc_map_at_1000_diff1": 0.322198,
        "nauc_recall_at_1_max": 0.040898,
        "nauc_recall_at_1_std": -0.167156,
        "nauc_recall_at_1_diff1": 0.377209,
        "nauc_recall_at_3_max": 0.026655,
        "nauc_recall_at_3_std": -0.174768,
        "nauc_recall_at_3_diff1": 0.290614,
        "nauc_recall_at_5_max": 0.017449,
        "nauc_recall_at_5_std": -0.198674,
        "nauc_recall_at_5_diff1": 0.297474,
        "nauc_recall_at_10_max": -0.041145,
        "nauc_recall_at_10_std": -0.257236,
        "nauc_recall_at_10_diff1": 0.300576,
        "nauc_recall_at_20_max": -0.154688,
        "nauc_recall_at_20_std": -0.329976,
        "nauc_recall_at_20_diff1": 0.335026,
        "nauc_recall_at_100_max": NaN,
        "nauc_recall_at_100_std": NaN,
        "nauc_recall_at_100_diff1": NaN,
        "nauc_recall_at_1000_max": NaN,
        "nauc_recall_at_1000_std": NaN,
        "nauc_recall_at_1000_diff1": NaN,
        "nauc_precision_at_1_max": 0.10125,
        "nauc_precision_at_1_std": -0.129324,
        "nauc_precision_at_1_diff1": 0.342041,
        "nauc_precision_at_3_max": 0.075409,
        "nauc_precision_at_3_std": -0.087654,
        "nauc_precision_at_3_diff1": 0.156813,
        "nauc_precision_at_5_max": 0.050781,
        "nauc_precision_at_5_std": -0.086772,
        "nauc_precision_at_5_diff1": 0.13586,
        "nauc_precision_at_10_max": 0.027744,
        "nauc_precision_at_10_std": -0.083576,
        "nauc_precision_at_10_diff1": 0.096693,
        "nauc_precision_at_20_max": 0.016096,
        "nauc_precision_at_20_std": -0.029292,
        "nauc_precision_at_20_diff1": 0.040515,
        "nauc_precision_at_100_max": 0.116121,
        "nauc_precision_at_100_std": 0.156604,
        "nauc_precision_at_100_diff1": -0.100914,
        "nauc_precision_at_1000_max": 0.116121,
        "nauc_precision_at_1000_std": 0.156604,
        "nauc_precision_at_1000_diff1": -0.100914,
        "nauc_mrr_at_1_max": 0.222184,
        "nauc_mrr_at_1_std": 0.009637,
        "nauc_mrr_at_1_diff1": 0.23194,
        "nauc_mrr_at_3_max": 0.1611,
        "nauc_mrr_at_3_std": -0.04367,
        "nauc_mrr_at_3_diff1": 0.259564,
        "nauc_mrr_at_5_max": 0.154053,
        "nauc_mrr_at_5_std": -0.051086,
        "nauc_mrr_at_5_diff1": 0.259699,
        "nauc_mrr_at_10_max": 0.14909,
        "nauc_mrr_at_10_std": -0.057528,
        "nauc_mrr_at_10_diff1": 0.258754,
        "nauc_mrr_at_20_max": 0.151508,
        "nauc_mrr_at_20_std": -0.052724,
        "nauc_mrr_at_20_diff1": 0.259033,
        "nauc_mrr_at_100_max": 0.156197,
        "nauc_mrr_at_100_std": -0.048813,
        "nauc_mrr_at_100_diff1": 0.257839,
        "nauc_mrr_at_1000_max": 0.156197,
        "nauc_mrr_at_1000_std": -0.048813,
        "nauc_mrr_at_1000_diff1": 0.257839,
        "main_score": 0.49012,
        "hf_subset": "kor-kor",
        "languages": [
          "kor-Hang",
          "kor-Hang"
        ]
      },
      {
        "ndcg_at_1": 0.05046,
        "ndcg_at_3": 0.04097,
        "ndcg_at_5": 0.04099,
        "ndcg_at_10": 0.0429,
        "ndcg_at_20": 0.04354,
        "ndcg_at_100": 0.0441,
        "ndcg_at_1000": 0.0441,
        "map_at_1": 0.02536,
        "map_at_3": 0.03224,
        "map_at_5": 0.03283,
        "map_at_10": 0.03355,
        "map_at_20": 0.03372,
        "map_at_100": 0.0338,
        "map_at_1000": 0.0338,
        "recall_at_1": 0.02536,
        "recall_at_3": 0.04065,
        "recall_at_5": 0.04332,
        "recall_at_10": 0.04842,
        "recall_at_20": 0.05071,
        "recall_at_100": 0.05306,
        "recall_at_1000": 0.05306,
        "precision_at_1": 0.05046,
        "precision_at_3": 0.02396,
        "precision_at_5": 0.0159,
        "precision_at_10": 0.00887,
        "precision_at_20": 0.00459,
        "precision_at_100": 0.00096,
        "precision_at_1000": 0.0001,
        "mrr_at_1": 0.050459,
        "mrr_at_3": 0.05683,
        "mrr_at_5": 0.058512,
        "mrr_at_10": 0.059547,
        "mrr_at_20": 0.059774,
        "mrr_at_100": 0.059943,
        "mrr_at_1000": 0.059943,
        "nauc_ndcg_at_1_max": 0.449328,
        "nauc_ndcg_at_1_std": 0.422903,
        "nauc_ndcg_at_1_diff1": 0.543285,
        "nauc_ndcg_at_3_max": 0.36286,
        "nauc_ndcg_at_3_std": 0.345679,
        "nauc_ndcg_at_3_diff1": 0.44975,
        "nauc_ndcg_at_5_max": 0.367286,
        "nauc_ndcg_at_5_std": 0.352112,
        "nauc_ndcg_at_5_diff1": 0.449871,
        "nauc_ndcg_at_10_max": 0.373352,
        "nauc_ndcg_at_10_std": 0.358852,
        "nauc_ndcg_at_10_diff1": 0.452058,
        "nauc_ndcg_at_20_max": 0.376476,
        "nauc_ndcg_at_20_std": 0.362188,
        "nauc_ndcg_at_20_diff1": 0.444407,
        "nauc_ndcg_at_100_max": 0.372708,
        "nauc_ndcg_at_100_std": 0.3613,
        "nauc_ndcg_at_100_diff1": 0.442552,
        "nauc_ndcg_at_1000_max": 0.372708,
        "nauc_ndcg_at_1000_std": 0.3613,
        "nauc_ndcg_at_1000_diff1": 0.442552,
        "nauc_map_at_1_max": 0.404768,
        "nauc_map_at_1_std": 0.386778,