{
  "dataset_revision": "fd7df84ac089bbec763b1c6bb1b56e985df5cc5c",
  "task_name": "AutoRAGRetrieval",
  "mteb_version": "1.38.57",
  "scores": {
    "test": [
      {
        "ndcg_at_1": 0.88596,
        "ndcg_at_3": 0.95123,
        "ndcg_at_5": 0.95462,
        "ndcg_at_10": 0.95462,
        "ndcg_at_20": 0.95462,
        "ndcg_at_100": 0.95462,
        "ndcg_at_1000": 0.95462,
        "map_at_1": 0.88596,
        "map_at_3": 0.93713,
        "map_at_5": 0.93889,
        "map_at_10": 0.93889,
        "map_at_20": 0.93889,
        "map_at_100": 0.93889,
        "map_at_1000": 0.93889,
        "recall_at_1": 0.88596,
        "recall_at_3": 0.99123,
        "recall_at_5": 1.0,
        "recall_at_10": 1.0,
        "recall_at_20": 1.0,
        "recall_at_100": 1.0,
        "recall_at_1000": 1.0,
        "precision_at_1": 0.88596,
        "precision_at_3": 0.33041,
        "precision_at_5": 0.2,
        "precision_at_10": 0.1,
        "precision_at_20": 0.05,
        "precision_at_100": 0.01,
        "precision_at_1000": 0.001,
        "mrr_at_1": 0.973684,
        "mrr_at_3": 0.98538,
        "mrr_at_5": 0.98538,
        "mrr_at_10": 0.98538,
        "mrr_at_20": 0.98538,
        "mrr_at_100": 0.98538,
        "mrr_at_1000": 0.98538,
        "nauc_ndcg_at_1_max": 0.01944,
        "nauc_ndcg_at_1_std": -1.123248,
        "nauc_ndcg_at_1_diff1": 0.927105,
        "nauc_ndcg_at_3_max": 0.01047,
        "nauc_ndcg_at_3_std": -1.211554,
        "nauc_ndcg_at_3_diff1": 0.934149,
        "nauc_ndcg_at_5_max": 0.024171,
        "nauc_ndcg_at_5_std": -1.170027,
        "nauc_ndcg_at_5_diff1": 0.929132,
        "nauc_ndcg_at_10_max": 0.024171,
        "nauc_ndcg_at_10_std": -1.170027,
        "nauc_ndcg_at_10_diff1": 0.929132,
        "nauc_ndcg_at_20_max": 0.024171,
        "nauc_ndcg_at_20_std": -1.170027,
        "nauc_ndcg_at_20_diff1": 0.929132,
        "nauc_ndcg_at_100_max": 0.024171,
        "nauc_ndcg_at_100_std": -1.170027,
        "nauc_ndcg_at_100_diff1": 0.929132,
        "nauc_ndcg_at_1000_max": 0.024171,
        "nauc_ndcg_at_1000_std": -1.170027,
        "nauc_ndcg_at_1000_diff1": 0.929132,
        "nauc_map_at_1_max": 0.01944,
        "nauc_map_at_1_std": -1.123248,
        "nauc_map_at_1_diff1": 0.927105,
        "nauc_map_at_3_max": 0.018706,
        "nauc_map_at_3_std": -1.183248,
        "nauc_map_at_3_diff1": 0.930927,
        "nauc_map_at_5_max": 0.024207,
        "nauc_map_at_5_std": -1.166477,
        "nauc_map_at_5_diff1": 0.928907,
        "nauc_map_at_10_max": 0.024207,
        "nauc_map_at_10_std": -1.166477,
        "nauc_map_at_10_diff1": 0.928907,
        "nauc_map_at_20_max": 0.024207,
        "nauc_map_at_20_std": -1.166477,
        "nauc_map_at_20_diff1": 0.928907,
        "nauc_map_at_100_max": 0.024207,
        "nauc_map_at_100_std": -1.166477,
        "nauc_map_at_100_diff1": 0.928907,
        "nauc_map_at_1000_max": 0.024207,
        "nauc_map_at_1000_std": -1.166477,
        "nauc_map_at_1000_diff1": 0.928907,
        "nauc_recall_at_1_max": 0.01944,
        "nauc_recall_at_1_std": -1.123248,
        "nauc_recall_at_1_diff1": 0.927105,
        "nauc_recall_at_3_max": -0.169326,
        "nauc_recall_at_3_std": -1.756536,
        "nauc_recall_at_3_diff1": 1.0,
        "nauc_recall_at_5_max": NaN,
        "nauc_recall_at_5_std": NaN,
        "nauc_recall_at_5_diff1": NaN,
        "nauc_recall_at_10_max": NaN,
        "nauc_recall_at_10_std": NaN,
        "nauc_recall_at_10_diff1": NaN,
        "nauc_recall_at_20_max": NaN,
        "nauc_recall_at_20_std": NaN,
        "nauc_recall_at_20_diff1": NaN,
        "nauc_recall_at_100_max": NaN,
        "nauc_recall_at_100_std": NaN,
        "nauc_recall_at_100_diff1": NaN,
        "nauc_recall_at_1000_max": NaN,
        "nauc_recall_at_1000_std": NaN,
        "nauc_recall_at_1000_diff1": NaN,
        "nauc_precision_at_1_max": 0.01944,
        "nauc_precision_at_1_std": -1.123248,
        "nauc_precision_at_1_diff1": 0.927105,
        "nauc_precision_at_3_max": -0.169326,
        "nauc_precision_at_3_std": -1.756536,
        "nauc_precision_at_3_diff1": 1.0,
        "nauc_precision_at_5_max": 1.0,
        "nauc_precision_at_5_std": 1.0,
        "nauc_precision_at_5_diff1": 1.0,
        "nauc_precision_at_10_max": 1.0,
        "nauc_precision_at_10_std": 1.0,
        "nauc_precision_at_10_diff1": 1.0,
        "nauc_precision_at_20_max": 1.0,
        "nauc_precision_at_20_std": 1.0,
        "nauc_precision_at_20_diff1": 1.0,
        "nauc_precision_at_100_max": 1.0,
        "nauc_precision_at_100_std": 1.0,
        "nauc_precision_at_100_diff1": 1.0,
        "nauc_precision_at_1000_max": 1.0,
        "nauc_precision_at_1000_std": 1.0,
        "nauc_precision_at_1000_diff1": 1.0,
        "nauc_mrr_at_1_max": 0.13595,
        "nauc_mrr_at_1_std": -1.024258,
        "nauc_mrr_at_1_diff1": 0.820661,
        "nauc_mrr_at_3_max": 0.177831,
        "nauc_mrr_at_3_std": -1.097485,
        "nauc_mrr_at_3_diff1": 0.825574,
        "nauc_mrr_at_5_max": 0.177831,
        "nauc_mrr_at_5_std": -1.097485,
        "nauc_mrr_at_5_diff1": 0.825574,
        "nauc_mrr_at_10_max": 0.177831,
        "nauc_mrr_at_10_std": -1.097485,
        "nauc_mrr_at_10_diff1": 0.825574,
        "nauc_mrr_at_20_max": 0.177831,
        "nauc_mrr_at_20_std": -1.097485,
        "nauc_mrr_at_20_diff1": 0.825574,
        "nauc_mrr_at_100_max": 0.177831,
        "nauc_mrr_at_100_std": -1.097485,
        "nauc_mrr_at_100_diff1": 0.825574,
        "nauc_mrr_at_1000_max": 0.177831,
        "nauc_mrr_at_1000_std": -1.097485,
        "nauc_mrr_at_1000_diff1": 0.825574,
        "main_score": 0.95462,
        "hf_subset": "default",
        "languages": [
          "kor-Hang"
        ]
      }
    ]
  },
  "evaluation_time": 526.9403493404388,
  "kg_co2_emissions": null
}