{
  "dataset_revision": "75b399394a9803252cfec289d103de462763db7c",
  "task_name": "BelebeleRetrieval",
  "mteb_version": "1.38.57",
  "scores": {
    "test": [
      {
        "ndcg_at_1": 0.96111,
        "ndcg_at_3": 0.97636,
        "ndcg_at_5": 0.9777,
        "ndcg_at_10": 0.97849,
        "ndcg_at_20": 0.97906,
        "ndcg_at_100": 0.98009,
        "ndcg_at_1000": 0.98009,
        "map_at_1": 0.96111,
        "map_at_3": 0.97278,
        "map_at_5": 0.9735,
        "map_at_10": 0.97387,
        "map_at_20": 0.97403,
        "map_at_100": 0.97417,
        "map_at_1000": 0.97417,
        "recall_at_1": 0.96111,
        "recall_at_3": 0.98667,
        "recall_at_5": 0.99,
        "recall_at_10": 0.99222,
        "recall_at_20": 0.99444,
        "recall_at_100": 1.0,
        "recall_at_1000": 1.0,
        "precision_at_1": 0.96111,
        "precision_at_3": 0.32889,
        "precision_at_5": 0.198,
        "precision_at_10": 0.09922,
        "precision_at_20": 0.04972,
        "precision_at_100": 0.01,
        "precision_at_1000": 0.001,
        "mrr_at_1": 0.962222,
        "mrr_at_3": 0.973333,
        "mrr_at_5": 0.974111,
        "mrr_at_10": 0.974481,
        "mrr_at_20": 0.974644,
        "mrr_at_100": 0.974779,
        "mrr_at_1000": 0.974779,
        "nauc_ndcg_at_1_max": 0.846819,
        "nauc_ndcg_at_1_std": -0.043511,
        "nauc_ndcg_at_1_diff1": 0.944778,
        "nauc_ndcg_at_3_max": 0.880454,
        "nauc_ndcg_at_3_std": 0.2487,
        "nauc_ndcg_at_3_diff1": 0.939908,
        "nauc_ndcg_at_5_max": 0.878605,
        "nauc_ndcg_at_5_std": 0.25325,
        "nauc_ndcg_at_5_diff1": 0.941626,
        "nauc_ndcg_at_10_max": 0.874138,
        "nauc_ndcg_at_10_std": 0.225767,
        "nauc_ndcg_at_10_diff1": 0.939478,
        "nauc_ndcg_at_20_max": 0.877093,
        "nauc_ndcg_at_20_std": 0.208594,
        "nauc_ndcg_at_20_diff1": 0.944218,
        "nauc_ndcg_at_100_max": 0.870728,
        "nauc_ndcg_at_100_std": 0.167612,
        "nauc_ndcg_at_100_diff1": 0.942701,
        "nauc_ndcg_at_1000_max": 0.870728,
        "nauc_ndcg_at_1000_std": 0.167612,
        "nauc_ndcg_at_1000_diff1": 0.942701,
        "nauc_map_at_1_max": 0.846819,
        "nauc_map_at_1_std": -0.043511,
        "nauc_map_at_1_diff1": 0.944778,
        "nauc_map_at_3_max": 0.870005,
        "nauc_map_at_3_std": 0.159661,
        "nauc_map_at_3_diff1": 0.941564,
        "nauc_map_at_5_max": 0.868929,
        "nauc_map_at_5_std": 0.158502,
        "nauc_map_at_5_diff1": 0.942438,
        "nauc_map_at_10_max": 0.867071,
        "nauc_map_at_10_std": 0.146574,
        "nauc_map_at_10_diff1": 0.941622,
        "nauc_map_at_20_max": 0.867831,
        "nauc_map_at_20_std": 0.142239,
        "nauc_map_at_20_diff1": 0.942847,
        "nauc_map_at_100_max": 0.867136,
        "nauc_map_at_100_std": 0.137728,
        "nauc_map_at_100_diff1": 0.942691,
        "nauc_map_at_1000_max": 0.867136,
        "nauc_map_at_1000_std": 0.137728,
        "nauc_map_at_1000_diff1": 0.942691,
        "nauc_recall_at_1_max": 0.846819,
        "nauc_recall_at_1_std": -0.043511,
        "nauc_recall_at_1_diff1": 0.944778,
        "nauc_recall_at_3_max": 0.94106,
        "nauc_recall_at_3_std": 0.7635,
        "nauc_recall_at_3_diff1": 0.930167,
        "nauc_recall_at_5_max": 0.950462,
        "nauc_recall_at_5_std": 0.969136,
        "nauc_recall_at_5_diff1": 0.935937,
        "nauc_recall_at_10_max": 0.936308,
        "nauc_recall_at_10_std": 0.960317,
        "nauc_recall_at_10_diff1": 0.917634,
        "nauc_recall_at_20_max": 1.0,
        "nauc_recall_at_20_std": 1.0,
        "nauc_recall_at_20_diff1": 0.973856,
        "nauc_recall_at_100_max": NaN,
        "nauc_recall_at_100_std": NaN,
        "nauc_recall_at_100_diff1": NaN,
        "nauc_recall_at_1000_max": NaN,
        "nauc_recall_at_1000_std": NaN,
        "nauc_recall_at_1000_diff1": NaN,
        "nauc_precision_at_1_max": 0.846819,
        "nauc_precision_at_1_std": -0.043511,
        "nauc_precision_at_1_diff1": 0.944778,
        "nauc_precision_at_3_max": 0.94106,
        "nauc_precision_at_3_std": 0.7635,
        "nauc_precision_at_3_diff1": 0.930167,
        "nauc_precision_at_5_max": 0.950462,
        "nauc_precision_at_5_std": 0.969136,
        "nauc_precision_at_5_diff1": 0.935937,
        "nauc_precision_at_10_max": 0.936308,
        "nauc_precision_at_10_std": 0.960317,
        "nauc_precision_at_10_diff1": 0.917634,
        "nauc_precision_at_20_max": 1.0,
        "nauc_precision_at_20_std": 1.0,
        "nauc_precision_at_20_diff1": 0.973856,
        "nauc_precision_at_100_max": 1.0,
        "nauc_precision_at_100_std": 1.0,
        "nauc_precision_at_100_diff1": 1.0,
        "nauc_precision_at_1000_max": NaN,
        "nauc_precision_at_1000_std": NaN,
        "nauc_precision_at_1000_diff1": NaN,
        "nauc_mrr_at_1_max": 0.861193,
        "nauc_mrr_at_1_std": 0.006385,
        "nauc_mrr_at_1_diff1": 0.943154,
        "nauc_mrr_at_3_max": 0.88067,
        "nauc_mrr_at_3_std": 0.199236,
        "nauc_mrr_at_3_diff1": 0.940347,
        "nauc_mrr_at_5_max": 0.87989,
        "nauc_mrr_at_5_std": 0.202053,
        "nauc_mrr_at_5_diff1": 0.941359,
        "nauc_mrr_at_10_max": 0.878147,
        "nauc_mrr_at_10_std": 0.190472,
        "nauc_mrr_at_10_diff1": 0.940508,
        "nauc_mrr_at_20_max": 0.878997,
        "nauc_mrr_at_20_std": 0.186313,
        "nauc_mrr_at_20_diff1": 0.941756,
        "nauc_mrr_at_100_max": 0.878345,
        "nauc_mrr_at_100_std": 0.18193,
        "nauc_mrr_at_100_diff1": 0.94159,
        "nauc_mrr_at_1000_max": 0.878345,
        "nauc_mrr_at_1000_std": 0.18193,
        "nauc_mrr_at_1000_diff1": 0.94159,
        "main_score": 0.97849,
        "hf_subset": "kor_Hang-kor_Hang",
        "languages": [
          "kor-Hang",
          "kor-Hang"
        ]
      },
      {
        "ndcg_at_1": 0.10222,
        "ndcg_at_3": 0.10292,
        "ndcg_at_5": 0.10292,
        "ndcg_at_10": 0.10292,
        "ndcg_at_20": 0.10292,
        "ndcg_at_100": 0.10292,
        "ndcg_at_1000": 0.10292,
        "map_at_1": 0.10222,
        "map_at_3": 0.10278,
        "map_at_5": 0.10278,
        "map_at_10": 0.10278,
        "map_at_20": 0.10278,
        "map_at_100": 0.10278,
        "map_at_1000": 0.10278,
        "recall_at_1": 0.10222,
        "recall_at_3": 0.10333,
        "recall_at_5": 0.10333,
        "recall_at_10": 0.10333,
        "recall_at_20": 0.10333,
        "recall_at_100": 0.10333,
        "recall_at_1000": 0.10333,
        "precision_at_1": 0.10222,
        "precision_at_3": 0.03444,
        "precision_at_5": 0.02067,
        "precision_at_10": 0.01033,
        "precision_at_20": 0.00517,
        "precision_at_100": 0.00103,
        "precision_at_1000": 0.0001,
        "mrr_at_1": 0.102222,
        "mrr_at_3": 0.102778,
        "mrr_at_5": 0.102778,
        "mrr_at_10": 0.102778,
        "mrr_at_20": 0.102778,
        "mrr_at_100": 0.102778,
        "mrr_at_1000": 0.102778,
        "nauc_ndcg_at_1_max": 0.977788,
        "nauc_ndcg_at_1_std": 0.977788,
        "nauc_ndcg_at_1_diff1": 0.974087,
        "nauc_ndcg_at_3_max": 0.980215,
        "nauc_ndcg_at_3_std": 0.980215,
        "nauc_ndcg_at_3_diff1": 0.974205,
        "nauc_ndcg_at_5_max": 0.980215,
        "nauc_ndcg_at_5_std": 0.980215,
        "nauc_ndcg_at_5_diff1": 0.974205,
        "nauc_ndcg_at_10_max": 0.980215,
        "nauc_ndcg_at_10_std": 0.980215,
        "nauc_ndcg_at_10_diff1": 0.974205,
        "nauc_ndcg_at_20_max": 0.980215,
        "nauc_ndcg_at_20_std": 0.980215,
        "nauc_ndcg_at_20_diff1": 0.974205,
        "nauc_ndcg_at_100_max": 0.980215,
        "nauc_ndcg_at_100_std": 0.980215,
        "nauc_ndcg_at_100_diff1": 0.974205,
        "nauc_ndcg_at_1000_max": 0.980215,
        "nauc_ndcg_at_1000_std": 0.980215,
        "nauc_ndcg_at_1000_diff1": 0.974205,
        "nauc_map_at_1_max": 0.977788,
        "nauc_map_at_1_std": 0.977788,
        "nauc_map_at_1_diff1": 0.974087,
        "nauc_map_at_3_max": 0.979713,