{
  "dataset_revision": "d243889a3eb6654029dbd7e7f9319ae31d58f97c",
  "task_name": "Ko-StrategyQA",
  "mteb_version": "1.38.57",
  "scores": {
    "dev": [
      {
        "ndcg_at_1": 0.83277,
        "ndcg_at_3": 0.83053,
        "ndcg_at_5": 0.85068,
        "ndcg_at_10": 0.86785,
        "ndcg_at_20": 0.87594,
        "ndcg_at_100": 0.89161,
        "ndcg_at_1000": 0.89161,
        "map_at_1": 0.54039,
        "map_at_3": 0.79904,
        "map_at_5": 0.82266,
        "map_at_10": 0.8352,
        "map_at_20": 0.83831,
        "map_at_100": 0.84223,
        "map_at_1000": 0.84223,
        "recall_at_1": 0.54039,
        "recall_at_3": 0.83355,
        "recall_at_5": 0.87718,
        "recall_at_10": 0.91678,
        "recall_at_20": 0.94133,
        "recall_at_100": 1.0,
        "recall_at_1000": 1.0,
        "precision_at_1": 0.83277,
        "precision_at_3": 0.50225,
        "precision_at_5": 0.32432,
        "precision_at_10": 0.1723,
        "precision_at_20": 0.08919,
        "precision_at_100": 0.01934,
        "precision_at_1000": 0.00193,
        "mrr_at_1": 0.856419,
        "mrr_at_3": 0.879223,
        "mrr_at_5": 0.882348,
        "mrr_at_10": 0.885503,
        "mrr_at_20": 0.887012,
        "mrr_at_100": 0.888506,
        "mrr_at_1000": 0.888506,
        "nauc_ndcg_at_1_max": 0.652976,
        "nauc_ndcg_at_1_std": 0.051392,
        "nauc_ndcg_at_1_diff1": 0.286962,
        "nauc_ndcg_at_3_max": 0.694317,
        "nauc_ndcg_at_3_std": 0.08402,
        "nauc_ndcg_at_3_diff1": 0.174087,
        "nauc_ndcg_at_5_max": 0.749665,
        "nauc_ndcg_at_5_std": 0.21766,
        "nauc_ndcg_at_5_diff1": 0.123821,
        "nauc_ndcg_at_10_max": 0.758155,
        "nauc_ndcg_at_10_std": 0.268831,
        "nauc_ndcg_at_10_diff1": 0.136196,
        "nauc_ndcg_at_20_max": 0.748231,
        "nauc_ndcg_at_20_std": 0.24887,
        "nauc_ndcg_at_20_diff1": 0.152158,
        "nauc_ndcg_at_100_max": 0.715674,
        "nauc_ndcg_at_100_std": 0.180728,
        "nauc_ndcg_at_100_diff1": 0.171755,
        "nauc_ndcg_at_1000_max": 0.715674,
        "nauc_ndcg_at_1000_std": 0.180728,
        "nauc_ndcg_at_1000_diff1": 0.171755,
        "nauc_map_at_1_max": 0.353032,
        "nauc_map_at_1_std": -0.30245,
        "nauc_map_at_1_diff1": 0.525004,
        "nauc_map_at_3_max": 0.650647,
        "nauc_map_at_3_std": -0.016304,
        "nauc_map_at_3_diff1": 0.196564,
        "nauc_map_at_5_max": 0.69586,
        "nauc_map_at_5_std": 0.10569,
        "nauc_map_at_5_diff1": 0.152328,
        "nauc_map_at_10_max": 0.699514,
        "nauc_map_at_10_std": 0.143001,
        "nauc_map_at_10_diff1": 0.159316,
        "nauc_map_at_20_max": 0.696406,
        "nauc_map_at_20_std": 0.138178,
        "nauc_map_at_20_diff1": 0.164133,
        "nauc_map_at_100_max": 0.689338,
        "nauc_map_at_100_std": 0.12278,
        "nauc_map_at_100_diff1": 0.168662,
        "nauc_map_at_1000_max": 0.689338,
        "nauc_map_at_1000_std": 0.12278,
        "nauc_map_at_1000_diff1": 0.168662,
        "nauc_recall_at_1_max": 0.353032,
        "nauc_recall_at_1_std": -0.30245,
        "nauc_recall_at_1_diff1": 0.525004,
        "nauc_recall_at_3_max": 0.717803,
        "nauc_recall_at_3_std": 0.083348,
        "nauc_recall_at_3_diff1": 0.127352,
        "nauc_recall_at_5_max": 0.85818,
        "nauc_recall_at_5_std": 0.413972,
        "nauc_recall_at_5_diff1": 0.005748,
        "nauc_recall_at_10_max": 0.937443,
        "nauc_recall_at_10_std": 0.652635,
        "nauc_recall_at_10_diff1": -0.000425,
        "nauc_recall_at_20_max": 0.953283,
        "nauc_recall_at_20_std": 0.674673,
        "nauc_recall_at_20_diff1": 0.038133,
        "nauc_recall_at_100_max": NaN,
        "nauc_recall_at_100_std": NaN,
        "nauc_recall_at_100_diff1": NaN,
        "nauc_recall_at_1000_max": NaN,
        "nauc_recall_at_1000_std": NaN,
        "nauc_recall_at_1000_diff1": NaN,
        "nauc_precision_at_1_max": 0.652976,
        "nauc_precision_at_1_std": 0.051392,
        "nauc_precision_at_1_diff1": 0.286962,
        "nauc_precision_at_3_max": 0.196357,
        "nauc_precision_at_3_std": 0.412164,
        "nauc_precision_at_3_diff1": -0.379758,
        "nauc_precision_at_5_max": 0.143325,
        "nauc_precision_at_5_std": 0.527391,
        "nauc_precision_at_5_diff1": -0.427267,
        "nauc_precision_at_10_max": 0.052246,
        "nauc_precision_at_10_std": 0.542002,
        "nauc_precision_at_10_diff1": -0.410591,
        "nauc_precision_at_20_max": -0.021189,
        "nauc_precision_at_20_std": 0.499413,
        "nauc_precision_at_20_diff1": -0.402578,
        "nauc_precision_at_100_max": -0.228342,
        "nauc_precision_at_100_std": 0.35492,
        "nauc_precision_at_100_diff1": -0.410365,
        "nauc_precision_at_1000_max": -0.228342,
        "nauc_precision_at_1000_std": 0.35492,
        "nauc_precision_at_1000_diff1": -0.410365,
        "nauc_mrr_at_1_max": 0.777736,
        "nauc_mrr_at_1_std": 0.251641,
        "nauc_mrr_at_1_diff1": 0.158198,
        "nauc_mrr_at_3_max": 0.817188,
        "nauc_mrr_at_3_std": 0.346196,
        "nauc_mrr_at_3_diff1": 0.117392,
        "nauc_mrr_at_5_max": 0.826221,
        "nauc_mrr_at_5_std": 0.376123,
        "nauc_mrr_at_5_diff1": 0.110874,
        "nauc_mrr_at_10_max": 0.823681,
        "nauc_mrr_at_10_std": 0.366019,
        "nauc_mrr_at_10_diff1": 0.118343,
        "nauc_mrr_at_20_max": 0.821985,
        "nauc_mrr_at_20_std": 0.361725,
        "nauc_mrr_at_20_diff1": 0.121414,
        "nauc_mrr_at_100_max": 0.820083,
        "nauc_mrr_at_100_std": 0.357783,
        "nauc_mrr_at_100_diff1": 0.121456,
        "nauc_mrr_at_1000_max": 0.820083,
        "nauc_mrr_at_1000_std": 0.357783,
        "nauc_mrr_at_1000_diff1": 0.121456,
        "main_score": 0.86785,
        "hf_subset": "default",
        "languages": [
          "kor-Hang"
        ]
      }
    ]
  },
  "evaluation_time": 1372.5792164802551,
  "kg_co2_emissions": null
}