{
  "dataset_revision": "main",
  "task_name": "MIRACLRetrieval",
  "mteb_version": "1.38.57",
  "scores": {
    "dev": [
      {
        "ndcg_at_1": 0.85446,
        "ndcg_at_3": 0.86783,
        "ndcg_at_5": 0.88305,
        "ndcg_at_10": 0.91109,
        "ndcg_at_20": 0.91775,
        "ndcg_at_100": 0.91888,
        "ndcg_at_1000": 0.91888,
        "map_at_1": 0.53502,
        "map_at_3": 0.73991,
        "map_at_5": 0.81203,
        "map_at_10": 0.86021,
        "map_at_20": 0.86802,
        "map_at_100": 0.86862,
        "map_at_1000": 0.86862,
        "recall_at_1": 0.53502,
        "recall_at_3": 0.79548,
        "recall_at_5": 0.89753,
        "recall_at_10": 0.98224,
        "recall_at_20": 0.99671,
        "recall_at_100": 1.0,
        "recall_at_1000": 1.0,
        "precision_at_1": 0.85446,
        "precision_at_3": 0.53991,
        "precision_at_5": 0.40563,
        "precision_at_10": 0.24413,
        "precision_at_20": 0.1277,
        "precision_at_100": 0.02568,
        "precision_at_1000": 0.00257,
        "mrr_at_1": 0.887324,
        "mrr_at_3": 0.928013,
        "mrr_at_5": 0.930125,
        "mrr_at_10": 0.932473,
        "mrr_at_20": 0.932473,
        "mrr_at_100": 0.932473,
        "mrr_at_1000": 0.932473,
        "nauc_ndcg_at_1_max": 0.324328,
        "nauc_ndcg_at_1_std": -0.134042,
        "nauc_ndcg_at_1_diff1": 0.292944,
        "nauc_ndcg_at_3_max": 0.39197,
        "nauc_ndcg_at_3_std": -0.460199,
        "nauc_ndcg_at_3_diff1": 0.428414,
        "nauc_ndcg_at_5_max": 0.404523,
        "nauc_ndcg_at_5_std": -0.52484,
        "nauc_ndcg_at_5_diff1": 0.407856,
        "nauc_ndcg_at_10_max": 0.378104,
        "nauc_ndcg_at_10_std": -0.422567,
        "nauc_ndcg_at_10_diff1": 0.394182,
        "nauc_ndcg_at_20_max": 0.38965,
        "nauc_ndcg_at_20_std": -0.317563,
        "nauc_ndcg_at_20_diff1": 0.35508,
        "nauc_ndcg_at_100_max": 0.38716,
        "nauc_ndcg_at_100_std": -0.304597,
        "nauc_ndcg_at_100_diff1": 0.350034,
        "nauc_ndcg_at_1000_max": 0.38716,
        "nauc_ndcg_at_1000_std": -0.304597,
        "nauc_ndcg_at_1000_diff1": 0.350034,
        "nauc_map_at_1_max": 0.40731,
        "nauc_map_at_1_std": -0.580515,
        "nauc_map_at_1_diff1": 0.557586,
        "nauc_map_at_3_max": 0.394238,
        "nauc_map_at_3_std": -0.755935,
        "nauc_map_at_3_diff1": 0.546883,
        "nauc_map_at_5_max": 0.368805,
        "nauc_map_at_5_std": -0.731346,
        "nauc_map_at_5_diff1": 0.491724,
        "nauc_map_at_10_max": 0.378374,
        "nauc_map_at_10_std": -0.504895,
        "nauc_map_at_10_diff1": 0.425284,
        "nauc_map_at_20_max": 0.388322,
        "nauc_map_at_20_std": -0.424063,
        "nauc_map_at_20_diff1": 0.396376,
        "nauc_map_at_100_max": 0.387692,
        "nauc_map_at_100_std": -0.420341,
        "nauc_map_at_100_diff1": 0.394953,
        "nauc_map_at_1000_max": 0.387692,
        "nauc_map_at_1000_std": -0.420341,
        "nauc_map_at_1000_diff1": 0.394953,
        "nauc_recall_at_1_max": 0.40731,
        "nauc_recall_at_1_std": -0.580515,
        "nauc_recall_at_1_diff1": 0.557586,
        "nauc_recall_at_3_max": 0.379268,
        "nauc_recall_at_3_std": -0.940137,
        "nauc_recall_at_3_diff1": 0.609,
        "nauc_recall_at_5_max": 0.324945,
        "nauc_recall_at_5_std": -1.161336,
        "nauc_recall_at_5_diff1": 0.575686,
        "nauc_recall_at_10_max": 0.233332,
        "nauc_recall_at_10_std": -1.426223,
        "nauc_recall_at_10_diff1": 0.718791,
        "nauc_recall_at_20_max": 0.507288,
        "nauc_recall_at_20_std": -1.120736,
        "nauc_recall_at_20_diff1": 0.62904,
        "nauc_recall_at_100_max": NaN,
        "nauc_recall_at_100_std": NaN,
        "nauc_recall_at_100_diff1": NaN,
        "nauc_recall_at_1000_max": NaN,
        "nauc_recall_at_1000_std": NaN,
        "nauc_recall_at_1000_diff1": NaN,
        "nauc_precision_at_1_max": 0.324328,
        "nauc_precision_at_1_std": -0.134042,
        "nauc_precision_at_1_diff1": 0.292944,
        "nauc_precision_at_3_max": -0.204218,
        "nauc_precision_at_3_std": 0.438296,
        "nauc_precision_at_3_diff1": -0.39169,
        "nauc_precision_at_5_max": -0.236497,
        "nauc_precision_at_5_std": 0.5402,
        "nauc_precision_at_5_diff1": -0.429963,
        "nauc_precision_at_10_max": -0.225469,
        "nauc_precision_at_10_std": 0.699579,
        "nauc_precision_at_10_diff1": -0.449093,
        "nauc_precision_at_20_max": -0.212399,
        "nauc_precision_at_20_std": 0.732334,
        "nauc_precision_at_20_diff1": -0.452176,
        "nauc_precision_at_100_max": -0.214623,
        "nauc_precision_at_100_std": 0.73563,
        "nauc_precision_at_100_diff1": -0.453795,
        "nauc_precision_at_1000_max": -0.214623,
        "nauc_precision_at_1000_std": 0.73563,
        "nauc_precision_at_1000_diff1": -0.453795,
        "nauc_mrr_at_1_max": 0.366474,
        "nauc_mrr_at_1_std": 0.014005,
        "nauc_mrr_at_1_diff1": 0.083019,
        "nauc_mrr_at_3_max": 0.420616,
        "nauc_mrr_at_3_std": -0.046732,
        "nauc_mrr_at_3_diff1": 0.142423,
        "nauc_mrr_at_5_max": 0.405086,
        "nauc_mrr_at_5_std": -0.061802,
        "nauc_mrr_at_5_diff1": 0.136079,
        "nauc_mrr_at_10_max": 0.400942,
        "nauc_mrr_at_10_std": -0.035067,
        "nauc_mrr_at_10_diff1": 0.122453,
        "nauc_mrr_at_20_max": 0.400942,
        "nauc_mrr_at_20_std": -0.035067,
        "nauc_mrr_at_20_diff1": 0.122453,
        "nauc_mrr_at_100_max": 0.400942,
        "nauc_mrr_at_100_std": -0.035067,
        "nauc_mrr_at_100_diff1": 0.122453,
        "nauc_mrr_at_1000_max": 0.400942,
        "nauc_mrr_at_1000_std": -0.035067,
        "nauc_mrr_at_1000_diff1": 0.122453,
        "main_score": 0.91109,
        "hf_subset": "ko",
        "languages": [
          "kor-Kore"
        ]
      }
    ]
  },
  "evaluation_time": 385.92790126800537,
  "kg_co2_emissions": null
}