{
  "dataset_revision": "fc24a3ce8f09746410daee3d5cd823ff7a0675b7",
  "task_name": "MrTidyRetrieval",
  "mteb_version": "1.38.57",
  "scores": {
    "test": [
      {
        "ndcg_at_1": 0.72209,
        "ndcg_at_3": 0.7978,
        "ndcg_at_5": 0.82242,
        "ndcg_at_10": 0.83843,
        "ndcg_at_20": 0.84438,
        "ndcg_at_100": 0.84788,
        "ndcg_at_1000": 0.84788,
        "map_at_1": 0.65914,
        "map_at_3": 0.76617,
        "map_at_5": 0.78248,
        "map_at_10": 0.79059,
        "map_at_20": 0.79261,
        "map_at_100": 0.79327,
        "map_at_1000": 0.79327,
        "recall_at_1": 0.65914,
        "recall_at_3": 0.85827,
        "recall_at_5": 0.91528,
        "recall_at_10": 0.9616,
        "recall_at_20": 0.98337,
        "recall_at_100": 1.0,
        "recall_at_1000": 1.0,
        "precision_at_1": 0.72209,
        "precision_at_3": 0.32779,
        "precision_at_5": 0.2114,
        "precision_at_10": 0.11188,
        "precision_at_20": 0.05748,
        "precision_at_100": 0.01169,
        "precision_at_1000": 0.00117,
        "mrr_at_1": 0.745843,
        "mrr_at_3": 0.81156,
        "mrr_at_5": 0.82023,
        "mrr_at_10": 0.824522,
        "mrr_at_20": 0.825633,
        "mrr_at_100": 0.826146,
        "mrr_at_1000": 0.826146,
        "nauc_ndcg_at_1_max": 0.323393,
        "nauc_ndcg_at_1_std": -0.240549,
        "nauc_ndcg_at_1_diff1": 0.339586,
        "nauc_ndcg_at_3_max": 0.308051,
        "nauc_ndcg_at_3_std": -0.400092,
        "nauc_ndcg_at_3_diff1": 0.378725,
        "nauc_ndcg_at_5_max": 0.345155,
        "nauc_ndcg_at_5_std": -0.383852,
        "nauc_ndcg_at_5_diff1": 0.38008,
        "nauc_ndcg_at_10_max": 0.330462,
        "nauc_ndcg_at_10_std": -0.359991,
        "nauc_ndcg_at_10_diff1": 0.369826,
        "nauc_ndcg_at_20_max": 0.327727,
        "nauc_ndcg_at_20_std": -0.336501,
        "nauc_ndcg_at_20_diff1": 0.361663,
        "nauc_ndcg_at_100_max": 0.329632,
        "nauc_ndcg_at_100_std": -0.336746,
        "nauc_ndcg_at_100_diff1": 0.364695,
        "nauc_ndcg_at_1000_max": 0.329632,
        "nauc_ndcg_at_1000_std": -0.336746,
        "nauc_ndcg_at_1000_diff1": 0.364695,
        "nauc_map_at_1_max": 0.317488,
        "nauc_map_at_1_std": -0.263991,
        "nauc_map_at_1_diff1": 0.362766,
        "nauc_map_at_3_max": 0.307251,
        "nauc_map_at_3_std": -0.38173,
        "nauc_map_at_3_diff1": 0.381371,
        "nauc_map_at_5_max": 0.330377,
        "nauc_map_at_5_std": -0.367416,
        "nauc_map_at_5_diff1": 0.378012,
        "nauc_map_at_10_max": 0.326104,
        "nauc_map_at_10_std": -0.353091,
        "nauc_map_at_10_diff1": 0.373039,
        "nauc_map_at_20_max": 0.325183,
        "nauc_map_at_20_std": -0.347691,
        "nauc_map_at_20_diff1": 0.371044,
        "nauc_map_at_100_max": 0.325407,
        "nauc_map_at_100_std": -0.347953,
        "nauc_map_at_100_diff1": 0.371622,
        "nauc_map_at_1000_max": 0.325407,
        "nauc_map_at_1000_std": -0.347953,
        "nauc_map_at_1000_diff1": 0.371622,
        "nauc_recall_at_1_max": 0.317488,
        "nauc_recall_at_1_std": -0.263991,
        "nauc_recall_at_1_diff1": 0.362766,
        "nauc_recall_at_3_max": 0.269745,
        "nauc_recall_at_3_std": -0.547462,
        "nauc_recall_at_3_diff1": 0.397338,
        "nauc_recall_at_5_max": 0.403865,
        "nauc_recall_at_5_std": -0.588517,
        "nauc_recall_at_5_diff1": 0.428597,
        "nauc_recall_at_10_max": 0.321501,
        "nauc_recall_at_10_std": -0.651516,
        "nauc_recall_at_10_diff1": 0.409769,
        "nauc_recall_at_20_max": 0.244207,
        "nauc_recall_at_20_std": -0.331733,
        "nauc_recall_at_20_diff1": 0.242327,
        "nauc_recall_at_100_max": NaN,
        "nauc_recall_at_100_std": NaN,
        "nauc_recall_at_100_diff1": NaN,
        "nauc_recall_at_1000_max": NaN,
        "nauc_recall_at_1000_std": NaN,
        "nauc_recall_at_1000_diff1": NaN,
        "nauc_precision_at_1_max": 0.323393,
        "nauc_precision_at_1_std": -0.240549,
        "nauc_precision_at_1_diff1": 0.339586,
        "nauc_precision_at_3_max": 0.071443,
        "nauc_precision_at_3_std": -0.217537,
        "nauc_precision_at_3_diff1": 0.101749,
        "nauc_precision_at_5_max": 0.071941,
        "nauc_precision_at_5_std": -0.082171,
        "nauc_precision_at_5_diff1": -0.001832,
        "nauc_precision_at_10_max": -0.023077,
        "nauc_precision_at_10_std": 0.059192,
        "nauc_precision_at_10_diff1": -0.105487,
        "nauc_precision_at_20_max": -0.05814,
        "nauc_precision_at_20_std": 0.162341,
        "nauc_precision_at_20_diff1": -0.164859,
        "nauc_precision_at_100_max": -0.083414,
        "nauc_precision_at_100_std": 0.192223,
        "nauc_precision_at_100_diff1": -0.186493,
        "nauc_precision_at_1000_max": -0.083414,
        "nauc_precision_at_1000_std": 0.192223,
        "nauc_precision_at_1000_diff1": -0.186493,
        "nauc_mrr_at_1_max": 0.414707,
        "nauc_mrr_at_1_std": -0.168536,
        "nauc_mrr_at_1_diff1": 0.260248,
        "nauc_mrr_at_3_max": 0.391354,
        "nauc_mrr_at_3_std": -0.251107,
        "nauc_mrr_at_3_diff1": 0.284649,
        "nauc_mrr_at_5_max": 0.402757,
        "nauc_mrr_at_5_std": -0.249325,
        "nauc_mrr_at_5_diff1": 0.291016,
        "nauc_mrr_at_10_max": 0.39719,
        "nauc_mrr_at_10_std": -0.244997,
        "nauc_mrr_at_10_diff1": 0.287919,
        "nauc_mrr_at_20_max": 0.396537,
        "nauc_mrr_at_20_std": -0.240653,
        "nauc_mrr_at_20_diff1": 0.285964,
        "nauc_mrr_at_100_max": 0.397616,
        "nauc_mrr_at_100_std": -0.240562,
        "nauc_mrr_at_100_diff1": 0.2861,
        "nauc_mrr_at_1000_max": 0.397616,
        "nauc_mrr_at_1000_std": -0.240562,
        "nauc_mrr_at_1000_diff1": 0.2861,
        "main_score": 0.83843,
        "hf_subset": "korean",
        "languages": [
          "kor-Kore"
        ]
      }
    ]
  },
  "evaluation_time": 1550.2451884746552,
  "kg_co2_emissions": null
}