{
  "dataset_revision": "d67138e705d963e346253a80e59676ddb418810a",
  "task_name": "MultiLongDocRetrieval",
  "mteb_version": "1.38.57",
  "scores": {
    "test": [
      {
        "ndcg_at_1": 0.665,
        "ndcg_at_3": 0.75887,
        "ndcg_at_5": 0.77952,
        "ndcg_at_10": 0.79039,
        "ndcg_at_20": 0.79687,
        "ndcg_at_100": 0.8105,
        "ndcg_at_1000": 0.8105,
        "map_at_1": 0.665,
        "map_at_3": 0.7375,
        "map_at_5": 0.749,
        "map_at_10": 0.75323,
        "map_at_20": 0.75508,
        "map_at_100": 0.75717,
        "map_at_1000": 0.75717,
        "recall_at_1": 0.665,
        "recall_at_3": 0.82,
        "recall_at_5": 0.87,
        "recall_at_10": 0.905,
        "recall_at_20": 0.93,
        "recall_at_100": 1.0,
        "recall_at_1000": 1.0,
        "precision_at_1": 0.665,
        "precision_at_3": 0.27333,
        "precision_at_5": 0.174,
        "precision_at_10": 0.0905,
        "precision_at_20": 0.0465,
        "precision_at_100": 0.01,
        "precision_at_1000": 0.001,
        "mrr_at_1": 0.665,
        "mrr_at_3": 0.7375,
        "mrr_at_5": 0.749,
        "mrr_at_10": 0.753228,
        "mrr_at_20": 0.755123,
        "mrr_at_100": 0.757204,
        "mrr_at_1000": 0.757204,
        "nauc_ndcg_at_1_max": 0.238039,
        "nauc_ndcg_at_1_std": -0.339699,
        "nauc_ndcg_at_1_diff1": 0.528128,
        "nauc_ndcg_at_3_max": 0.428219,
        "nauc_ndcg_at_3_std": -0.222661,
        "nauc_ndcg_at_3_diff1": 0.425927,
        "nauc_ndcg_at_5_max": 0.423191,
        "nauc_ndcg_at_5_std": -0.254203,
        "nauc_ndcg_at_5_diff1": 0.440421,
        "nauc_ndcg_at_10_max": 0.404094,
        "nauc_ndcg_at_10_std": -0.232679,
        "nauc_ndcg_at_10_diff1": 0.43709,
        "nauc_ndcg_at_20_max": 0.385487,
        "nauc_ndcg_at_20_std": -0.240364,
        "nauc_ndcg_at_20_diff1": 0.434806,
        "nauc_ndcg_at_100_max": 0.378349,
        "nauc_ndcg_at_100_std": -0.259514,
        "nauc_ndcg_at_100_diff1": 0.450574,
        "nauc_ndcg_at_1000_max": 0.378349,
        "nauc_ndcg_at_1000_std": -0.259514,
        "nauc_ndcg_at_1000_diff1": 0.450574,
        "nauc_map_at_1_max": 0.238039,
        "nauc_map_at_1_std": -0.339699,
        "nauc_map_at_1_diff1": 0.528128,
        "nauc_map_at_3_max": 0.382775,
        "nauc_map_at_3_std": -0.254329,
        "nauc_map_at_3_diff1": 0.4514,
        "nauc_map_at_5_max": 0.378633,
        "nauc_map_at_5_std": -0.272032,
        "nauc_map_at_5_diff1": 0.459079,
        "nauc_map_at_10_max": 0.371063,
        "nauc_map_at_10_std": -0.265031,
        "nauc_map_at_10_diff1": 0.4578,
        "nauc_map_at_20_max": 0.366338,
        "nauc_map_at_20_std": -0.266971,
        "nauc_map_at_20_diff1": 0.457364,
        "nauc_map_at_100_max": 0.365287,
        "nauc_map_at_100_std": -0.269682,
        "nauc_map_at_100_diff1": 0.459599,
        "nauc_map_at_1000_max": 0.365287,
        "nauc_map_at_1000_std": -0.269682,
        "nauc_map_at_1000_diff1": 0.459599,
        "nauc_recall_at_1_max": 0.238039,
        "nauc_recall_at_1_std": -0.339699,
        "nauc_recall_at_1_diff1": 0.528128,
        "nauc_recall_at_3_max": 0.598827,
        "nauc_recall_at_3_std": -0.101236,
        "nauc_recall_at_3_diff1": 0.329579,
        "nauc_recall_at_5_max": 0.635637,
        "nauc_recall_at_5_std": -0.173517,
        "nauc_recall_at_5_diff1": 0.355662,
        "nauc_recall_at_10_max": 0.589759,
        "nauc_recall_at_10_std": -0.011917,
        "nauc_recall_at_10_diff1": 0.313037,
        "nauc_recall_at_20_max": 0.471255,
        "nauc_recall_at_20_std": -0.013439,
        "nauc_recall_at_20_diff1": 0.247732,
        "nauc_recall_at_100_max": NaN,
        "nauc_recall_at_100_std": NaN,
        "nauc_recall_at_100_diff1": NaN,
        "nauc_recall_at_1000_max": NaN,
        "nauc_recall_at_1000_std": NaN,
        "nauc_recall_at_1000_diff1": NaN,
        "nauc_precision_at_1_max": 0.238039,
        "nauc_precision_at_1_std": -0.339699,
        "nauc_precision_at_1_diff1": 0.528128,
        "nauc_precision_at_3_max": 0.598827,
        "nauc_precision_at_3_std": -0.101236,
        "nauc_precision_at_3_diff1": 0.329579,
        "nauc_precision_at_5_max": 0.635637,
        "nauc_precision_at_5_std": -0.173517,
        "nauc_precision_at_5_diff1": 0.355662,
        "nauc_precision_at_10_max": 0.589759,
        "nauc_precision_at_10_std": -0.011917,
        "nauc_precision_at_10_diff1": 0.313037,
        "nauc_precision_at_20_max": 0.471255,
        "nauc_precision_at_20_std": -0.013439,
        "nauc_precision_at_20_diff1": 0.247732,
        "nauc_precision_at_100_max": 1.0,
        "nauc_precision_at_100_std": 1.0,
        "nauc_precision_at_100_diff1": 1.0,
        "nauc_precision_at_1000_max": 1.0,
        "nauc_precision_at_1000_std": 1.0,
        "nauc_precision_at_1000_diff1": 1.0,
        "nauc_mrr_at_1_max": 0.238039,
        "nauc_mrr_at_1_std": -0.339699,
        "nauc_mrr_at_1_diff1": 0.528128,
        "nauc_mrr_at_3_max": 0.382775,
        "nauc_mrr_at_3_std": -0.254329,
        "nauc_mrr_at_3_diff1": 0.4514,
        "nauc_mrr_at_5_max": 0.378633,
        "nauc_mrr_at_5_std": -0.272032,
        "nauc_mrr_at_5_diff1": 0.459079,
        "nauc_mrr_at_10_max": 0.371063,
        "nauc_mrr_at_10_std": -0.265031,
        "nauc_mrr_at_10_diff1": 0.4578,
        "nauc_mrr_at_20_max": 0.366248,
        "nauc_mrr_at_20_std": -0.267117,
        "nauc_mrr_at_20_diff1": 0.457381,
        "nauc_mrr_at_100_max": 0.365196,
        "nauc_mrr_at_100_std": -0.26983,
        "nauc_mrr_at_100_diff1": 0.459617,
        "nauc_mrr_at_1000_max": 0.365196,
        "nauc_mrr_at_1000_std": -0.26983,
        "nauc_mrr_at_1000_diff1": 0.459617,
        "main_score": 0.79039,
        "hf_subset": "ko",
        "languages": [
          "kor-Hang"
        ]
      }
    ]
  },
  "evaluation_time": 39922.12453007698,
  "kg_co2_emissions": null
}