{
  "dataset_revision": "main",
  "task_name": "PublicHealthQA",
  "mteb_version": "1.38.57",
  "scores": {
    "test": [
      {
        "ndcg_at_1": 0.48052,
        "ndcg_at_3": 0.51979,
        "ndcg_at_5": 0.54548,
        "ndcg_at_10": 0.54548,
        "ndcg_at_20": 0.54548,
        "ndcg_at_100": 0.54548,
        "ndcg_at_1000": 0.54548,
        "map_at_1": 0.48052,
        "map_at_3": 0.51082,
        "map_at_5": 0.52446,
        "map_at_10": 0.52446,
        "map_at_20": 0.52446,
        "map_at_100": 0.52446,
        "map_at_1000": 0.52446,
        "recall_at_1": 0.48052,
        "recall_at_3": 0.54545,
        "recall_at_5": 0.61039,
        "recall_at_10": 0.61039,
        "recall_at_20": 0.61039,
        "recall_at_100": 0.61039,
        "recall_at_1000": 0.61039,
        "precision_at_1": 0.48052,
        "precision_at_3": 0.18182,
        "precision_at_5": 0.12208,
        "precision_at_10": 0.06104,
        "precision_at_20": 0.03052,
        "precision_at_100": 0.0061,
        "precision_at_1000": 0.00061,
        "mrr_at_1": 0.493506,
        "mrr_at_3": 0.519481,
        "mrr_at_5": 0.533117,
        "mrr_at_10": 0.533117,
        "mrr_at_20": 0.533117,
        "mrr_at_100": 0.533117,
        "mrr_at_1000": 0.533117,
        "nauc_ndcg_at_1_max": 0.504246,
        "nauc_ndcg_at_1_std": -0.239335,
        "nauc_ndcg_at_1_diff1": 0.181841,
        "nauc_ndcg_at_3_max": 0.565201,
        "nauc_ndcg_at_3_std": -0.18812,
        "nauc_ndcg_at_3_diff1": 0.084509,
        "nauc_ndcg_at_5_max": 0.583582,
        "nauc_ndcg_at_5_std": -0.114882,
        "nauc_ndcg_at_5_diff1": 0.03922,
        "nauc_ndcg_at_10_max": 0.583582,
        "nauc_ndcg_at_10_std": -0.114882,
        "nauc_ndcg_at_10_diff1": 0.03922,
        "nauc_ndcg_at_20_max": 0.583582,
        "nauc_ndcg_at_20_std": -0.114882,
        "nauc_ndcg_at_20_diff1": 0.03922,
        "nauc_ndcg_at_100_max": 0.583582,
        "nauc_ndcg_at_100_std": -0.114882,
        "nauc_ndcg_at_100_diff1": 0.03922,
        "nauc_ndcg_at_1000_max": 0.583582,
        "nauc_ndcg_at_1000_std": -0.114882,
        "nauc_ndcg_at_1000_diff1": 0.03922,
        "nauc_map_at_1_max": 0.504246,
        "nauc_map_at_1_std": -0.239335,
        "nauc_map_at_1_diff1": 0.181841,
        "nauc_map_at_3_max": 0.547667,
        "nauc_map_at_3_std": -0.202945,
        "nauc_map_at_3_diff1": 0.107162,
        "nauc_map_at_5_max": 0.556141,
        "nauc_map_at_5_std": -0.165608,
        "nauc_map_at_5_diff1": 0.084508,
        "nauc_map_at_10_max": 0.556141,
        "nauc_map_at_10_std": -0.165608,
        "nauc_map_at_10_diff1": 0.084508,
        "nauc_map_at_20_max": 0.556141,
        "nauc_map_at_20_std": -0.165608,
        "nauc_map_at_20_diff1": 0.084508,
        "nauc_map_at_100_max": 0.556141,
        "nauc_map_at_100_std": -0.165608,
        "nauc_map_at_100_diff1": 0.084508,
        "nauc_map_at_1000_max": 0.556141,
        "nauc_map_at_1000_std": -0.165608,
        "nauc_map_at_1000_diff1": 0.084508,
        "nauc_recall_at_1_max": 0.504246,
        "nauc_recall_at_1_std": -0.239335,
        "nauc_recall_at_1_diff1": 0.181841,
        "nauc_recall_at_3_max": 0.618281,
        "nauc_recall_at_3_std": -0.143206,
        "nauc_recall_at_3_diff1": 0.01788,
        "nauc_recall_at_5_max": 0.676196,
        "nauc_recall_at_5_std": 0.061375,
        "nauc_recall_at_5_diff1": -0.11288,
        "nauc_recall_at_10_max": 0.676196,
        "nauc_recall_at_10_std": 0.061375,
        "nauc_recall_at_10_diff1": -0.11288,
        "nauc_recall_at_20_max": 0.676196,
        "nauc_recall_at_20_std": 0.061375,
        "nauc_recall_at_20_diff1": -0.11288,
        "nauc_recall_at_100_max": 0.676196,
        "nauc_recall_at_100_std": 0.061375,
        "nauc_recall_at_100_diff1": -0.11288,
        "nauc_recall_at_1000_max": 0.676196,
        "nauc_recall_at_1000_std": 0.061375,
        "nauc_recall_at_1000_diff1": -0.11288,
        "nauc_precision_at_1_max": 0.504246,
        "nauc_precision_at_1_std": -0.239335,
        "nauc_precision_at_1_diff1": 0.181841,
        "nauc_precision_at_3_max": 0.618281,
        "nauc_precision_at_3_std": -0.143206,
        "nauc_precision_at_3_diff1": 0.01788,
        "nauc_precision_at_5_max": 0.676196,
        "nauc_precision_at_5_std": 0.061375,
        "nauc_precision_at_5_diff1": -0.11288,
        "nauc_precision_at_10_max": 0.676196,
        "nauc_precision_at_10_std": 0.061375,
        "nauc_precision_at_10_diff1": -0.11288,
        "nauc_precision_at_20_max": 0.676196,
        "nauc_precision_at_20_std": 0.061375,
        "nauc_precision_at_20_diff1": -0.11288,
        "nauc_precision_at_100_max": 0.676196,
        "nauc_precision_at_100_std": 0.061375,
        "nauc_precision_at_100_diff1": -0.11288,
        "nauc_precision_at_1000_max": 0.676196,
        "nauc_precision_at_1000_std": 0.061375,
        "nauc_precision_at_1000_diff1": -0.11288,
        "nauc_mrr_at_1_max": 0.512784,
        "nauc_mrr_at_1_std": -0.234266,
        "nauc_mrr_at_1_diff1": 0.145558,
        "nauc_mrr_at_3_max": 0.564331,
        "nauc_mrr_at_3_std": -0.189773,
        "nauc_mrr_at_3_diff1": 0.083173,
        "nauc_mrr_at_5_max": 0.573112,
        "nauc_mrr_at_5_std": -0.152048,
        "nauc_mrr_at_5_diff1": 0.060028,
        "nauc_mrr_at_10_max": 0.573112,
        "nauc_mrr_at_10_std": -0.152048,
        "nauc_mrr_at_10_diff1": 0.060028,
        "nauc_mrr_at_20_max": 0.573112,
        "nauc_mrr_at_20_std": -0.152048,
        "nauc_mrr_at_20_diff1": 0.060028,
        "nauc_mrr_at_100_max": 0.573112,
        "nauc_mrr_at_100_std": -0.152048,
        "nauc_mrr_at_100_diff1": 0.060028,
        "nauc_mrr_at_1000_max": 0.573112,
        "nauc_mrr_at_1000_std": -0.152048,
        "nauc_mrr_at_1000_diff1": 0.060028,
        "main_score": 0.54548,
        "hf_subset": "korean",
        "languages": [
          "kor-Hang"
        ]
      }
    ]
  },
  "evaluation_time": 174.82773852348328,
  "kg_co2_emissions": null
}