{
  "dataset_revision": "c99d599f0a6ab9b85b065da6f9d94f9cf731679f",
  "task_name": "XPQARetrieval",
  "mteb_version": "1.38.57",
  "scores": {
    "test": [
      {
        "ndcg_at_1": 0.40061,
        "ndcg_at_3": 0.46584,
        "ndcg_at_5": 0.50529,
        "ndcg_at_10": 0.54886,
        "ndcg_at_20": 0.59053,
        "ndcg_at_100": 0.61892,
        "ndcg_at_1000": 0.61892,
        "map_at_1": 0.28731,
        "map_at_3": 0.42746,
        "map_at_5": 0.45968,
        "map_at_10": 0.48168,
        "map_at_20": 0.49474,
        "map_at_100": 0.50077,
        "map_at_1000": 0.50077,
        "recall_at_1": 0.28731,
        "recall_at_3": 0.50808,
        "recall_at_5": 0.60288,
        "recall_at_10": 0.72339,
        "recall_at_20": 0.87436,
        "recall_at_100": 1.0,
        "recall_at_1000": 1.0,
        "precision_at_1": 0.40061,
        "precision_at_3": 0.26555,
        "precision_at_5": 0.19358,
        "precision_at_10": 0.11514,
        "precision_at_20": 0.06881,
        "precision_at_100": 0.01564,
        "precision_at_1000": 0.00156,
        "mrr_at_1": 0.406728,
        "mrr_at_3": 0.477574,
        "mrr_at_5": 0.496687,
        "mrr_at_10": 0.510955,
        "mrr_at_20": 0.520396,
        "mrr_at_100": 0.524015,
        "mrr_at_1000": 0.524015,
        "nauc_ndcg_at_1_max": 0.309514,
        "nauc_ndcg_at_1_std": -0.301761,
        "nauc_ndcg_at_1_diff1": 0.420183,
        "nauc_ndcg_at_3_max": 0.246802,
        "nauc_ndcg_at_3_std": -0.377462,
        "nauc_ndcg_at_3_diff1": 0.401538,
        "nauc_ndcg_at_5_max": 0.222627,
        "nauc_ndcg_at_5_std": -0.406137,
        "nauc_ndcg_at_5_diff1": 0.401439,
        "nauc_ndcg_at_10_max": 0.208711,
        "nauc_ndcg_at_10_std": -0.416599,
        "nauc_ndcg_at_10_diff1": 0.388619,
        "nauc_ndcg_at_20_max": 0.225259,
        "nauc_ndcg_at_20_std": -0.384912,
        "nauc_ndcg_at_20_diff1": 0.389245,
        "nauc_ndcg_at_100_max": 0.24824,
        "nauc_ndcg_at_100_std": -0.36381,
        "nauc_ndcg_at_100_diff1": 0.392609,
        "nauc_ndcg_at_1000_max": 0.24824,
        "nauc_ndcg_at_1000_std": -0.36381,
        "nauc_ndcg_at_1000_diff1": 0.392609,
        "nauc_map_at_1_max": 0.22216,
        "nauc_map_at_1_std": -0.315645,
        "nauc_map_at_1_diff1": 0.509116,
        "nauc_map_at_3_max": 0.25214,
        "nauc_map_at_3_std": -0.364361,
        "nauc_map_at_3_diff1": 0.408431,
        "nauc_map_at_5_max": 0.247471,
        "nauc_map_at_5_std": -0.373766,
        "nauc_map_at_5_diff1": 0.404056,
        "nauc_map_at_10_max": 0.239277,
        "nauc_map_at_10_std": -0.38054,
        "nauc_map_at_10_diff1": 0.398838,
        "nauc_map_at_20_max": 0.244989,
        "nauc_map_at_20_std": -0.369664,
        "nauc_map_at_20_diff1": 0.399007,
        "nauc_map_at_100_max": 0.249821,
        "nauc_map_at_100_std": -0.364617,
        "nauc_map_at_100_diff1": 0.398991,
        "nauc_map_at_1000_max": 0.249821,
        "nauc_map_at_1000_std": -0.364617,
        "nauc_map_at_1000_diff1": 0.398991,
        "nauc_recall_at_1_max": 0.22216,
        "nauc_recall_at_1_std": -0.315645,
        "nauc_recall_at_1_diff1": 0.509116,
        "nauc_recall_at_3_max": 0.187162,
        "nauc_recall_at_3_std": -0.427866,
        "nauc_recall_at_3_diff1": 0.387245,
        "nauc_recall_at_5_max": 0.129198,
        "nauc_recall_at_5_std": -0.499102,
        "nauc_recall_at_5_diff1": 0.378888,
        "nauc_recall_at_10_max": 0.059287,
        "nauc_recall_at_10_std": -0.562959,
        "nauc_recall_at_10_diff1": 0.332741,
        "nauc_recall_at_20_max": 0.038227,
        "nauc_recall_at_20_std": -0.511058,
        "nauc_recall_at_20_diff1": 0.31759,
        "nauc_recall_at_100_max": NaN,
        "nauc_recall_at_100_std": NaN,
        "nauc_recall_at_100_diff1": NaN,
        "nauc_recall_at_1000_max": NaN,
        "nauc_recall_at_1000_std": NaN,
        "nauc_recall_at_1000_diff1": NaN,
        "nauc_precision_at_1_max": 0.309514,
        "nauc_precision_at_1_std": -0.301761,
        "nauc_precision_at_1_diff1": 0.420183,
        "nauc_precision_at_3_max": 0.241382,
        "nauc_precision_at_3_std": -0.217988,
        "nauc_precision_at_3_diff1": 0.111447,
        "nauc_precision_at_5_max": 0.186126,
        "nauc_precision_at_5_std": -0.19911,
        "nauc_precision_at_5_diff1": 0.072505,
        "nauc_precision_at_10_max": 0.13604,
        "nauc_precision_at_10_std": -0.160358,
        "nauc_precision_at_10_diff1": -0.000815,
        "nauc_precision_at_20_max": 0.151038,
        "nauc_precision_at_20_std": 0.009815,
        "nauc_precision_at_20_diff1": -0.09611,
        "nauc_precision_at_100_max": 0.188191,
        "nauc_precision_at_100_std": 0.184948,
        "nauc_precision_at_100_diff1": -0.20699,
        "nauc_precision_at_1000_max": 0.188191,
        "nauc_precision_at_1000_std": 0.184948,
        "nauc_precision_at_1000_diff1": -0.20699,
        "nauc_mrr_at_1_max": 0.310613,
        "nauc_mrr_at_1_std": -0.297174,
        "nauc_mrr_at_1_diff1": 0.404152,
        "nauc_mrr_at_3_max": 0.267775,
        "nauc_mrr_at_3_std": -0.351715,
        "nauc_mrr_at_3_diff1": 0.396984,
        "nauc_mrr_at_5_max": 0.252146,
        "nauc_mrr_at_5_std": -0.36943,
        "nauc_mrr_at_5_diff1": 0.397571,
        "nauc_mrr_at_10_max": 0.251084,
        "nauc_mrr_at_10_std": -0.36836,
        "nauc_mrr_at_10_diff1": 0.392445,
        "nauc_mrr_at_20_max": 0.255015,
        "nauc_mrr_at_20_std": -0.361159,
        "nauc_mrr_at_20_diff1": 0.39287,
        "nauc_mrr_at_100_max": 0.256908,
        "nauc_mrr_at_100_std": -0.359748,
        "nauc_mrr_at_100_diff1": 0.394176,
        "nauc_mrr_at_1000_max": 0.256908,
        "nauc_mrr_at_1000_std": -0.359748,
        "nauc_mrr_at_1000_diff1": 0.394176,
        "main_score": 0.54886,
        "hf_subset": "kor-kor",
        "languages": [
          "kor-Hang",
          "kor-Hang"
        ]
      },
      {
        "ndcg_at_1": 0.05657,
        "ndcg_at_3": 0.045,
        "ndcg_at_5": 0.0451,
        "ndcg_at_10": 0.04708,
        "ndcg_at_20": 0.04708,
        "ndcg_at_100": 0.04742,
        "ndcg_at_1000": 0.04742,
        "map_at_1": 0.03012,
        "map_at_3": 0.03573,
        "map_at_5": 0.03667,
        "map_at_10": 0.03741,
        "map_at_20": 0.03741,
        "map_at_100": 0.03748,
        "map_at_1000": 0.03748,
        "recall_at_1": 0.03012,
        "recall_at_3": 0.04172,
        "recall_at_5": 0.04605,
        "recall_at_10": 0.05153,
        "recall_at_20": 0.05153,
        "recall_at_100": 0.05306,
        "recall_at_1000": 0.05306,
        "precision_at_1": 0.05657,
        "precision_at_3": 0.02599,
        "precision_at_5": 0.01713,
        "precision_at_10": 0.00948,
        "precision_at_20": 0.00474,
        "precision_at_100": 0.00096,
        "precision_at_1000": 0.0001,
        "mrr_at_1": 0.056575,
        "mrr_at_3": 0.06371,
        "mrr_at_5": 0.065316,
        "mrr_at_10": 0.066299,
        "mrr_at_20": 0.066299,
        "mrr_at_100": 0.066368,
        "mrr_at_1000": 0.066368,
        "nauc_ndcg_at_1_max": 0.686137,
        "nauc_ndcg_at_1_std": 0.649492,
        "nauc_ndcg_at_1_diff1": 0.756059,
        "nauc_ndcg_at_3_max": 0.598914,
        "nauc_ndcg_at_3_std": 0.573353,
        "nauc_ndcg_at_3_diff1": 0.646048,
        "nauc_ndcg_at_5_max": 0.591005,
        "nauc_ndcg_at_5_std": 0.568501,
        "nauc_ndcg_at_5_diff1": 0.637353,
        "nauc_ndcg_at_10_max": 0.58691,
        "nauc_ndcg_at_10_std": 0.569148,
        "nauc_ndcg_at_10_diff1": 0.620808,
        "nauc_ndcg_at_20_max": 0.58691,
        "nauc_ndcg_at_20_std": 0.569148,
        "nauc_ndcg_at_20_diff1": 0.620808,
        "nauc_ndcg_at_100_max": 0.582224,
        "nauc_ndcg_at_100_std": 0.564589,
        "nauc_ndcg_at_100_diff1": 0.617082,
        "nauc_ndcg_at_1000_max": 0.582224,
        "nauc_ndcg_at_1000_std": 0.564589,
        "nauc_ndcg_at_1000_diff1": 0.617082,
        "nauc_map_at_1_max": 0.668851,
        "nauc_map_at_1_std": 0.646793,